Họ tên,Nhóm khuyết tật,Kỹ năng,Khu vực,Liên hệ,Ghi chú
Đỗ Minh Đức,Khuyết tật vận động,"Viết lách, nghiên cứu thông tin, SEO cơ bản","Quận 1, TP.HCM",0956177572,Sẵn sàng đi làm ngay
Ngô Xuân Vinh,Khiếm thị,"Viết lách, nghiên cứu thông tin, SEO cơ bản","TP. Vinh, Nghệ An",0995202397,Sẵn sàng đi làm ngay
Võ Kim Vy,Đa khuyết tật nhẹ,"Photoshop, Illustrator, Canva, tư duy thẩm mỹ","Quận Đống Đa, Hà Nội",0953202156,Có thể bắt đầu sau 2 tuần
Dương Hữu Đức,Đa khuyết tật nhẹ,"Khéo tay, kiên nhẫn, tỉ mỉ","Quận Cầu Giấy, Hà Nội",0957218427,Sẵn sàng đi làm ngay
Huỳnh Thị Anh,"Khuyết tật thần kinh, tâm thần (ổn định)","Tin học văn phòng, kỹ năng sư phạm, kiên nhẫn","Quận Hai Bà Trưng, Hà Nội",0922137642,Sẵn sàng đi làm ngay
Bùi Thành Hải,Khuyết tật vận động,"Tin học văn phòng, kỹ năng sư phạm, kiên nhẫn",Làm việc từ xa (Remote toàn quốc),0945524800,Có thể bắt đầu sau 2 tuần
Ngô Anh Nam,Khuyết tật trí tuệ nhẹ,"Khéo tay, kiên nhẫn, tỉ mỉ","TP. Biên Hòa, Đồng Nai",0932621484,Sẵn sàng đi làm ngay
Lý Bích Mai,Khiếm thính,"Viết tin nhắn rõ ràng, kiên nhẫn, hiểu sản phẩm",TP. Cần Thơ,0949755786,Có thể bắt đầu sau 2 tuần
Đặng Ngọc Lan,Khuyết tật ngôn ngữ,"Photoshop, Illustrator, Canva, tư duy thẩm mỹ","TP. Nha Trang, Khánh Hòa",0922152370,Có thể bắt đầu sau 2 tuần
Lê Kim Nga,"Khuyết tật thần kinh, tâm thần (ổn định)","Nghe hiểu tốt, gõ phím nhanh, tập trung",TP. Đà Nẵng,0963251788,Sẵn sàng đi làm ngay
Đặng Thị Nga,Khuyết tật trí tuệ nhẹ,"Giao tiếp tốt, giọng nói rõ, xử lý tình huống",TP. Cần Thơ,0940175481,Sẵn sàng đi làm ngay
Bùi Thị Thảo,Khiếm thính,"Viết tin nhắn rõ ràng, kiên nhẫn, hiểu sản phẩm","TP. Thủ Đức, TP.HCM",0940127665,Có thể bắt đầu sau 2 tuần
Vũ Ngọc Hương,Khiếm thị,"Nghe hiểu tốt, gõ phím nhanh, tập trung","Quận Hai Bà Trưng, Hà Nội",0911666763,Sẵn sàng đi làm ngay
Dương Quang Phong,Khiếm thính,"Chốt sale qua tin nhắn, quản lý đơn hàng, Excel cơ bản",Làm việc từ xa (Remote toàn quốc),0934972287,Có thể bắt đầu sau 2 tuần
Đỗ Anh Long,Khuyết tật ngôn ngữ,"Viết tin nhắn rõ ràng, kiên nhẫn, hiểu sản phẩm","TP. Nha Trang, Khánh Hòa",0967890079,Sẵn sàng đi làm ngay
Trần Ngọc Nga,Khiếm thị,"Viết lách, nghiên cứu thông tin, SEO cơ bản","TP. Thủ Dầu Một, Bình Dương",0943137733,Có thể bắt đầu sau 2 tuần
Lý Kim Anh,Khuyết tật ngôn ngữ,"Photoshop, Illustrator, Canva, tư duy thẩm mỹ","Quận Tân Bình, TP.HCM",0973852434,Sẵn sàng đi làm ngay
Đỗ Quang Tuấn,Khiếm thính,"Chốt sale qua tin nhắn, quản lý đơn hàng, Excel cơ bản","Quận Hai Bà Trưng, Hà Nội",0946122478,Sẵn sàng đi làm ngay
Vũ Thị Hương,Khiếm thính,"Cẩn thận, làm theo quy trình, sức khỏe ổn định","TP. Vinh, Nghệ An",0912968249,Sẵn sàng đi làm ngay
Lý Đình Sơn,Khuyết tật ngôn ngữ,"MISA, Excel, nghiệp vụ kế toán","Quận 3, TP.HCM",0957568410,Sẵn sàng đi làm ngay
Lý Bích Ngọc,"Khuyết tật thần kinh, tâm thần (ổn định)","Giao tiếp tốt, giọng nói rõ, xử lý tình huống",TP. Đà Nẵng,0975875378,Sẵn sàng đi làm ngay
Phạm Thu Mai,Đa khuyết tật nhẹ,"Photoshop, Illustrator, Canva, tư duy thẩm mỹ","TP. Nha Trang, Khánh Hòa",0950890916,Sẵn sàng đi làm ngay
Lê Bích Ngọc,Khuyết tật ngôn ngữ,"Chốt sale qua tin nhắn, quản lý đơn hàng, Excel cơ bản",TP. Huế,0952205917,Có thể bắt đầu sau 2 tuần
Đặng Hữu Bảo,Khuyết tật ngôn ngữ,"Tin học văn phòng, gõ phím nhanh, cẩn thận, tỉ mỉ","TP. Thủ Dầu Một, Bình Dương",0918540104,Sẵn sàng đi làm ngay
Phạm Diệu Hương,"Khuyết tật thần kinh, tâm thần (ổn định)","Python, SQL, Git, tư duy logic","Quận Đống Đa, Hà Nội",0934325365,Sẵn sàng đi làm ngay
Trần Thành Bảo,Khuyết tật trí tuệ nhẹ,"Giao tiếp tốt, giọng nói rõ, xử lý tình huống","TP. Biên Hòa, Đồng Nai",0962002811,Có thể bắt đầu sau 2 tuần
Dương Hữu Long,Khuyết tật trí tuệ nhẹ,"Cẩn thận, làm theo quy trình, sức khỏe ổn định","TP. Thủ Đức, TP.HCM",0957668359,Sẵn sàng đi làm ngay
Trần Thành Hải,Khuyết tật trí tuệ nhẹ,"Khéo tay, kiên nhẫn, tỉ mỉ",Làm việc từ xa (Remote toàn quốc),0940419133,Sẵn sàng đi làm ngay
Huỳnh Hữu Khoa,"Khuyết tật thần kinh, tâm thần (ổn định)","Cẩn thận, làm theo quy trình, sức khỏe ổn định","Quận Bình Thạnh, TP.HCM",0944597012,Sẵn sàng đi làm ngay
Bùi Đình Hùng,Khuyết tật ngôn ngữ,"Tin học văn phòng, gõ phím nhanh, cẩn thận, tỉ mỉ","Quận 3, TP.HCM",0981017414,Sẵn sàng đi làm ngay
Nguyễn Kim Ngọc,Khuyết tật vận động,"Viết lách, nghiên cứu thông tin, SEO cơ bản",TP. Cần Thơ,0960309638,Có thể bắt đầu sau 2 tuần
Lê Thu Lan,Khiếm thị,"Nghe hiểu tốt, gõ phím nhanh, tập trung",Làm việc từ xa (Remote toàn quốc),0930759612,Sẵn sàng đi làm ngay
Đỗ Diệu Hương,Khuyết tật ngôn ngữ,"Photoshop, Illustrator, Canva, tư duy thẩm mỹ","TP. Vinh, Nghệ An",0978092509,Sẵn sàng đi làm ngay
Đặng Hữu Long,Đa khuyết tật nhẹ,"Khéo tay, kiên nhẫn, tỉ mỉ","Quận 1, TP.HCM",0949115199,Sẵn sàng đi làm ngay
Lý Quang Bảo,"Khuyết tật thần kinh, tâm thần (ổn định)","Python, SQL, Git, tư duy logic","Quận Cầu Giấy, Hà Nội",0930837653,Có thể bắt đầu sau 2 tuần
Ngô Hữu Kiên,Khuyết tật vận động,"Khéo tay, kiên nhẫn, tỉ mỉ","TP. Nha Trang, Khánh Hòa",0984418609,Sẵn sàng đi làm ngay
Phạm Mỹ Linh,Khiếm thị,"Viết lách, nghiên cứu thông tin, SEO cơ bản","TP. Thủ Đức, TP.HCM",0964262173,Sẵn sàng đi làm ngay
Dương Bích Vy,Khiếm thính,"Cẩn thận, làm theo quy trình, sức khỏe ổn định","Quận Tân Bình, TP.HCM",0953023903,Có thể bắt đầu sau 2 tuần
Ngô Ngọc Trang,Khuyết tật ngôn ngữ,"Viết lách, nghiên cứu thông tin, SEO cơ bản","TP. Nha Trang, Khánh Hòa",0952992142,Sẵn sàng đi làm ngay
Bùi Thành Phong,Đa khuyết tật nhẹ,"Photoshop, Illustrator, Canva, tư duy thẩm mỹ",TP. Cần Thơ,0921058049,Sẵn sàng đi làm ngay
Võ Thành Long,Khuyết tật trí tuệ nhẹ,"Giao tiếp tốt, giọng nói rõ, xử lý tình huống","TP. Biên Hòa, Đồng Nai",0976788701,Có thể bắt đầu sau 2 tuần
Võ Ngọc Lan,Đa khuyết tật nhẹ,"Khéo tay, kiên nhẫn, tỉ mỉ","Quận 3, TP.HCM",0951220925,Có thể bắt đầu sau 2 tuần
Bùi Văn Khoa,"Khuyết tật thần kinh, tâm thần (ổn định)","Ngôn ngữ ký hiệu, biên tập video cơ bản","Quận Cầu Giấy, Hà Nội",0913753144,Sẵn sàng đi làm ngay
Huỳnh Thị Vy,Khuyết tật vận động,"Viết lách, nghiên cứu thông tin, SEO cơ bản","Quận Đống Đa, Hà Nội",0968224195,Có thể bắt đầu sau 2 tuần
Võ Văn Hải,Khuyết tật ngôn ngữ,"Chốt sale qua tin nhắn, quản lý đơn hàng, Excel cơ bản","Quận Cầu Giấy, Hà Nội",0923240677,Sẵn sàng đi làm ngay
Trần Mỹ Linh,Khiếm thị,"Nghe hiểu tốt, gõ phím nhanh, tập trung","TP. Biên Hòa, Đồng Nai",0986657828,Sẵn sàng đi làm ngay
Phạm Thị Trang,Khiếm thính,"Tin học văn phòng, gõ phím nhanh, cẩn thận, tỉ mỉ","TP. Nha Trang, Khánh Hòa",0910636028,Có thể bắt đầu sau 2 tuần
Lê Diệu Linh,"Khuyết tật thần kinh, tâm thần (ổn định)","Chốt sale qua tin nhắn, quản lý đơn hàng, Excel cơ bản","TP. Biên Hòa, Đồng Nai",0959899973,Có thể bắt đầu sau 2 tuần
Lê Kim Vy,Khuyết tật trí tuệ nhẹ,"Giao tiếp tốt, giọng nói rõ, xử lý tình huống","TP. Thủ Đức, TP.HCM",0944653043,Có thể bắt đầu sau 2 tuần
Lý Thu Yến,Khuyết tật trí tuệ nhẹ,"Khéo tay, kiên nhẫn, tỉ mỉ","Quận Đống Đa, Hà Nội",0911372698,Sẵn sàng đi làm ngay
Dương Diệu Thảo,Khuyết tật trí tuệ nhẹ,"Cẩn thận, làm theo quy trình, sức khỏe ổn định",TP. Đà Nẵng,0944014192,Sẵn sàng đi làm ngay
Nguyễn Mỹ Hương,"Khuyết tật thần kinh, tâm thần (ổn định)","MISA, Excel, nghiệp vụ kế toán","TP. Nha Trang, Khánh Hòa",0998981391,Sẵn sàng đi làm ngay
Trần Xuân Sơn,Khiếm thính,"Ngôn ngữ ký hiệu, biên tập video cơ bản","Quận Tân Bình, TP.HCM",0934609969,Sẵn sàng đi làm ngay
Hoàng Thu Ngọc,Khiếm thị,"Viết lách, nghiên cứu thông tin, SEO cơ bản","TP. Nha Trang, Khánh Hòa",0945097827,Sẵn sàng đi làm ngay
Trần Mỹ Linh,Khiếm thính,"Khéo tay, kiên nhẫn, tỉ mỉ","Quận Đống Đa, Hà Nội",0927061090,Sẵn sàng đi làm ngay
Trần Văn Phong,Khiếm thính,"Cẩn thận, làm theo quy trình, sức khỏe ổn định",Làm việc từ xa (Remote toàn quốc),0934760262,Sẵn sàng đi làm ngay
Phạm Anh Tuấn,"Khuyết tật thần kinh, tâm thần (ổn định)","Tin học văn phòng, kỹ năng sư phạm, kiên nhẫn","Quận Bình Thạnh, TP.HCM",0929160749,Sẵn sàng đi làm ngay
Ngô Anh Hùng,Đa khuyết tật nhẹ,"Photoshop, Illustrator, Canva, tư duy thẩm mỹ","Quận Đống Đa, Hà Nội",0986343225,Sẵn sàng đi làm ngay
Lý Xuân Hải,Khiếm thị,"Viết lách, nghiên cứu thông tin, SEO cơ bản",TP. Đà Nẵng,0996454359,Sẵn sàng đi làm ngay
Võ Đình Kiên,Khuyết tật trí tuệ nhẹ,"May công nghiệp, tỉ mỉ, chịu được áp lực dây chuyền",TP. Cần Thơ,0936083751,Sẵn sàng đi làm ngay
Dương Quang Bảo,"Khuyết tật thần kinh, tâm thần (ổn định)","Viết lách, nghiên cứu thông tin, SEO cơ bản","Quận 1, TP.HCM",0980941666,Sẵn sàng đi làm ngay
Nguyễn Hữu Phong,Khiếm thị,"Nghe hiểu tốt, gõ phím nhanh, tập trung","TP. Biên Hòa, Đồng Nai",0979531133,Sẵn sàng đi làm ngay
Đỗ Thu Hoa,Khuyết tật ngôn ngữ,"MISA, Excel, nghiệp vụ kế toán","Quận Cầu Giấy, Hà Nội",0929258428,Có thể bắt đầu sau 2 tuần
Phan Văn Phong,"Khuyết tật thần kinh, tâm thần (ổn định)","Viết tin nhắn rõ ràng, kiên nhẫn, hiểu sản phẩm","Quận 1, TP.HCM",0986095382,Sẵn sàng đi làm ngay
Nguyễn Mỹ Ngọc,Khiếm thị,"Xoa bóp bấm huyệt, cảm nhận cơ thể tốt","Quận Bình Thạnh, TP.HCM",0996542269,Sẵn sàng đi làm ngay
Vũ Ngọc Vy,"Khuyết tật thần kinh, tâm thần (ổn định)","Khéo tay, kiên nhẫn, tỉ mỉ","TP. Nha Trang, Khánh Hòa",0975842162,Sẵn sàng đi làm ngay
Vũ Ngọc Thảo,Khuyết tật vận động,"Chốt sale qua tin nhắn, quản lý đơn hàng, Excel cơ bản","TP. Vinh, Nghệ An",0982001727,Có thể bắt đầu sau 2 tuần
Bùi Mỹ Trang,Khiếm thị,"Nghe hiểu tốt, gõ phím nhanh, tập trung",TP. Cần Thơ,0931517336,Sẵn sàng đi làm ngay
Lê Thành Vinh,Khiếm thính,"Khéo tay, kiên nhẫn, tỉ mỉ",TP. Cần Thơ,0982678701,Có thể bắt đầu sau 2 tuần
Phạm Mỹ Yến,Khuyết tật trí tuệ nhẹ,"May công nghiệp, tỉ mỉ, chịu được áp lực dây chuyền","TP. Thủ Dầu Một, Bình Dương",0971818207,Có thể bắt đầu sau 2 tuần
Huỳnh Thành Nam,Khuyết tật trí tuệ nhẹ,"Cẩn thận, làm theo quy trình, sức khỏe ổn định","TP. Vinh, Nghệ An",0981126909,Sẵn sàng đi làm ngay
Dương Diệu Ngọc,Khiếm thị,"Nghe hiểu tốt, gõ phím nhanh, tập trung","Quận Đống Đa, Hà Nội",0958776722,Có thể bắt đầu sau 2 tuần
Huỳnh Ngọc Yến,Khuyết tật ngôn ngữ,"Chốt sale qua tin nhắn, quản lý đơn hàng, Excel cơ bản",TP. Huế,0928969191,Sẵn sàng đi làm ngay
Hoàng Diệu Ngọc,Khuyết tật ngôn ngữ,"MISA, Excel, nghiệp vụ kế toán","TP. Vinh, Nghệ An",0965313521,Sẵn sàng đi làm ngay
Bùi Thành Nam,Khiếm thị,"Viết lách, nghiên cứu thông tin, SEO cơ bản","Quận Cầu Giấy, Hà Nội",0969455815,Sẵn sàng đi làm ngay
Hoàng Bích Ngọc,Khiếm thị,"Tin học văn phòng, kỹ năng sư phạm, kiên nhẫn","Quận Cầu Giấy, Hà Nội",0930918595,Sẵn sàng đi làm ngay
Lê Xuân Hải,Khuyết tật ngôn ngữ,"Chốt sale qua tin nhắn, quản lý đơn hàng, Excel cơ bản","Quận Đống Đa, Hà Nội",0927522806,Có thể bắt đầu sau 2 tuần
Bùi Hữu Sơn,Khuyết tật trí tuệ nhẹ,"Khéo tay, kiên nhẫn, tỉ mỉ","Quận 3, TP.HCM",0912881127,Sẵn sàng đi làm ngay
Dương Anh Hải,Đa khuyết tật nhẹ,"Photoshop, Illustrator, Canva, tư duy thẩm mỹ","TP. Biên Hòa, Đồng Nai",0930213583,Có thể bắt đầu sau 2 tuần
Đặng Kim Thảo,Khuyết tật vận động,"Photoshop, Illustrator, Canva, tư duy thẩm mỹ","TP. Thủ Dầu Một, Bình Dương",0973765142,Sẵn sàng đi làm ngay
Trần Ngọc Hương,Khiếm thị,"Viết lách, nghiên cứu thông tin, SEO cơ bản",TP. Cần Thơ,0931911949,Sẵn sàng đi làm ngay
Lê Bích Thảo,Khuyết tật ngôn ngữ,"Viết lách, nghiên cứu thông tin, SEO cơ bản",TP. Huế,0947746670,Sẵn sàng đi làm ngay
Lý Văn Nam,Khiếm thị,"Xoa bóp bấm huyệt, cảm nhận cơ thể tốt","TP. Thủ Đức, TP.HCM",0961130128,Sẵn sàng đi làm ngay
Đặng Diệu Nga,Khuyết tật trí tuệ nhẹ,"May công nghiệp, tỉ mỉ, chịu được áp lực dây chuyền","Quận 1, TP.HCM",0969181497,Sẵn sàng đi làm ngay
Vũ Kim Nga,Khiếm thị,"Tin học văn phòng, kỹ năng sư phạm, kiên nhẫn","Quận 1, TP.HCM",0955604049,Có thể bắt đầu sau 2 tuần
Lê Bích Yến,Khuyết tật vận động,"Photoshop, Illustrator, Canva, tư duy thẩm mỹ","Quận Cầu Giấy, Hà Nội",0930063671,Sẵn sàng đi làm ngay
Bùi Hữu Đức,Đa khuyết tật nhẹ,"Cẩn thận, làm theo quy trình, sức khỏe ổn định","Quận Đống Đa, Hà Nội",0990908131,Có thể bắt đầu sau 2 tuần
Lê Minh Hải,Khuyết tật trí tuệ nhẹ,"Giao tiếp tốt, giọng nói rõ, xử lý tình huống",TP. Huế,0978910441,Sẵn sàng đi làm ngay
Huỳnh Thị Vy,Khuyết tật ngôn ngữ,"Tin học văn phòng, gõ phím nhanh, cẩn thận, tỉ mỉ",Làm việc từ xa (Remote toàn quốc),0942051720,Có thể bắt đầu sau 2 tuần
Huỳnh Xuân Kiên,Khuyết tật vận động,"Khéo tay, kiên nhẫn, tỉ mỉ",TP. Huế,0920770192,Sẵn sàng đi làm ngay
Đỗ Thu Yến,Khiếm thính,"Python, SQL, Git, tư duy logic","Quận 1, TP.HCM",0936795548,Có thể bắt đầu sau 2 tuần
Đỗ Bích Yến,Khuyết tật trí tuệ nhẹ,"Cẩn thận, làm theo quy trình, sức khỏe ổn định","Quận 3, TP.HCM",0955048155,Sẵn sàng đi làm ngay
Phan Ngọc Nga,Khuyết tật ngôn ngữ,"Chốt sale qua tin nhắn, quản lý đơn hàng, Excel cơ bản",TP. Huế,0945109738,Sẵn sàng đi làm ngay
Trần Bích Lan,Khuyết tật trí tuệ nhẹ,"Khéo tay, kiên nhẫn, tỉ mỉ",TP. Đà Nẵng,0999418882,Có thể bắt đầu sau 2 tuần
Nguyễn Diệu Lan,Đa khuyết tật nhẹ,"Cẩn thận, làm theo quy trình, sức khỏe ổn định","Quận Tân Bình, TP.HCM",0942609677,Sẵn sàng đi làm ngay
Đặng Diệu Lan,Khuyết tật vận động,"Photoshop, Illustrator, Canva, tư duy thẩm mỹ","TP. Thủ Đức, TP.HCM",0920121566,Sẵn sàng đi làm ngay
Lê Diệu Thảo,Khiếm thính,"May công nghiệp, tỉ mỉ, chịu được áp lực dây chuyền","Quận Bình Thạnh, TP.HCM",0994691777,Có thể bắt đầu sau 2 tuần
Đặng Đình Hải,Đa khuyết tật nhẹ,"Cẩn thận, làm theo quy trình, sức khỏe ổn định","Quận Tân Bình, TP.HCM",0920892520,Sẵn sàng đi làm ngay
Phan Ngọc Linh,"Khuyết tật thần kinh, tâm thần (ổn định)","Photoshop, Illustrator, Canva, tư duy thẩm mỹ","Quận 1, TP.HCM",0916710702,Có thể bắt đầu sau 2 tuần
Vũ Bích Thảo,Khuyết tật trí tuệ nhẹ,"Khéo tay, kiên nhẫn, tỉ mỉ","Quận Đống Đa, Hà Nội",0991263173,Có thể bắt đầu sau 2 tuần
Vũ Văn Sơn,Khuyết tật trí tuệ nhẹ,"Khéo tay, kiên nhẫn, tỉ mỉ","Quận 3, TP.HCM",0933602309,Có thể bắt đầu sau 2 tuần
Đỗ Hữu Hải,Khuyết tật vận động,"Python, SQL, Git, tư duy logic","Quận Đống Đa, Hà Nội",0935105164,Có thể bắt đầu sau 2 tuần
Phan Kim Trang,Đa khuyết tật nhẹ,"Photoshop, Illustrator, Canva, tư duy thẩm mỹ","Quận Cầu Giấy, Hà Nội",0990739206,Sẵn sàng đi làm ngay
Phan Anh Vinh,"Khuyết tật thần kinh, tâm thần (ổn định)","Giao tiếp tốt, giọng nói rõ, xử lý tình huống","Quận Đống Đa, Hà Nội",0942315695,Sẵn sàng đi làm ngay
Hoàng Thị Hoa,"Khuyết tật thần kinh, tâm thần (ổn định)","Ngôn ngữ ký hiệu, biên tập video cơ bản",TP. Đà Nẵng,0918426588,Sẵn sàng đi làm ngay
Trần Bích Thảo,"Khuyết tật thần kinh, tâm thần (ổn định)","Tin học văn phòng, gõ phím nhanh, cẩn thận, tỉ mỉ",TP. Huế,0911610470,Có thể bắt đầu sau 2 tuần
Đặng Thu Anh,"Khuyết tật thần kinh, tâm thần (ổn định)","Photoshop, Illustrator, Canva, tư duy thẩm mỹ","TP. Biên Hòa, Đồng Nai",0991269754,Sẵn sàng đi làm ngay
Đỗ Mỹ Nga,Khiếm thính,"Chốt sale qua tin nhắn, quản lý đơn hàng, Excel cơ bản",TP. Đà Nẵng,0974484747,Sẵn sàng đi làm ngay
Võ Ngọc Linh,Khuyết tật vận động,"Khéo tay, kiên nhẫn, tỉ mỉ","TP. Biên Hòa, Đồng Nai",0988816559,Sẵn sàng đi làm ngay
Vũ Thu Yến,"Khuyết tật thần kinh, tâm thần (ổn định)","Xoa bóp bấm huyệt, cảm nhận cơ thể tốt",TP. Huế,0972226540,Có thể bắt đầu sau 2 tuần
Lê Mỹ Yến,Khuyết tật trí tuệ nhẹ,"Cẩn thận, làm theo quy trình, sức khỏe ổn định","TP. Thủ Đức, TP.HCM",0913285625,Có thể bắt đầu sau 2 tuần
Dương Mỹ Nga,Đa khuyết tật nhẹ,"Khéo tay, kiên nhẫn, tỉ mỉ","TP. Nha Trang, Khánh Hòa",0911872359,Sẵn sàng đi làm ngay
Lê Ngọc Linh,Đa khuyết tật nhẹ,"Cẩn thận, làm theo quy trình, sức khỏe ổn định","Quận Cầu Giấy, Hà Nội",0922730042,Sẵn sàng đi làm ngay
Huỳnh Xuân Phong,Khuyết tật trí tuệ nhẹ,"May công nghiệp, tỉ mỉ, chịu được áp lực dây chuyền",TP. Đà Nẵng,0931248859,Sẵn sàng đi làm ngay
Phạm Xuân Phong,Đa khuyết tật nhẹ,"Cẩn thận, làm theo quy trình, sức khỏe ổn định",TP. Đà Nẵng,0968399149,Có thể bắt đầu sau 2 tuần
Huỳnh Thị Nga,Khiếm thị,"Tin học văn phòng, kỹ năng sư phạm, kiên nhẫn","Quận 3, TP.HCM",0973981624,Sẵn sàng đi làm ngay
Ngô Xuân Hùng,Khiếm thị,"Nghe hiểu tốt, gõ phím nhanh, tập trung",Làm việc từ xa (Remote toàn quốc),0951340090,Sẵn sàng đi làm ngay
Bùi Kim Lan,Khuyết tật vận động,"Chốt sale qua tin nhắn, quản lý đơn hàng, Excel cơ bản",TP. Cần Thơ,0990411964,Sẵn sàng đi làm ngay
Ngô Ngọc Nga,Khuyết tật vận động,"Nghe hiểu tốt, gõ phím nhanh, tập trung","TP. Thủ Dầu Một, Bình Dương",0985876997,Có thể bắt đầu sau 2 tuần
Huỳnh Quang Đức,Khiếm thính,"Tin học văn phòng, gõ phím nhanh, cẩn thận, tỉ mỉ","TP. Vinh, Nghệ An",0941331564,Có thể bắt đầu sau 2 tuần
Ngô Anh Bảo,Khuyết tật vận động,"Chốt sale qua tin nhắn, quản lý đơn hàng, Excel cơ bản",Làm việc từ xa (Remote toàn quốc),0954434217,Sẵn sàng đi làm ngay
Đỗ Ngọc Linh,Khiếm thị,"Viết lách, nghiên cứu thông tin, SEO cơ bản","Quận Hai Bà Trưng, Hà Nội",0975577160,Sẵn sàng đi làm ngay
Phan Kim Nga,Khiếm thính,"May công nghiệp, tỉ mỉ, chịu được áp lực dây chuyền","Quận Tân Bình, TP.HCM",0920912930,Sẵn sàng đi làm ngay
Vũ Quang Long,Khuyết tật trí tuệ nhẹ,"Khéo tay, kiên nhẫn, tỉ mỉ","Quận Bình Thạnh, TP.HCM",0929204323,Sẵn sàng đi làm ngay
Phạm Văn Đức,Đa khuyết tật nhẹ,"Photoshop, Illustrator, Canva, tư duy thẩm mỹ",Làm việc từ xa (Remote toàn quốc),0957804163,Có thể bắt đầu sau 2 tuần
Huỳnh Anh Bảo,Khuyết tật trí tuệ nhẹ,"May công nghiệp, tỉ mỉ, chịu được áp lực dây chuyền",TP. Đà Nẵng,0981982332,Sẵn sàng đi làm ngay
Lý Thị Trang,Đa khuyết tật nhẹ,"Cẩn thận, làm theo quy trình, sức khỏe ổn định","Quận Đống Đa, Hà Nội",0918128621,Có thể bắt đầu sau 2 tuần
Ngô Văn Long,Khiếm thị,"Viết lách, nghiên cứu thông tin, SEO cơ bản","Quận Hai Bà Trưng, Hà Nội",0945029200,Sẵn sàng đi làm ngay
Bùi Mỹ Lan,Khuyết tật vận động,"Tin học văn phòng, gõ phím nhanh, cẩn thận, tỉ mỉ","Quận 1, TP.HCM",0959476902,Sẵn sàng đi làm ngay
Võ Xuân Đức,Khiếm thị,"Tin học văn phòng, kỹ năng sư phạm, kiên nhẫn","TP. Nha Trang, Khánh Hòa",0924461271,Có thể bắt đầu sau 2 tuần
Đỗ Thu Hương,Khuyết tật trí tuệ nhẹ,"Khéo tay, kiên nhẫn, tỉ mỉ","Quận Đống Đa, Hà Nội",0988716058,Sẵn sàng đi làm ngay
Dương Xuân Đức,Khiếm thính,"Photoshop, Illustrator, Canva, tư duy thẩm mỹ","Quận 3, TP.HCM",0929025744,Sẵn sàng đi làm ngay
Bùi Anh Phong,"Khuyết tật thần kinh, tâm thần (ổn định)","Nghe hiểu tốt, gõ phím nhanh, tập trung","Quận 1, TP.HCM",0933890545,Sẵn sàng đi làm ngay
Huỳnh Kim Hoa,Đa khuyết tật nhẹ,"Photoshop, Illustrator, Canva, tư duy thẩm mỹ",TP. Cần Thơ,0978680335,Sẵn sàng đi làm ngay
Vũ Hữu Nam,"Khuyết tật thần kinh, tâm thần (ổn định)","MISA, Excel, nghiệp vụ kế toán","TP. Thủ Đức, TP.HCM",0930343371,Sẵn sàng đi làm ngay
Ngô Anh Đức,Khiếm thị,"Nghe hiểu tốt, gõ phím nhanh, tập trung","Quận Bình Thạnh, TP.HCM",0920892939,Sẵn sàng đi làm ngay
Phan Kim Yến,Đa khuyết tật nhẹ,"Photoshop, Illustrator, Canva, tư duy thẩm mỹ",Làm việc từ xa (Remote toàn quốc),0996143448,Có thể bắt đầu sau 2 tuần
Dương Đình Sơn,"Khuyết tật thần kinh, tâm thần (ổn định)","Python, SQL, Git, tư duy logic","Quận Bình Thạnh, TP.HCM",0944997902,Sẵn sàng đi làm ngay
Nguyễn Bích Linh,Khiếm thính,"Ngôn ngữ ký hiệu, biên tập video cơ bản","Quận 1, TP.HCM",0974249118,Sẵn sàng đi làm ngay
Dương Anh Đức,Khiếm thị,"Nghe hiểu tốt, gõ phím nhanh, tập trung","TP. Thủ Đức, TP.HCM",0962012760,Có thể bắt đầu sau 2 tuần
Võ Mỹ Hoa,"Khuyết tật thần kinh, tâm thần (ổn định)","Nghe hiểu tốt, gõ phím nhanh, tập trung","Quận 1, TP.HCM",0999877837,Có thể bắt đầu sau 2 tuần
Phạm Ngọc Linh,Khuyết tật trí tuệ nhẹ,"Giao tiếp tốt, giọng nói rõ, xử lý tình huống","Quận 3, TP.HCM",0988213929,Sẵn sàng đi làm ngay
Võ Ngọc Yến,Khuyết tật vận động,"Photoshop, Illustrator, Canva, tư duy thẩm mỹ","TP. Thủ Dầu Một, Bình Dương",0938558624,Sẵn sàng đi làm ngay
Hoàng Kim Yến,Khiếm thính,"Ngôn ngữ ký hiệu, biên tập video cơ bản",TP. Cần Thơ,0931456491,Có thể bắt đầu sau 2 tuần
Huỳnh Minh Phong,Đa khuyết tật nhẹ,"Cẩn thận, làm theo quy trình, sức khỏe ổn định",TP. Đà Nẵng,0925994412,Sẵn sàng đi làm ngay
Đặng Bích Mai,Khuyết tật trí tuệ nhẹ,"Giao tiếp tốt, giọng nói rõ, xử lý tình huống","TP. Vinh, Nghệ An",0964450900,Sẵn sàng đi làm ngay
Ngô Quang Hải,Khiếm thính,"Tin học văn phòng, gõ phím nhanh, cẩn thận, tỉ mỉ","TP. Nha Trang, Khánh Hòa",0986531884,Có thể bắt đầu sau 2 tuần
Lý Thu Nga,Khuyết tật vận động,"Chốt sale qua tin nhắn, quản lý đơn hàng, Excel cơ bản","Quận Đống Đa, Hà Nội",0972247467,Sẵn sàng đi làm ngay
Phạm Thu Hoa,"Khuyết tật thần kinh, tâm thần (ổn định)","Viết tin nhắn rõ ràng, kiên nhẫn, hiểu sản phẩm",TP. Đà Nẵng,0939047877,Có thể bắt đầu sau 2 tuần
Vũ Mỹ Anh,Đa khuyết tật nhẹ,"Khéo tay, kiên nhẫn, tỉ mỉ","Quận Đống Đa, Hà Nội",0953937353,Sẵn sàng đi làm ngay
Vũ Thu Vy,Khuyết tật trí tuệ nhẹ,"May công nghiệp, tỉ mỉ, chịu được áp lực dây chuyền",Làm việc từ xa (Remote toàn quốc),0943355581,Sẵn sàng đi làm ngay
Đặng Văn Long,Khiếm thính,"Tin học văn phòng, gõ phím nhanh, cẩn thận, tỉ mỉ","Quận 1, TP.HCM",0910001272,Sẵn sàng đi làm ngay
Nguyễn Quang Phong,Khuyết tật trí tuệ nhẹ,"May công nghiệp, tỉ mỉ, chịu được áp lực dây chuyền","Quận Tân Bình, TP.HCM",0960039183,Sẵn sàng đi làm ngay
Ngô Hữu Long,Khuyết tật trí tuệ nhẹ,"Giao tiếp tốt, giọng nói rõ, xử lý tình huống",TP. Cần Thơ,0929037185,Sẵn sàng đi làm ngay
Lý Bích Hoa,Đa khuyết tật nhẹ,"Photoshop, Illustrator, Canva, tư duy thẩm mỹ","Quận Tân Bình, TP.HCM",0973955393,Sẵn sàng đi làm ngay
Vũ Kim Anh,Khiếm thính,"Photoshop, Illustrator, Canva, tư duy thẩm mỹ","Quận Hai Bà Trưng, Hà Nội",0984818976,Sẵn sàng đi làm ngay
Trần Ngọc Linh,Khiếm thính,"Chốt sale qua tin nhắn, quản lý đơn hàng, Excel cơ bản",Làm việc từ xa (Remote toàn quốc),0918745327,Sẵn sàng đi làm ngay
Vũ Xuân Phong,Khuyết tật trí tuệ nhẹ,"Giao tiếp tốt, giọng nói rõ, xử lý tình huống","Quận 3, TP.HCM",0933491174,Có thể bắt đầu sau 2 tuần
Ngô Bích Trang,Khuyết tật ngôn ngữ,"Tin học văn phòng, gõ phím nhanh, cẩn thận, tỉ mỉ","Quận Bình Thạnh, TP.HCM",0974313267,Sẵn sàng đi làm ngay
Dương Xuân Hùng,Khuyết tật vận động,"Tin học văn phòng, gõ phím nhanh, cẩn thận, tỉ mỉ",TP. Đà Nẵng,0997265980,Sẵn sàng đi làm ngay
Võ Mỹ Linh,Khuyết tật ngôn ngữ,"Chốt sale qua tin nhắn, quản lý đơn hàng, Excel cơ bản",TP. Huế,0916347764,Sẵn sàng đi làm ngay
Vũ Kim Hương,Khiếm thính,"Chốt sale qua tin nhắn, quản lý đơn hàng, Excel cơ bản","TP. Thủ Dầu Một, Bình Dương",0960099110,Sẵn sàng đi làm ngay
Huỳnh Thu Yến,Khuyết tật vận động,"MISA, Excel, nghiệp vụ kế toán","TP. Thủ Đức, TP.HCM",0933348882,Sẵn sàng đi làm ngay
Ngô Xuân Kiên,Khuyết tật vận động,"Khéo tay, kiên nhẫn, tỉ mỉ","TP. Thủ Dầu Một, Bình Dương",0982782058,Sẵn sàng đi làm ngay
Lý Anh Kiên,Khuyết tật trí tuệ nhẹ,"Giao tiếp tốt, giọng nói rõ, xử lý tình huống",TP. Đà Nẵng,0972619975,Sẵn sàng đi làm ngay
Lý Đình Bảo,Khuyết tật ngôn ngữ,"Chốt sale qua tin nhắn, quản lý đơn hàng, Excel cơ bản","Quận Cầu Giấy, Hà Nội",0955855470,Sẵn sàng đi làm ngay
Dương Ngọc Linh,Đa khuyết tật nhẹ,"Cẩn thận, làm theo quy trình, sức khỏe ổn định","Quận Cầu Giấy, Hà Nội",0963197220,Sẵn sàng đi làm ngay
Võ Văn Long,Khuyết tật trí tuệ nhẹ,"Giao tiếp tốt, giọng nói rõ, xử lý tình huống","Quận 3, TP.HCM",0983879955,Sẵn sàng đi làm ngay
Vũ Anh Khoa,Khiếm thị,"Nghe hiểu tốt, gõ phím nhanh, tập trung","TP. Biên Hòa, Đồng Nai",0963010703,Sẵn sàng đi làm ngay
Đặng Thành Vinh,Đa khuyết tật nhẹ,"Khéo tay, kiên nhẫn, tỉ mỉ","Quận Hai Bà Trưng, Hà Nội",0924284340,Sẵn sàng đi làm ngay
Dương Diệu Linh,"Khuyết tật thần kinh, tâm thần (ổn định)","Viết lách, nghiên cứu thông tin, SEO cơ bản","TP. Thủ Đức, TP.HCM",0910080009,Có thể bắt đầu sau 2 tuần
Vũ Hữu Vinh,Khuyết tật ngôn ngữ,"Chốt sale qua tin nhắn, quản lý đơn hàng, Excel cơ bản","Quận Tân Bình, TP.HCM",0951145240,Sẵn sàng đi làm ngay
Võ Diệu Linh,Khuyết tật trí tuệ nhẹ,"Khéo tay, kiên nhẫn, tỉ mỉ","Quận Đống Đa, Hà Nội",0913154870,Sẵn sàng đi làm ngay
Lê Bích Lan,Khuyết tật vận động,"Photoshop, Illustrator, Canva, tư duy thẩm mỹ","Quận Đống Đa, Hà Nội",0918995520,Sẵn sàng đi làm ngay
Bùi Minh Đức,Khiếm thính,"Khéo tay, kiên nhẫn, tỉ mỉ","TP. Thủ Dầu Một, Bình Dương",0962042563,Sẵn sàng đi làm ngay
Bùi Thị Vy,Khuyết tật vận động,"Viết lách, nghiên cứu thông tin, SEO cơ bản",Làm việc từ xa (Remote toàn quốc),0975945661,Có thể bắt đầu sau 2 tuần
Nguyễn Xuân Phong,Khuyết tật trí tuệ nhẹ,"Khéo tay, kiên nhẫn, tỉ mỉ","TP. Thủ Dầu Một, Bình Dương",0982345677,Có thể bắt đầu sau 2 tuần
Nguyễn Xuân Sơn,Khuyết tật trí tuệ nhẹ,"Khéo tay, kiên nhẫn, tỉ mỉ",Làm việc từ xa (Remote toàn quốc),0973736212,Sẵn sàng đi làm ngay
Đỗ Bích Lan,Khiếm thính,"Photoshop, Illustrator, Canva, tư duy thẩm mỹ","Quận Hai Bà Trưng, Hà Nội",0971026948,Sẵn sàng đi làm ngay
Nguyễn Xuân Hải,Khuyết tật vận động,"Viết tin nhắn rõ ràng, kiên nhẫn, hiểu sản phẩm",Làm việc từ xa (Remote toàn quốc),0992371735,Sẵn sàng đi làm ngay
Đặng Diệu Hoa,Khiếm thính,"Ngôn ngữ ký hiệu, biên tập video cơ bản","TP. Thủ Đức, TP.HCM",0977953702,Sẵn sàng đi làm ngay
Hoàng Mỹ Mai,Khuyết tật ngôn ngữ,"Photoshop, Illustrator, Canva, tư duy thẩm mỹ","TP. Vinh, Nghệ An",0997738439,Có thể bắt đầu sau 2 tuần
Đỗ Ngọc Thảo,Khuyết tật vận động,"Tin học văn phòng, kỹ năng sư phạm, kiên nhẫn","Quận Tân Bình, TP.HCM",0949378068,Có thể bắt đầu sau 2 tuần
Phan Đình Sơn,Khiếm thính,"Viết lách, nghiên cứu thông tin, SEO cơ bản","TP. Biên Hòa, Đồng Nai",0936725847,Sẵn sàng đi làm ngay
Ngô Bích Hương,Khiếm thị,"Xoa bóp bấm huyệt, cảm nhận cơ thể tốt","TP. Nha Trang, Khánh Hòa",0960562450,Sẵn sàng đi làm ngay
Dương Diệu Thảo,Khiếm thị,"Nghe hiểu tốt, gõ phím nhanh, tập trung","TP. Biên Hòa, Đồng Nai",0940699959,Có thể bắt đầu sau 2 tuần
Trần Đình Vinh,Đa khuyết tật nhẹ,"Cẩn thận, làm theo quy trình, sức khỏe ổn định","Quận Tân Bình, TP.HCM",0991229370,Sẵn sàng đi làm ngay
Ngô Thị Anh,Khuyết tật trí tuệ nhẹ,"Cẩn thận, làm theo quy trình, sức khỏe ổn định","TP. Thủ Dầu Một, Bình Dương",0980487824,Có thể bắt đầu sau 2 tuần
Phan Minh Phong,Khuyết tật vận động,"Chốt sale qua tin nhắn, quản lý đơn hàng, Excel cơ bản","Quận Tân Bình, TP.HCM",0984797064,Có thể bắt đầu sau 2 tuần
Hoàng Bích Nga,Khiếm thính,"Photoshop, Illustrator, Canva, tư duy thẩm mỹ","Quận Bình Thạnh, TP.HCM",0973703158,Sẵn sàng đi làm ngay
Nguyễn Đình Kiên,Khiếm thị,"Nghe hiểu tốt, gõ phím nhanh, tập trung","Quận Tân Bình, TP.HCM",0936376071,Sẵn sàng đi làm ngay
Vũ Đình Bảo,Khuyết tật ngôn ngữ,"Python, SQL, Git, tư duy logic",TP. Đà Nẵng,0965466250,Sẵn sàng đi làm ngay
Lê Thành Hùng,Khiếm thính,"Viết tin nhắn rõ ràng, kiên nhẫn, hiểu sản phẩm","Quận Đống Đa, Hà Nội",0959910011,Sẵn sàng đi làm ngay
Võ Kim Mai,Đa khuyết tật nhẹ,"Photoshop, Illustrator, Canva, tư duy thẩm mỹ","Quận Tân Bình, TP.HCM",0911188832,Sẵn sàng đi làm ngay
Lý Xuân Hải,Đa khuyết tật nhẹ,"Photoshop, Illustrator, Canva, tư duy thẩm mỹ","TP. Biên Hòa, Đồng Nai",0935322457,Sẵn sàng đi làm ngay
Trần Hữu Nam,Khuyết tật trí tuệ nhẹ,"Cẩn thận, làm theo quy trình, sức khỏe ổn định","Quận Đống Đa, Hà Nội",0999534277,Sẵn sàng đi làm ngay
Vũ Thị Ngọc,Khuyết tật ngôn ngữ,"Photoshop, Illustrator, Canva, tư duy thẩm mỹ","Quận Bình Thạnh, TP.HCM",0932110051,Sẵn sàng đi làm ngay
Phạm Mỹ Hoa,Đa khuyết tật nhẹ,"Khéo tay, kiên nhẫn, tỉ mỉ","TP. Thủ Dầu Một, Bình Dương",0967964749,Sẵn sàng đi làm ngay
Phạm Thu Yến,Khuyết tật vận động,"Viết lách, nghiên cứu thông tin, SEO cơ bản","Quận 1, TP.HCM",0970374937,Sẵn sàng đi làm ngay
Vũ Diệu Mai,Đa khuyết tật nhẹ,"Photoshop, Illustrator, Canva, tư duy thẩm mỹ","TP. Thủ Đức, TP.HCM",0964563778,Sẵn sàng đi làm ngay
Phạm Thu Thảo,Đa khuyết tật nhẹ,"Cẩn thận, làm theo quy trình, sức khỏe ổn định","Quận Cầu Giấy, Hà Nội",0920073766,Sẵn sàng đi làm ngay
Võ Đình Kiên,Khiếm thính,"Khéo tay, kiên nhẫn, tỉ mỉ","Quận Bình Thạnh, TP.HCM",0915361803,Sẵn sàng đi làm ngay
Bùi Thu Trang,Khuyết tật trí tuệ nhẹ,"Khéo tay, kiên nhẫn, tỉ mỉ","TP. Vinh, Nghệ An",0981845535,Sẵn sàng đi làm ngay
Phan Diệu Anh,Khuyết tật vận động,"Khéo tay, kiên nhẫn, tỉ mỉ",Làm việc từ xa (Remote toàn quốc),0989129551,Sẵn sàng đi làm ngay
Vũ Xuân Đức,"Khuyết tật thần kinh, tâm thần (ổn định)","Khéo tay, kiên nhẫn, tỉ mỉ","TP. Thủ Đức, TP.HCM",0981503033,Sẵn sàng đi làm ngay
Bùi Minh Long,"Khuyết tật thần kinh, tâm thần (ổn định)","Photoshop, Illustrator, Canva, tư duy thẩm mỹ",TP. Đà Nẵng,0989783556,Sẵn sàng đi làm ngay
Đặng Minh Hải,Khuyết tật vận động,"Nghe hiểu tốt, gõ phím nhanh, tập trung","Quận Hai Bà Trưng, Hà Nội",0954962735,Sẵn sàng đi làm ngay
Đặng Quang Bảo,Khuyết tật trí tuệ nhẹ,"Khéo tay, kiên nhẫn, tỉ mỉ",TP. Đà Nẵng,0928693532,Có thể bắt đầu sau 2 tuần
Bùi Bích Mai,"Khuyết tật thần kinh, tâm thần (ổn định)","Giao tiếp tốt, giọng nói rõ, xử lý tình huống","Quận Đống Đa, Hà Nội",0984209410,Sẵn sàng đi làm ngay
Trần Thu Vy,Đa khuyết tật nhẹ,"Khéo tay, kiên nhẫn, tỉ mỉ","Quận Cầu Giấy, Hà Nội",0943155420,Sẵn sàng đi làm ngay
Lê Diệu Thảo,Đa khuyết tật nhẹ,"Cẩn thận, làm theo quy trình, sức khỏe ổn định","TP. Biên Hòa, Đồng Nai",0960331463,Sẵn sàng đi làm ngay
Võ Minh Bảo,Khuyết tật trí tuệ nhẹ,"Khéo tay, kiên nhẫn, tỉ mỉ","TP. Vinh, Nghệ An",0919670420,Sẵn sàng đi làm ngay
Trần Minh Tuấn,Khuyết tật trí tuệ nhẹ,"Cẩn thận, làm theo quy trình, sức khỏe ổn định","Quận 1, TP.HCM",0971036929,Có thể bắt đầu sau 2 tuần
Võ Ngọc Trang,Khuyết tật ngôn ngữ,"Viết lách, nghiên cứu thông tin, SEO cơ bản",TP. Đà Nẵng,0916844169,Có thể bắt đầu sau 2 tuần
Vũ Anh Sơn,"Khuyết tật thần kinh, tâm thần (ổn định)","Viết lách, nghiên cứu thông tin, SEO cơ bản","Quận Tân Bình, TP.HCM",0928753889,Sẵn sàng đi làm ngay
Dương Hữu Khoa,Khuyết tật vận động,"Tin học văn phòng, gõ phím nhanh, cẩn thận, tỉ mỉ","Quận 3, TP.HCM",0981836366,Sẵn sàng đi làm ngay
Phạm Văn Hùng,Đa khuyết tật nhẹ,"Photoshop, Illustrator, Canva, tư duy thẩm mỹ",TP. Huế,0924956155,Sẵn sàng đi làm ngay
Hoàng Quang Hải,Khuyết tật ngôn ngữ,"MISA, Excel, nghiệp vụ kế toán",TP. Đà Nẵng,0992988418,Sẵn sàng đi làm ngay
Dương Văn Khoa,Đa khuyết tật nhẹ,"Khéo tay, kiên nhẫn, tỉ mỉ","TP. Thủ Dầu Một, Bình Dương",0988399260,Sẵn sàng đi làm ngay
Phạm Thị Hương,Khiếm thị,"Nghe hiểu tốt, gõ phím nhanh, tập trung","TP. Nha Trang, Khánh Hòa",0922237670,Sẵn sàng đi làm ngay
Trần Thành Hải,Khuyết tật ngôn ngữ,"Python, SQL, Git, tư duy logic",Làm việc từ xa (Remote toàn quốc),0942483979,Sẵn sàng đi làm ngay
Hoàng Quang Kiên,Khiếm thị,"Nghe hiểu tốt, gõ phím nhanh, tập trung","Quận Hai Bà Trưng, Hà Nội",0951405395,Sẵn sàng đi làm ngay
Vũ Hữu Sơn,Đa khuyết tật nhẹ,"Cẩn thận, làm theo quy trình, sức khỏe ổn định","TP. Nha Trang, Khánh Hòa",0964832587,Có thể bắt đầu sau 2 tuần
Dương Mỹ Hoa,Khuyết tật trí tuệ nhẹ,"May công nghiệp, tỉ mỉ, chịu được áp lực dây chuyền","TP. Nha Trang, Khánh Hòa",0982647307,Có thể bắt đầu sau 2 tuần
Ngô Thu Nga,Khiếm thị,"Tin học văn phòng, kỹ năng sư phạm, kiên nhẫn",TP. Huế,0912780428,Sẵn sàng đi làm ngay
Đặng Đình Vinh,Khuyết tật ngôn ngữ,"Viết tin nhắn rõ ràng, kiên nhẫn, hiểu sản phẩm","TP. Vinh, Nghệ An",0920382674,Sẵn sàng đi làm ngay
Lê Ngọc Linh,"Khuyết tật thần kinh, tâm thần (ổn định)","Cẩn thận, làm theo quy trình, sức khỏe ổn định","TP. Nha Trang, Khánh Hòa",0952172791,Sẵn sàng đi làm ngay
Lý Xuân Hùng,Khuyết tật vận động,"Viết tin nhắn rõ ràng, kiên nhẫn, hiểu sản phẩm",TP. Cần Thơ,0985606069,Sẵn sàng đi làm ngay
Đỗ Mỹ Ngọc,"Khuyết tật thần kinh, tâm thần (ổn định)","Photoshop, Illustrator, Canva, tư duy thẩm mỹ","TP. Vinh, Nghệ An",0956329832,Sẵn sàng đi làm ngay
Đỗ Thành Sơn,Khiếm thính,"Cẩn thận, làm theo quy trình, sức khỏe ổn định",TP. Huế,0968701780,Sẵn sàng đi làm ngay
Lý Mỹ Hương,Khiếm thị,"Viết lách, nghiên cứu thông tin, SEO cơ bản","TP. Thủ Dầu Một, Bình Dương",0932621278,Sẵn sàng đi làm ngay
Dương Thành Đức,Khuyết tật ngôn ngữ,"MISA, Excel, nghiệp vụ kế toán","Quận Đống Đa, Hà Nội",0916439568,Có thể bắt đầu sau 2 tuần
Đặng Thị Trang,Khiếm thính,"Python, SQL, Git, tư duy logic","Quận Bình Thạnh, TP.HCM",0920637474,Sẵn sàng đi làm ngay
Hoàng Thành Long,Khuyết tật vận động,"Khéo tay, kiên nhẫn, tỉ mỉ","TP. Thủ Đức, TP.HCM",0934967191,Sẵn sàng đi làm ngay
Phạm Kim Hoa,Khuyết tật vận động,"Python, SQL, Git, tư duy logic","Quận Bình Thạnh, TP.HCM",0986854285,Sẵn sàng đi làm ngay
Hoàng Mỹ Hương,Đa khuyết tật nhẹ,"Cẩn thận, làm theo quy trình, sức khỏe ổn định","Quận Cầu Giấy, Hà Nội",0941708297,Sẵn sàng đi làm ngay
Ngô Đình Khoa,Khiếm thị,"Xoa bóp bấm huyệt, cảm nhận cơ thể tốt","Quận Bình Thạnh, TP.HCM",0926661423,Có thể bắt đầu sau 2 tuần
Đỗ Đình Hải,Khuyết tật ngôn ngữ,"Chốt sale qua tin nhắn, quản lý đơn hàng, Excel cơ bản","TP. Thủ Dầu Một, Bình Dương",0911173934,Sẵn sàng đi làm ngay
Võ Thị Yến,Khiếm thị,"Viết lách, nghiên cứu thông tin, SEO cơ bản","Quận 1, TP.HCM",0928112562,Sẵn sàng đi làm ngay
Phạm Diệu Nga,Khuyết tật trí tuệ nhẹ,"May công nghiệp, tỉ mỉ, chịu được áp lực dây chuyền","TP. Thủ Đức, TP.HCM",0987022789,Có thể bắt đầu sau 2 tuần
Lê Bích Linh,Khuyết tật trí tuệ nhẹ,"May công nghiệp, tỉ mỉ, chịu được áp lực dây chuyền","TP. Vinh, Nghệ An",0931754935,Sẵn sàng đi làm ngay
Phan Minh Tuấn,Đa khuyết tật nhẹ,"Photoshop, Illustrator, Canva, tư duy thẩm mỹ","Quận Bình Thạnh, TP.HCM",0980986823,Có thể bắt đầu sau 2 tuần
Võ Mỹ Mai,"Khuyết tật thần kinh, tâm thần (ổn định)","Tin học văn phòng, kỹ năng sư phạm, kiên nhẫn","TP. Nha Trang, Khánh Hòa",0972628704,Có thể bắt đầu sau 2 tuần
Ngô Thành Nam,Khuyết tật ngôn ngữ,"Python, SQL, Git, tư duy logic","TP. Nha Trang, Khánh Hòa",0977531991,Có thể bắt đầu sau 2 tuần
Trần Thu Trang,Khiếm thị,"Xoa bóp bấm huyệt, cảm nhận cơ thể tốt","Quận Đống Đa, Hà Nội",0925507005,Sẵn sàng đi làm ngay
Hoàng Anh Tuấn,Khuyết tật trí tuệ nhẹ,"Cẩn thận, làm theo quy trình, sức khỏe ổn định","TP. Nha Trang, Khánh Hòa",0936669444,Có thể bắt đầu sau 2 tuần
Vũ Diệu Anh,Khiếm thị,"Tin học văn phòng, kỹ năng sư phạm, kiên nhẫn","TP. Thủ Đức, TP.HCM",0928769693,Sẵn sàng đi làm ngay
Lê Quang Tuấn,Khuyết tật vận động,"Viết lách, nghiên cứu thông tin, SEO cơ bản","Quận Hai Bà Trưng, Hà Nội",0943946341,Sẵn sàng đi làm ngay
Lý Đình Phong,Khuyết tật trí tuệ nhẹ,"Cẩn thận, làm theo quy trình, sức khỏe ổn định","TP. Thủ Dầu Một, Bình Dương",0916891577,Sẵn sàng đi làm ngay
Huỳnh Xuân Phong,Khiếm thị,"Xoa bóp bấm huyệt, cảm nhận cơ thể tốt",TP. Cần Thơ,0997702160,Có thể bắt đầu sau 2 tuần
Huỳnh Kim Thảo,Khiếm thính,"Chốt sale qua tin nhắn, quản lý đơn hàng, Excel cơ bản",TP. Cần Thơ,0915439094,Có thể bắt đầu sau 2 tuần
Huỳnh Minh Khoa,Đa khuyết tật nhẹ,"Khéo tay, kiên nhẫn, tỉ mỉ","Quận Bình Thạnh, TP.HCM",0932272814,Sẵn sàng đi làm ngay
Nguyễn Quang Kiên,Khiếm thính,"Python, SQL, Git, tư duy logic",TP. Đà Nẵng,0979939654,Sẵn sàng đi làm ngay
Ngô Thu Ngọc,Khuyết tật trí tuệ nhẹ,"Cẩn thận, làm theo quy trình, sức khỏe ổn định","TP. Biên Hòa, Đồng Nai",0953828083,Sẵn sàng đi làm ngay
Lý Xuân Phong,Khiếm thính,"MISA, Excel, nghiệp vụ kế toán","Quận Tân Bình, TP.HCM",0978984106,Sẵn sàng đi làm ngay
Lê Mỹ Nga,Đa khuyết tật nhẹ,"Cẩn thận, làm theo quy trình, sức khỏe ổn định","Quận Bình Thạnh, TP.HCM",0998666413,Có thể bắt đầu sau 2 tuần
Lê Quang Sơn,"Khuyết tật thần kinh, tâm thần (ổn định)","MISA, Excel, nghiệp vụ kế toán",TP. Đà Nẵng,0992795474,Sẵn sàng đi làm ngay
Nguyễn Đình Hải,Khuyết tật trí tuệ nhẹ,"May công nghiệp, tỉ mỉ, chịu được áp lực dây chuyền","Quận 3, TP.HCM",0966153459,Sẵn sàng đi làm ngay
Võ Ngọc Hoa,Khuyết tật trí tuệ nhẹ,"May công nghiệp, tỉ mỉ, chịu được áp lực dây chuyền",TP. Huế,0918889007,Sẵn sàng đi làm ngay
Ngô Xuân Nam,Khiếm thính,"Viết lách, nghiên cứu thông tin, SEO cơ bản",Làm việc từ xa (Remote toàn quốc),0976234064,Sẵn sàng đi làm ngay
Đặng Thu Thảo,"Khuyết tật thần kinh, tâm thần (ổn định)","Viết lách, nghiên cứu thông tin, SEO cơ bản","TP. Biên Hòa, Đồng Nai",0944639362,Sẵn sàng đi làm ngay
Bùi Kim Hương,Khuyết tật ngôn ngữ,"Chốt sale qua tin nhắn, quản lý đơn hàng, Excel cơ bản","TP. Biên Hòa, Đồng Nai",0999624137,Sẵn sàng đi làm ngay
Ngô Ngọc Linh,"Khuyết tật thần kinh, tâm thần (ổn định)","Khéo tay, kiên nhẫn, tỉ mỉ",TP. Đà Nẵng,0912983015,Sẵn sàng đi làm ngay
Vũ Mỹ Hoa,Khuyết tật vận động,"Nghe hiểu tốt, gõ phím nhanh, tập trung",TP. Cần Thơ,0989415669,Sẵn sàng đi làm ngay
Dương Quang Hải,Đa khuyết tật nhẹ,"Khéo tay, kiên nhẫn, tỉ mỉ","Quận Tân Bình, TP.HCM",0943385051,Sẵn sàng đi làm ngay
Phan Mỹ Ngọc,Khiếm thị,"Xoa bóp bấm huyệt, cảm nhận cơ thể tốt","TP. Thủ Dầu Một, Bình Dương",0954454674,Sẵn sàng đi làm ngay
Lý Diệu Nga,Khiếm thị,"Nghe hiểu tốt, gõ phím nhanh, tập trung",Làm việc từ xa (Remote toàn quốc),0917637396,Sẵn sàng đi làm ngay
Phan Văn Đức,Đa khuyết tật nhẹ,"Khéo tay, kiên nhẫn, tỉ mỉ","TP. Thủ Đức, TP.HCM",0959711575,Sẵn sàng đi làm ngay
Lý Kim Linh,Khiếm thị,"Tin học văn phòng, kỹ năng sư phạm, kiên nhẫn",Làm việc từ xa (Remote toàn quốc),0964400820,Sẵn sàng đi làm ngay
Đặng Thu Hương,Khiếm thị,"Viết lách, nghiên cứu thông tin, SEO cơ bản","Quận Hai Bà Trưng, Hà Nội",0990259807,Sẵn sàng đi làm ngay
Trần Văn Nam,Khuyết tật trí tuệ nhẹ,"Giao tiếp tốt, giọng nói rõ, xử lý tình huống","Quận Tân Bình, TP.HCM",0982527294,Sẵn sàng đi làm ngay
Nguyễn Đình Hùng,Khiếm thính,"Ngôn ngữ ký hiệu, biên tập video cơ bản","TP. Thủ Đức, TP.HCM",0927915825,Sẵn sàng đi làm ngay
Bùi Thị Hương,Đa khuyết tật nhẹ,"Khéo tay, kiên nhẫn, tỉ mỉ","TP. Thủ Dầu Một, Bình Dương",0951576275,Sẵn sàng đi làm ngay
Nguyễn Diệu Linh,Khiếm thính,"Chốt sale qua tin nhắn, quản lý đơn hàng, Excel cơ bản","Quận Bình Thạnh, TP.HCM",0932808207,Có thể bắt đầu sau 2 tuần
Hoàng Kim Mai,Đa khuyết tật nhẹ,"Khéo tay, kiên nhẫn, tỉ mỉ","Quận Tân Bình, TP.HCM",0919621170,Có thể bắt đầu sau 2 tuần
Vũ Thu Hương,Khuyết tật vận động,"Python, SQL, Git, tư duy logic","Quận Bình Thạnh, TP.HCM",0996364279,Có thể bắt đầu sau 2 tuần
Đặng Minh Hùng,Khuyết tật ngôn ngữ,"Tin học văn phòng, gõ phím nhanh, cẩn thận, tỉ mỉ",Làm việc từ xa (Remote toàn quốc),0962800378,Có thể bắt đầu sau 2 tuần
Ngô Minh Long,"Khuyết tật thần kinh, tâm thần (ổn định)","Python, SQL, Git, tư duy logic",Làm việc từ xa (Remote toàn quốc),0997709864,Có thể bắt đầu sau 2 tuần
Ngô Thu Vy,Khuyết tật trí tuệ nhẹ,"Cẩn thận, làm theo quy trình, sức khỏe ổn định","Quận Hai Bà Trưng, Hà Nội",0953836805,Sẵn sàng đi làm ngay
Nguyễn Hữu Nam,Khuyết tật trí tuệ nhẹ,"May công nghiệp, tỉ mỉ, chịu được áp lực dây chuyền","TP. Thủ Đức, TP.HCM",0924451825,Có thể bắt đầu sau 2 tuần
Hoàng Bích Nga,Khiếm thị,"Nghe hiểu tốt, gõ phím nhanh, tập trung","Quận Bình Thạnh, TP.HCM",0987748344,Sẵn sàng đi làm ngay
Trần Bích Vy,Khuyết tật trí tuệ nhẹ,"Cẩn thận, làm theo quy trình, sức khỏe ổn định",TP. Huế,0984104323,Có thể bắt đầu sau 2 tuần
Bùi Đình Phong,Khuyết tật vận động,"Viết tin nhắn rõ ràng, kiên nhẫn, hiểu sản phẩm",Làm việc từ xa (Remote toàn quốc),0935701165,Sẵn sàng đi làm ngay
Phan Xuân Tuấn,Khiếm thính,"Tin học văn phòng, gõ phím nhanh, cẩn thận, tỉ mỉ",TP. Đà Nẵng,0998359482,Có thể bắt đầu sau 2 tuần
Vũ Anh Vinh,Đa khuyết tật nhẹ,"Cẩn thận, làm theo quy trình, sức khỏe ổn định","TP. Biên Hòa, Đồng Nai",0966686642,Sẵn sàng đi làm ngay
Nguyễn Ngọc Trang,Đa khuyết tật nhẹ,"Cẩn thận, làm theo quy trình, sức khỏe ổn định","Quận Cầu Giấy, Hà Nội",0965807870,Sẵn sàng đi làm ngay
Lý Xuân Long,Khuyết tật vận động,"Python, SQL, Git, tư duy logic","Quận 3, TP.HCM",0937146258,Có thể bắt đầu sau 2 tuần
Bùi Anh Bảo,Khuyết tật trí tuệ nhẹ,"Giao tiếp tốt, giọng nói rõ, xử lý tình huống","Quận 1, TP.HCM",0960066419,Sẵn sàng đi làm ngay
Phạm Minh Khoa,Khiếm thính,"Cẩn thận, làm theo quy trình, sức khỏe ổn định","Quận Đống Đa, Hà Nội",0962437549,Có thể bắt đầu sau 2 tuần
Phan Bích Hoa,Khuyết tật ngôn ngữ,"Viết lách, nghiên cứu thông tin, SEO cơ bản","Quận Đống Đa, Hà Nội",0971062690,Có thể bắt đầu sau 2 tuần
Võ Mỹ Hoa,Khuyết tật ngôn ngữ,"Viết lách, nghiên cứu thông tin, SEO cơ bản",TP. Cần Thơ,0948183020,Sẵn sàng đi làm ngay
Dương Mỹ Ngọc,Khuyết tật trí tuệ nhẹ,"Giao tiếp tốt, giọng nói rõ, xử lý tình huống",Làm việc từ xa (Remote toàn quốc),0986758803,Sẵn sàng đi làm ngay
Vũ Văn Hải,Khuyết tật vận động,"Tin học văn phòng, kỹ năng sư phạm, kiên nhẫn","Quận Hai Bà Trưng, Hà Nội",0999715454,Có thể bắt đầu sau 2 tuần
Nguyễn Thị Linh,Khuyết tật vận động,"Viết lách, nghiên cứu thông tin, SEO cơ bản",TP. Đà Nẵng,0970297305,Sẵn sàng đi làm ngay
Trần Thu Mai,Khiếm thính,"Khéo tay, kiên nhẫn, tỉ mỉ","Quận 3, TP.HCM",0983356152,Có thể bắt đầu sau 2 tuần
Ngô Thị Thảo,Khiếm thính,"MISA, Excel, nghiệp vụ kế toán",TP. Cần Thơ,0987869937,Sẵn sàng đi làm ngay
Ngô Quang Phong,"Khuyết tật thần kinh, tâm thần (ổn định)","May công nghiệp, tỉ mỉ, chịu được áp lực dây chuyền",TP. Cần Thơ,0985263223,Có thể bắt đầu sau 2 tuần
Bùi Anh Kiên,Khiếm thị,"Nghe hiểu tốt, gõ phím nhanh, tập trung","Quận 1, TP.HCM",0942963378,Có thể bắt đầu sau 2 tuần
Lý Thu Hương,Khiếm thính,"Photoshop, Illustrator, Canva, tư duy thẩm mỹ","TP. Thủ Đức, TP.HCM",0998242407,Sẵn sàng đi làm ngay
Lý Đình Đức,Khuyết tật vận động,"Viết lách, nghiên cứu thông tin, SEO cơ bản","Quận Cầu Giấy, Hà Nội",0923100228,Có thể bắt đầu sau 2 tuần
Trần Diệu Lan,Khuyết tật vận động,"Giao tiếp tốt, giọng nói rõ, xử lý tình huống","Quận Bình Thạnh, TP.HCM",0910446705,Có thể bắt đầu sau 2 tuần
Trần Thu Lan,Khiếm thính,"Viết lách, nghiên cứu thông tin, SEO cơ bản","Quận Cầu Giấy, Hà Nội",0977171016,Có thể bắt đầu sau 2 tuần
Võ Minh Sơn,Đa khuyết tật nhẹ,"Cẩn thận, làm theo quy trình, sức khỏe ổn định","TP. Vinh, Nghệ An",0957816281,Có thể bắt đầu sau 2 tuần
Ngô Minh Vinh,Khuyết tật vận động,"Python, SQL, Git, tư duy logic","TP. Nha Trang, Khánh Hòa",0912446459,Có thể bắt đầu sau 2 tuần
Trần Anh Nam,Khuyết tật ngôn ngữ,"Chốt sale qua tin nhắn, quản lý đơn hàng, Excel cơ bản","Quận Bình Thạnh, TP.HCM",0980073291,Có thể bắt đầu sau 2 tuần
Lý Thu Hoa,Khuyết tật ngôn ngữ,"Photoshop, Illustrator, Canva, tư duy thẩm mỹ",Làm việc từ xa (Remote toàn quốc),0955658290,Có thể bắt đầu sau 2 tuần
Ngô Diệu Yến,Đa khuyết tật nhẹ,"Khéo tay, kiên nhẫn, tỉ mỉ","Quận Tân Bình, TP.HCM",0938502474,Sẵn sàng đi làm ngay
Ngô Bích Lan,Khuyết tật ngôn ngữ,"MISA, Excel, nghiệp vụ kế toán",Làm việc từ xa (Remote toàn quốc),0940434030,Có thể bắt đầu sau 2 tuần
Phan Anh Hải,Đa khuyết tật nhẹ,"Khéo tay, kiên nhẫn, tỉ mỉ","TP. Vinh, Nghệ An",0915632397,Sẵn sàng đi làm ngay
Nguyễn Thu Vy,Khiếm thị,"Xoa bóp bấm huyệt, cảm nhận cơ thể tốt","TP. Thủ Dầu Một, Bình Dương",0955462982,Sẵn sàng đi làm ngay
Dương Đình Sơn,Đa khuyết tật nhẹ,"Photoshop, Illustrator, Canva, tư duy thẩm mỹ","TP. Biên Hòa, Đồng Nai",0989812369,Sẵn sàng đi làm ngay
Vũ Anh Sơn,Đa khuyết tật nhẹ,"Photoshop, Illustrator, Canva, tư duy thẩm mỹ","TP. Thủ Đức, TP.HCM",0993878905,Có thể bắt đầu sau 2 tuần
Phạm Thành Long,Đa khuyết tật nhẹ,"Cẩn thận, làm theo quy trình, sức khỏe ổn định","TP. Biên Hòa, Đồng Nai",0915226275,Có thể bắt đầu sau 2 tuần
Đỗ Thành Nam,Khiếm thính,"Viết lách, nghiên cứu thông tin, SEO cơ bản","TP. Thủ Đức, TP.HCM",0947670632,Sẵn sàng đi làm ngay
Trần Minh Phong,Khuyết tật trí tuệ nhẹ,"Giao tiếp tốt, giọng nói rõ, xử lý tình huống","TP. Thủ Dầu Một, Bình Dương",0913051069,Sẵn sàng đi làm ngay
Đỗ Đình Khoa,Khuyết tật vận động,"Nghe hiểu tốt, gõ phím nhanh, tập trung","Quận Cầu Giấy, Hà Nội",0990920728,Sẵn sàng đi làm ngay
Trần Diệu Nga,Khiếm thính,"May công nghiệp, tỉ mỉ, chịu được áp lực dây chuyền","Quận Tân Bình, TP.HCM",0952723076,Có thể bắt đầu sau 2 tuần
Phạm Minh Khoa,Khiếm thị,"Nghe hiểu tốt, gõ phím nhanh, tập trung","Quận Bình Thạnh, TP.HCM",0982652905,Có thể bắt đầu sau 2 tuần
Lý Thu Lan,Khiếm thính,"MISA, Excel, nghiệp vụ kế toán",TP. Cần Thơ,0964176956,Có thể bắt đầu sau 2 tuần
Trần Thu Anh,Khiếm thính,"Viết lách, nghiên cứu thông tin, SEO cơ bản",TP. Huế,0916986498,Sẵn sàng đi làm ngay
Trần Thị Thảo,Khiếm thính,"Chốt sale qua tin nhắn, quản lý đơn hàng, Excel cơ bản","Quận 1, TP.HCM",0958469806,Sẵn sàng đi làm ngay
Đặng Diệu Linh,Khiếm thính,"Viết lách, nghiên cứu thông tin, SEO cơ bản","Quận Cầu Giấy, Hà Nội",0921007045,Sẵn sàng đi làm ngay
Vũ Đình Nam,Khiếm thị,"Xoa bóp bấm huyệt, cảm nhận cơ thể tốt","Quận 1, TP.HCM",0978408689,Sẵn sàng đi làm ngay
Đặng Diệu Linh,Khuyết tật trí tuệ nhẹ,"Giao tiếp tốt, giọng nói rõ, xử lý tình huống",TP. Đà Nẵng,0976122740,Sẵn sàng đi làm ngay
Đặng Ngọc Mai,Khiếm thính,"Khéo tay, kiên nhẫn, tỉ mỉ","Quận Đống Đa, Hà Nội",0949286375,Sẵn sàng đi làm ngay
Hoàng Hữu Vinh,Khuyết tật trí tuệ nhẹ,"Cẩn thận, làm theo quy trình, sức khỏe ổn định",TP. Cần Thơ,0966401535,Sẵn sàng đi làm ngay
Trần Quang Vinh,Khuyết tật ngôn ngữ,"Viết tin nhắn rõ ràng, kiên nhẫn, hiểu sản phẩm","Quận 1, TP.HCM",0943948523,Sẵn sàng đi làm ngay
Bùi Văn Hải,Khuyết tật ngôn ngữ,"Photoshop, Illustrator, Canva, tư duy thẩm mỹ","Quận Tân Bình, TP.HCM",0943553891,Có thể bắt đầu sau 2 tuần
Lê Thu Lan,"Khuyết tật thần kinh, tâm thần (ổn định)","Photoshop, Illustrator, Canva, tư duy thẩm mỹ","TP. Nha Trang, Khánh Hòa",0987118114,Sẵn sàng đi làm ngay
Phan Quang Tuấn,Khiếm thị,"Xoa bóp bấm huyệt, cảm nhận cơ thể tốt","Quận 1, TP.HCM",0929378852,Sẵn sàng đi làm ngay
Dương Thành Phong,"Khuyết tật thần kinh, tâm thần (ổn định)","Tin học văn phòng, kỹ năng sư phạm, kiên nhẫn","Quận Tân Bình, TP.HCM",0998519306,Sẵn sàng đi làm ngay
Dương Ngọc Yến,Khuyết tật vận động,"Khéo tay, kiên nhẫn, tỉ mỉ","Quận Đống Đa, Hà Nội",0957402774,Sẵn sàng đi làm ngay
Vũ Minh Phong,"Khuyết tật thần kinh, tâm thần (ổn định)","Chốt sale qua tin nhắn, quản lý đơn hàng, Excel cơ bản","Quận Hai Bà Trưng, Hà Nội",0916567733,Sẵn sàng đi làm ngay
Nguyễn Diệu Hoa,Khuyết tật trí tuệ nhẹ,"Cẩn thận, làm theo quy trình, sức khỏe ổn định","Quận Cầu Giấy, Hà Nội",0971572062,Sẵn sàng đi làm ngay
Lý Minh Long,Khiếm thị,"Tin học văn phòng, kỹ năng sư phạm, kiên nhẫn","Quận Tân Bình, TP.HCM",0933764601,Sẵn sàng đi làm ngay
Đặng Minh Kiên,Khiếm thính,"Cẩn thận, làm theo quy trình, sức khỏe ổn định","Quận Bình Thạnh, TP.HCM",0940107148,Sẵn sàng đi làm ngay
Dương Thành Long,"Khuyết tật thần kinh, tâm thần (ổn định)","Chốt sale qua tin nhắn, quản lý đơn hàng, Excel cơ bản",TP. Đà Nẵng,0931536347,Sẵn sàng đi làm ngay
Ngô Xuân Phong,Khuyết tật trí tuệ nhẹ,"May công nghiệp, tỉ mỉ, chịu được áp lực dây chuyền","Quận 1, TP.HCM",0939376621,Có thể bắt đầu sau 2 tuần
Trần Anh Khoa,Khuyết tật ngôn ngữ,"Viết lách, nghiên cứu thông tin, SEO cơ bản","TP. Thủ Đức, TP.HCM",0944200177,Sẵn sàng đi làm ngay
Đỗ Hữu Bảo,Khuyết tật vận động,"Chốt sale qua tin nhắn, quản lý đơn hàng, Excel cơ bản",TP. Cần Thơ,0924377289,Sẵn sàng đi làm ngay
Ngô Kim Ngọc,Khuyết tật vận động,"Giao tiếp tốt, giọng nói rõ, xử lý tình huống","Quận Hai Bà Trưng, Hà Nội",0987096497,Có thể bắt đầu sau 2 tuần
Võ Văn Đức,Khuyết tật ngôn ngữ,"Photoshop, Illustrator, Canva, tư duy thẩm mỹ",Làm việc từ xa (Remote toàn quốc),0984339493,Sẵn sàng đi làm ngay
Phạm Minh Vinh,Khuyết tật vận động,"Tin học văn phòng, gõ phím nhanh, cẩn thận, tỉ mỉ",Làm việc từ xa (Remote toàn quốc),0967022224,Sẵn sàng đi làm ngay
Bùi Anh Sơn,Đa khuyết tật nhẹ,"Khéo tay, kiên nhẫn, tỉ mỉ","Quận Đống Đa, Hà Nội",0960992202,Sẵn sàng đi làm ngay
Nguyễn Thu Thảo,Khiếm thị,"Nghe hiểu tốt, gõ phím nhanh, tập trung","TP. Biên Hòa, Đồng Nai",0942368904,Sẵn sàng đi làm ngay
Võ Hữu Sơn,Khuyết tật trí tuệ nhẹ,"May công nghiệp, tỉ mỉ, chịu được áp lực dây chuyền",TP. Huế,0985854351,Có thể bắt đầu sau 2 tuần
Phạm Hữu Sơn,Khiếm thị,"Tin học văn phòng, kỹ năng sư phạm, kiên nhẫn","Quận 3, TP.HCM",0983627558,Sẵn sàng đi làm ngay
Phạm Văn Long,Khiếm thị,"Nghe hiểu tốt, gõ phím nhanh, tập trung","Quận Đống Đa, Hà Nội",0911570055,Có thể bắt đầu sau 2 tuần
Bùi Mỹ Linh,Khuyết tật trí tuệ nhẹ,"Giao tiếp tốt, giọng nói rõ, xử lý tình huống",TP. Đà Nẵng,0922547070,Sẵn sàng đi làm ngay
Ngô Quang Hùng,Khiếm thị,"Xoa bóp bấm huyệt, cảm nhận cơ thể tốt","Quận Bình Thạnh, TP.HCM",0973889311,Sẵn sàng đi làm ngay
Lý Diệu Linh,Khuyết tật ngôn ngữ,"Photoshop, Illustrator, Canva, tư duy thẩm mỹ","Quận 1, TP.HCM",0965272067,Có thể bắt đầu sau 2 tuần
Lý Thị Yến,Khiếm thính,"Photoshop, Illustrator, Canva, tư duy thẩm mỹ","Quận Hai Bà Trưng, Hà Nội",0956836458,Có thể bắt đầu sau 2 tuần
Nguyễn Bích Ngọc,Đa khuyết tật nhẹ,"Khéo tay, kiên nhẫn, tỉ mỉ","Quận Cầu Giấy, Hà Nội",0912867078,Sẵn sàng đi làm ngay
Phạm Bích Hương,Khiếm thị,"Nghe hiểu tốt, gõ phím nhanh, tập trung","Quận Cầu Giấy, Hà Nội",0936287354,Có thể bắt đầu sau 2 tuần
Vũ Xuân Hải,Khiếm thị,"Nghe hiểu tốt, gõ phím nhanh, tập trung",TP. Cần Thơ,0993033289,Sẵn sàng đi làm ngay
Bùi Diệu Trang,Khiếm thính,"Viết tin nhắn rõ ràng, kiên nhẫn, hiểu sản phẩm","TP. Thủ Dầu Một, Bình Dương",0967958238,Sẵn sàng đi làm ngay
Phan Anh Hùng,Khiếm thính,"Python, SQL, Git, tư duy logic",Làm việc từ xa (Remote toàn quốc),0981542030,Sẵn sàng đi làm ngay
Trần Ngọc Lan,Đa khuyết tật nhẹ,"Khéo tay, kiên nhẫn, tỉ mỉ","Quận Tân Bình, TP.HCM",0930634593,Sẵn sàng đi làm ngay
Hoàng Bích Mai,Khuyết tật trí tuệ nhẹ,"May công nghiệp, tỉ mỉ, chịu được áp lực dây chuyền","Quận Cầu Giấy, Hà Nội",0981251601,Có thể bắt đầu sau 2 tuần
Lý Quang Tuấn,Khuyết tật ngôn ngữ,"Viết lách, nghiên cứu thông tin, SEO cơ bản","TP. Biên Hòa, Đồng Nai",0967027276,Sẵn sàng đi làm ngay
Huỳnh Quang Vinh,Đa khuyết tật nhẹ,"Khéo tay, kiên nhẫn, tỉ mỉ",TP. Đà Nẵng,0912688078,Sẵn sàng đi làm ngay
Lý Hữu Vinh,Khuyết tật vận động,"Viết lách, nghiên cứu thông tin, SEO cơ bản","TP. Vinh, Nghệ An",0927015981,Có thể bắt đầu sau 2 tuần
Phan Kim Anh,Khiếm thị,"Xoa bóp bấm huyệt, cảm nhận cơ thể tốt",Làm việc từ xa (Remote toàn quốc),0928148672,Sẵn sàng đi làm ngay
Phạm Kim Ngọc,Khiếm thị,"Nghe hiểu tốt, gõ phím nhanh, tập trung","TP. Thủ Đức, TP.HCM",0982970220,Có thể bắt đầu sau 2 tuần
Võ Thu Trang,Khiếm thị,"Xoa bóp bấm huyệt, cảm nhận cơ thể tốt","TP. Biên Hòa, Đồng Nai",0954570467,Sẵn sàng đi làm ngay
Phan Quang Nam,Đa khuyết tật nhẹ,"Photoshop, Illustrator, Canva, tư duy thẩm mỹ","Quận 3, TP.HCM",0939596058,Sẵn sàng đi làm ngay
Đặng Thành Vinh,Khiếm thính,"MISA, Excel, nghiệp vụ kế toán","TP. Thủ Đức, TP.HCM",0995074507,Sẵn sàng đi làm ngay
Vũ Minh Đức,"Khuyết tật thần kinh, tâm thần (ổn định)","Tin học văn phòng, kỹ năng sư phạm, kiên nhẫn","TP. Biên Hòa, Đồng Nai",0914021179,Sẵn sàng đi làm ngay
Dương Thị Lan,Khiếm thính,"Tin học văn phòng, gõ phím nhanh, cẩn thận, tỉ mỉ","Quận 1, TP.HCM",0953284762,Sẵn sàng đi làm ngay
Trần Mỹ Lan,"Khuyết tật thần kinh, tâm thần (ổn định)","Tin học văn phòng, kỹ năng sư phạm, kiên nhẫn","Quận Bình Thạnh, TP.HCM",0968918771,Có thể bắt đầu sau 2 tuần
Nguyễn Bích Ngọc,Khuyết tật ngôn ngữ,"MISA, Excel, nghiệp vụ kế toán","TP. Thủ Dầu Một, Bình Dương",0913468355,Có thể bắt đầu sau 2 tuần
Bùi Minh Long,Khuyết tật vận động,"Nghe hiểu tốt, gõ phím nhanh, tập trung","TP. Nha Trang, Khánh Hòa",0945004529,Sẵn sàng đi làm ngay
Đặng Kim Thảo,Khuyết tật ngôn ngữ,"Chốt sale qua tin nhắn, quản lý đơn hàng, Excel cơ bản","TP. Thủ Đức, TP.HCM",0948545157,Sẵn sàng đi làm ngay
Lê Thu Mai,Đa khuyết tật nhẹ,"Photoshop, Illustrator, Canva, tư duy thẩm mỹ","TP. Thủ Đức, TP.HCM",0993437116,Có thể bắt đầu sau 2 tuần
Nguyễn Mỹ Hoa,Khuyết tật vận động,"Viết lách, nghiên cứu thông tin, SEO cơ bản",Làm việc từ xa (Remote toàn quốc),0915925231,Sẵn sàng đi làm ngay
Lý Anh Kiên,Khiếm thính,"Ngôn ngữ ký hiệu, biên tập video cơ bản",TP. Đà Nẵng,0955833897,Sẵn sàng đi làm ngay
Võ Thành Bảo,"Khuyết tật thần kinh, tâm thần (ổn định)","May công nghiệp, tỉ mỉ, chịu được áp lực dây chuyền",TP. Đà Nẵng,0926501040,Sẵn sàng đi làm ngay
Huỳnh Văn Đức,Khiếm thị,"Viết lách, nghiên cứu thông tin, SEO cơ bản","Quận Hai Bà Trưng, Hà Nội",0951624456,Có thể bắt đầu sau 2 tuần
Đỗ Văn Kiên,Đa khuyết tật nhẹ,"Cẩn thận, làm theo quy trình, sức khỏe ổn định","TP. Nha Trang, Khánh Hòa",0973051358,Sẵn sàng đi làm ngay
Đặng Kim Thảo,Khiếm thị,"Nghe hiểu tốt, gõ phím nhanh, tập trung",TP. Huế,0992958783,Sẵn sàng đi làm ngay
Lê Minh Hùng,Khiếm thính,"Chốt sale qua tin nhắn, quản lý đơn hàng, Excel cơ bản","Quận Cầu Giấy, Hà Nội",0926429653,Có thể bắt đầu sau 2 tuần
Lý Kim Anh,Khuyết tật vận động,"MISA, Excel, nghiệp vụ kế toán","Quận Tân Bình, TP.HCM",0910667294,Sẵn sàng đi làm ngay
Võ Mỹ Linh,"Khuyết tật thần kinh, tâm thần (ổn định)","Giao tiếp tốt, giọng nói rõ, xử lý tình huống","Quận Cầu Giấy, Hà Nội",0979211163,Sẵn sàng đi làm ngay
Võ Mỹ Trang,"Khuyết tật thần kinh, tâm thần (ổn định)","Tin học văn phòng, kỹ năng sư phạm, kiên nhẫn","Quận Đống Đa, Hà Nội",0942511183,Sẵn sàng đi làm ngay
Đặng Bích Hương,Khiếm thính,"Python, SQL, Git, tư duy logic","TP. Nha Trang, Khánh Hòa",0980024539,Sẵn sàng đi làm ngay
Phan Văn Hải,"Khuyết tật thần kinh, tâm thần (ổn định)","Cẩn thận, làm theo quy trình, sức khỏe ổn định",TP. Cần Thơ,0966344563,Có thể bắt đầu sau 2 tuần
Phạm Minh Sơn,Khiếm thị,"Viết lách, nghiên cứu thông tin, SEO cơ bản",TP. Huế,0972003930,Có thể bắt đầu sau 2 tuần
Bùi Anh Đức,Đa khuyết tật nhẹ,"Khéo tay, kiên nhẫn, tỉ mỉ",TP. Cần Thơ,0949005267,Có thể bắt đầu sau 2 tuần
Ngô Anh Đức,Khiếm thính,"Python, SQL, Git, tư duy logic","TP. Nha Trang, Khánh Hòa",0982943202,Sẵn sàng đi làm ngay
Bùi Thành Long,Khuyết tật vận động,"Viết tin nhắn rõ ràng, kiên nhẫn, hiểu sản phẩm","Quận 1, TP.HCM",0965189205,Có thể bắt đầu sau 2 tuần
Ngô Hữu Đức,Đa khuyết tật nhẹ,"Khéo tay, kiên nhẫn, tỉ mỉ","Quận 1, TP.HCM",0942405983,Sẵn sàng đi làm ngay
Dương Thu Anh,Khuyết tật ngôn ngữ,"Viết lách, nghiên cứu thông tin, SEO cơ bản","Quận Cầu Giấy, Hà Nội",0928019246,Sẵn sàng đi làm ngay
Bùi Thị Trang,Đa khuyết tật nhẹ,"Cẩn thận, làm theo quy trình, sức khỏe ổn định","Quận 3, TP.HCM",0995776038,Sẵn sàng đi làm ngay
Phạm Ngọc Nga,Đa khuyết tật nhẹ,"Khéo tay, kiên nhẫn, tỉ mỉ","Quận Hai Bà Trưng, Hà Nội",0936082385,Có thể bắt đầu sau 2 tuần
Lý Mỹ Anh,Khuyết tật vận động,"Tin học văn phòng, kỹ năng sư phạm, kiên nhẫn","TP. Biên Hòa, Đồng Nai",0939780071,Có thể bắt đầu sau 2 tuần
Trần Mỹ Mai,Đa khuyết tật nhẹ,"Photoshop, Illustrator, Canva, tư duy thẩm mỹ","Quận Bình Thạnh, TP.HCM",0972605861,Có thể bắt đầu sau 2 tuần
Đặng Ngọc Ngọc,Đa khuyết tật nhẹ,"Photoshop, Illustrator, Canva, tư duy thẩm mỹ","Quận 3, TP.HCM",0922270008,Sẵn sàng đi làm ngay
Lê Anh Hải,Khiếm thị,"Tin học văn phòng, kỹ năng sư phạm, kiên nhẫn","Quận Đống Đa, Hà Nội",0915262830,Có thể bắt đầu sau 2 tuần
Trần Kim Mai,Đa khuyết tật nhẹ,"Photoshop, Illustrator, Canva, tư duy thẩm mỹ","Quận Bình Thạnh, TP.HCM",0976661435,Có thể bắt đầu sau 2 tuần
Vũ Diệu Yến,Khuyết tật vận động,"Viết lách, nghiên cứu thông tin, SEO cơ bản","Quận Tân Bình, TP.HCM",0984161981,Có thể bắt đầu sau 2 tuần
Lý Văn Hùng,Khuyết tật ngôn ngữ,"Tin học văn phòng, gõ phím nhanh, cẩn thận, tỉ mỉ","Quận 1, TP.HCM",0988663706,Sẵn sàng đi làm ngay
Võ Văn Hải,Đa khuyết tật nhẹ,"Khéo tay, kiên nhẫn, tỉ mỉ","Quận Tân Bình, TP.HCM",0960639157,Sẵn sàng đi làm ngay
Hoàng Diệu Ngọc,"Khuyết tật thần kinh, tâm thần (ổn định)","MISA, Excel, nghiệp vụ kế toán",Làm việc từ xa (Remote toàn quốc),0926065988,Có thể bắt đầu sau 2 tuần
Phan Anh Nam,Khuyết tật trí tuệ nhẹ,"Giao tiếp tốt, giọng nói rõ, xử lý tình huống","Quận Đống Đa, Hà Nội",0917777252,Sẵn sàng đi làm ngay
Dương Diệu Ngọc,Khuyết tật ngôn ngữ,"Tin học văn phòng, gõ phím nhanh, cẩn thận, tỉ mỉ","Quận Tân Bình, TP.HCM",0948498499,Sẵn sàng đi làm ngay
Phan Thu Hoa,Khuyết tật vận động,"Viết tin nhắn rõ ràng, kiên nhẫn, hiểu sản phẩm","Quận Hai Bà Trưng, Hà Nội",0988726359,Sẵn sàng đi làm ngay
Dương Ngọc Ngọc,Khuyết tật trí tuệ nhẹ,"May công nghiệp, tỉ mỉ, chịu được áp lực dây chuyền","Quận Cầu Giấy, Hà Nội",0990794318,Sẵn sàng đi làm ngay
Hoàng Thành Sơn,Khiếm thính,"Viết tin nhắn rõ ràng, kiên nhẫn, hiểu sản phẩm","TP. Vinh, Nghệ An",0922378195,Sẵn sàng đi làm ngay
Võ Bích Hoa,Khiếm thính,"Viết lách, nghiên cứu thông tin, SEO cơ bản","TP. Thủ Đức, TP.HCM",0959235889,Sẵn sàng đi làm ngay
Vũ Mỹ Yến,Đa khuyết tật nhẹ,"Khéo tay, kiên nhẫn, tỉ mỉ","Quận Hai Bà Trưng, Hà Nội",0916222119,Sẵn sàng đi làm ngay
Phan Thị Hoa,Khiếm thính,"Photoshop, Illustrator, Canva, tư duy thẩm mỹ","TP. Thủ Đức, TP.HCM",0935895776,Có thể bắt đầu sau 2 tuần
Huỳnh Hữu Hùng,Khiếm thính,"MISA, Excel, nghiệp vụ kế toán","Quận Đống Đa, Hà Nội",0961846177,Sẵn sàng đi làm ngay
Đỗ Đình Hải,Khuyết tật trí tuệ nhẹ,"Giao tiếp tốt, giọng nói rõ, xử lý tình huống","TP. Biên Hòa, Đồng Nai",0944094915,Có thể bắt đầu sau 2 tuần
Võ Mỹ Ngọc,Khuyết tật vận động,"Tin học văn phòng, gõ phím nhanh, cẩn thận, tỉ mỉ",TP. Huế,0924599356,Sẵn sàng đi làm ngay
Ngô Ngọc Ngọc,Đa khuyết tật nhẹ,"Khéo tay, kiên nhẫn, tỉ mỉ",TP. Huế,0938300963,Có thể bắt đầu sau 2 tuần
Đỗ Thị Linh,Đa khuyết tật nhẹ,"Khéo tay, kiên nhẫn, tỉ mỉ",TP. Cần Thơ,0950803020,Có thể bắt đầu sau 2 tuần
Ngô Minh Hải,Khiếm thính,"MISA, Excel, nghiệp vụ kế toán","TP. Vinh, Nghệ An",0974006673,Có thể bắt đầu sau 2 tuần
Phan Quang Kiên,Khuyết tật ngôn ngữ,"MISA, Excel, nghiệp vụ kế toán","TP. Thủ Đức, TP.HCM",0960238044,Sẵn sàng đi làm ngay
Bùi Văn Bảo,Khiếm thính,"Tin học văn phòng, gõ phím nhanh, cẩn thận, tỉ mỉ","Quận Tân Bình, TP.HCM",0916374169,Sẵn sàng đi làm ngay
Ngô Đình Hùng,Khuyết tật ngôn ngữ,"Viết lách, nghiên cứu thông tin, SEO cơ bản","Quận Bình Thạnh, TP.HCM",0970815117,Có thể bắt đầu sau 2 tuần
Phan Bích Ngọc,Khuyết tật ngôn ngữ,"Chốt sale qua tin nhắn, quản lý đơn hàng, Excel cơ bản","Quận Cầu Giấy, Hà Nội",0993721739,Có thể bắt đầu sau 2 tuần
Dương Kim Ngọc,Khuyết tật trí tuệ nhẹ,"Cẩn thận, làm theo quy trình, sức khỏe ổn định",TP. Cần Thơ,0971230430,Sẵn sàng đi làm ngay
Võ Kim Yến,Khuyết tật ngôn ngữ,"Python, SQL, Git, tư duy logic","TP. Thủ Đức, TP.HCM",0995466762,Có thể bắt đầu sau 2 tuần
Đặng Văn Khoa,Khiếm thị,"Nghe hiểu tốt, gõ phím nhanh, tập trung","TP. Biên Hòa, Đồng Nai",0951552908,Sẵn sàng đi làm ngay
Lý Đình Hải,Đa khuyết tật nhẹ,"Photoshop, Illustrator, Canva, tư duy thẩm mỹ","Quận Cầu Giấy, Hà Nội",0949517947,Có thể bắt đầu sau 2 tuần
Đặng Thị Yến,Đa khuyết tật nhẹ,"Khéo tay, kiên nhẫn, tỉ mỉ","TP. Nha Trang, Khánh Hòa",0993512668,Sẵn sàng đi làm ngay
Phan Mỹ Yến,Khuyết tật ngôn ngữ,"Viết tin nhắn rõ ràng, kiên nhẫn, hiểu sản phẩm","TP. Thủ Đức, TP.HCM",0914096369,Sẵn sàng đi làm ngay
Võ Bích Linh,Khiếm thị,"Nghe hiểu tốt, gõ phím nhanh, tập trung",TP. Cần Thơ,0979792383,Sẵn sàng đi làm ngay
Bùi Đình Kiên,Khuyết tật vận động,"Chốt sale qua tin nhắn, quản lý đơn hàng, Excel cơ bản","TP. Thủ Dầu Một, Bình Dương",0985316719,Có thể bắt đầu sau 2 tuần
Lý Thành Kiên,Đa khuyết tật nhẹ,"Khéo tay, kiên nhẫn, tỉ mỉ","Quận 1, TP.HCM",0925811556,Có thể bắt đầu sau 2 tuần
Huỳnh Đình Phong,"Khuyết tật thần kinh, tâm thần (ổn định)","Khéo tay, kiên nhẫn, tỉ mỉ",TP. Huế,0989257196,Có thể bắt đầu sau 2 tuần
Phan Thị Mai,Khuyết tật ngôn ngữ,"MISA, Excel, nghiệp vụ kế toán","TP. Thủ Đức, TP.HCM",0961329407,Sẵn sàng đi làm ngay
Lý Thị Mai,Khuyết tật vận động,"Viết lách, nghiên cứu thông tin, SEO cơ bản","Quận Bình Thạnh, TP.HCM",0974683425,Có thể bắt đầu sau 2 tuần
Ngô Anh Bảo,Khiếm thính,"Ngôn ngữ ký hiệu, biên tập video cơ bản","TP. Thủ Đức, TP.HCM",0955211575,Có thể bắt đầu sau 2 tuần
Dương Minh Phong,Đa khuyết tật nhẹ,"Photoshop, Illustrator, Canva, tư duy thẩm mỹ",TP. Đà Nẵng,0982674616,Sẵn sàng đi làm ngay
Dương Bích Hoa,Khuyết tật ngôn ngữ,"Chốt sale qua tin nhắn, quản lý đơn hàng, Excel cơ bản",TP. Cần Thơ,0913953262,Có thể bắt đầu sau 2 tuần
Nguyễn Thành Bảo,Khiếm thị,"Tin học văn phòng, kỹ năng sư phạm, kiên nhẫn","Quận Hai Bà Trưng, Hà Nội",0962435239,Có thể bắt đầu sau 2 tuần
Trần Diệu Yến,Khuyết tật trí tuệ nhẹ,"Giao tiếp tốt, giọng nói rõ, xử lý tình huống","Quận 3, TP.HCM",0977632223,Sẵn sàng đi làm ngay
Dương Diệu Hoa,Khiếm thính,"Ngôn ngữ ký hiệu, biên tập video cơ bản","Quận Đống Đa, Hà Nội",0916431196,Có thể bắt đầu sau 2 tuần
Trần Hữu Vinh,Khuyết tật trí tuệ nhẹ,"Giao tiếp tốt, giọng nói rõ, xử lý tình huống",TP. Đà Nẵng,0953136609,Sẵn sàng đi làm ngay
Dương Mỹ Vy,Khuyết tật trí tuệ nhẹ,"May công nghiệp, tỉ mỉ, chịu được áp lực dây chuyền","Quận Đống Đa, Hà Nội",0965181600,Sẵn sàng đi làm ngay
Bùi Văn Tuấn,Khiếm thính,"May công nghiệp, tỉ mỉ, chịu được áp lực dây chuyền","Quận Hai Bà Trưng, Hà Nội",0969142981,Sẵn sàng đi làm ngay
Nguyễn Mỹ Hương,Khuyết tật vận động,"Viết lách, nghiên cứu thông tin, SEO cơ bản","Quận Cầu Giấy, Hà Nội",0964119168,Có thể bắt đầu sau 2 tuần
Huỳnh Hữu Vinh,Khuyết tật trí tuệ nhẹ,"May công nghiệp, tỉ mỉ, chịu được áp lực dây chuyền","TP. Thủ Đức, TP.HCM",0976047752,Có thể bắt đầu sau 2 tuần
Lý Đình Bảo,Đa khuyết tật nhẹ,"Khéo tay, kiên nhẫn, tỉ mỉ","TP. Nha Trang, Khánh Hòa",0990771986,Sẵn sàng đi làm ngay
Phan Bích Mai,Đa khuyết tật nhẹ,"Khéo tay, kiên nhẫn, tỉ mỉ","Quận 1, TP.HCM",0945272295,Sẵn sàng đi làm ngay
Vũ Đình Đức,Khiếm thị,"Nghe hiểu tốt, gõ phím nhanh, tập trung","Quận Đống Đa, Hà Nội",0958033697,Có thể bắt đầu sau 2 tuần
Lý Thị Thảo,Khiếm thị,"Nghe hiểu tốt, gõ phím nhanh, tập trung","TP. Thủ Dầu Một, Bình Dương",0983106438,Có thể bắt đầu sau 2 tuần
Dương Ngọc Vy,Khuyết tật trí tuệ nhẹ,"Giao tiếp tốt, giọng nói rõ, xử lý tình huống","Quận Đống Đa, Hà Nội",0923644112,Sẵn sàng đi làm ngay
Trần Thành Hải,Khiếm thị,"Xoa bóp bấm huyệt, cảm nhận cơ thể tốt","TP. Nha Trang, Khánh Hòa",0978893211,Có thể bắt đầu sau 2 tuần
Vũ Thu Yến,Khuyết tật vận động,"Python, SQL, Git, tư duy logic","TP. Vinh, Nghệ An",0926275807,Sẵn sàng đi làm ngay
Hoàng Văn Vinh,Khuyết tật trí tuệ nhẹ,"Giao tiếp tốt, giọng nói rõ, xử lý tình huống",TP. Cần Thơ,0932641668,Có thể bắt đầu sau 2 tuần
Dương Văn Sơn,Khuyết tật vận động,"Tin học văn phòng, gõ phím nhanh, cẩn thận, tỉ mỉ","TP. Thủ Đức, TP.HCM",0967869281,Sẵn sàng đi làm ngay
Phạm Diệu Lan,Khiếm thính,"Viết tin nhắn rõ ràng, kiên nhẫn, hiểu sản phẩm","TP. Vinh, Nghệ An",0963466917,Sẵn sàng đi làm ngay
Đỗ Bích Mai,Khiếm thính,"Python, SQL, Git, tư duy logic","TP. Vinh, Nghệ An",0932859720,Có thể bắt đầu sau 2 tuần
Bùi Xuân Bảo,Khiếm thính,"Tin học văn phòng, gõ phím nhanh, cẩn thận, tỉ mỉ","Quận Cầu Giấy, Hà Nội",0981973450,Có thể bắt đầu sau 2 tuần
Hoàng Mỹ Hương,Khiếm thính,"Ngôn ngữ ký hiệu, biên tập video cơ bản","Quận Đống Đa, Hà Nội",0986842305,Sẵn sàng đi làm ngay
Ngô Kim Thảo,"Khuyết tật thần kinh, tâm thần (ổn định)","Chốt sale qua tin nhắn, quản lý đơn hàng, Excel cơ bản",Làm việc từ xa (Remote toàn quốc),0941388763,Có thể bắt đầu sau 2 tuần
Lý Đình Khoa,Đa khuyết tật nhẹ,"Photoshop, Illustrator, Canva, tư duy thẩm mỹ","Quận Hai Bà Trưng, Hà Nội",0952740512,Sẵn sàng đi làm ngay
Đỗ Thành Phong,Khuyết tật vận động,"Viết tin nhắn rõ ràng, kiên nhẫn, hiểu sản phẩm","TP. Vinh, Nghệ An",0925971233,Sẵn sàng đi làm ngay
Dương Ngọc Yến,"Khuyết tật thần kinh, tâm thần (ổn định)","Tin học văn phòng, gõ phím nhanh, cẩn thận, tỉ mỉ","TP. Nha Trang, Khánh Hòa",0979562011,Có thể bắt đầu sau 2 tuần
Ngô Đình Sơn,Khiếm thị,"Xoa bóp bấm huyệt, cảm nhận cơ thể tốt","TP. Thủ Dầu Một, Bình Dương",0998437475,Có thể bắt đầu sau 2 tuần
Huỳnh Thị Yến,Khiếm thị,"Nghe hiểu tốt, gõ phím nhanh, tập trung","TP. Thủ Dầu Một, Bình Dương",0998523993,Sẵn sàng đi làm ngay
Lý Minh Phong,Đa khuyết tật nhẹ,"Khéo tay, kiên nhẫn, tỉ mỉ","TP. Vinh, Nghệ An",0986427842,Sẵn sàng đi làm ngay
Trần Ngọc Nga,Khiếm thính,"MISA, Excel, nghiệp vụ kế toán","Quận Cầu Giấy, Hà Nội",0986217823,Sẵn sàng đi làm ngay
Phạm Minh Khoa,Khuyết tật trí tuệ nhẹ,"Giao tiếp tốt, giọng nói rõ, xử lý tình huống",TP. Đà Nẵng,0912169801,Có thể bắt đầu sau 2 tuần
Ngô Quang Kiên,Khiếm thị,"Xoa bóp bấm huyệt, cảm nhận cơ thể tốt","TP. Biên Hòa, Đồng Nai",0982783901,Sẵn sàng đi làm ngay
Võ Bích Hương,"Khuyết tật thần kinh, tâm thần (ổn định)","Khéo tay, kiên nhẫn, tỉ mỉ",TP. Đà Nẵng,0950015306,Có thể bắt đầu sau 2 tuần
Bùi Anh Tuấn,Khuyết tật vận động,"Tin học văn phòng, kỹ năng sư phạm, kiên nhẫn","Quận Bình Thạnh, TP.HCM",0994029135,Sẵn sàng đi làm ngay
Trần Đình Hải,Khuyết tật trí tuệ nhẹ,"Giao tiếp tốt, giọng nói rõ, xử lý tình huống","TP. Vinh, Nghệ An",0983010270,Sẵn sàng đi làm ngay
Võ Bích Hương,Khuyết tật trí tuệ nhẹ,"Cẩn thận, làm theo quy trình, sức khỏe ổn định","Quận Đống Đa, Hà Nội",0913518905,Có thể bắt đầu sau 2 tuần
Ngô Hữu Vinh,Khuyết tật trí tuệ nhẹ,"Khéo tay, kiên nhẫn, tỉ mỉ","TP. Nha Trang, Khánh Hòa",0994264437,Sẵn sàng đi làm ngay
Phan Diệu Ngọc,Khuyết tật trí tuệ nhẹ,"Cẩn thận, làm theo quy trình, sức khỏe ổn định",Làm việc từ xa (Remote toàn quốc),0987120547,Có thể bắt đầu sau 2 tuần
Dương Thu Mai,Khuyết tật ngôn ngữ,"Viết tin nhắn rõ ràng, kiên nhẫn, hiểu sản phẩm","TP. Thủ Đức, TP.HCM",0987417359,Sẵn sàng đi làm ngay
Bùi Mỹ Vy,"Khuyết tật thần kinh, tâm thần (ổn định)","Tin học văn phòng, gõ phím nhanh, cẩn thận, tỉ mỉ","TP. Biên Hòa, Đồng Nai",0934996331,Sẵn sàng đi làm ngay
Nguyễn Thị Vy,Đa khuyết tật nhẹ,"Photoshop, Illustrator, Canva, tư duy thẩm mỹ","TP. Thủ Dầu Một, Bình Dương",0958366333,Có thể bắt đầu sau 2 tuần
Bùi Văn Hùng,Khuyết tật trí tuệ nhẹ,"Cẩn thận, làm theo quy trình, sức khỏe ổn định","TP. Biên Hòa, Đồng Nai",0926753792,Sẵn sàng đi làm ngay
Dương Minh Nam,Khuyết tật ngôn ngữ,"Photoshop, Illustrator, Canva, tư duy thẩm mỹ","TP. Biên Hòa, Đồng Nai",0980274372,Sẵn sàng đi làm ngay
Lê Minh Nam,Khuyết tật ngôn ngữ,"Viết tin nhắn rõ ràng, kiên nhẫn, hiểu sản phẩm","Quận Đống Đa, Hà Nội",0995671339,Sẵn sàng đi làm ngay
Dương Diệu Linh,Khiếm thị,"Viết lách, nghiên cứu thông tin, SEO cơ bản","TP. Nha Trang, Khánh Hòa",0983307318,Có thể bắt đầu sau 2 tuần
Phan Hữu Kiên,Khuyết tật ngôn ngữ,"Tin học văn phòng, gõ phím nhanh, cẩn thận, tỉ mỉ","TP. Biên Hòa, Đồng Nai",0954007398,Sẵn sàng đi làm ngay
Lê Thu Yến,Đa khuyết tật nhẹ,"Khéo tay, kiên nhẫn, tỉ mỉ",Làm việc từ xa (Remote toàn quốc),0932505538,Có thể bắt đầu sau 2 tuần
Dương Thu Mai,Khiếm thị,"Tin học văn phòng, kỹ năng sư phạm, kiên nhẫn","Quận Hai Bà Trưng, Hà Nội",0991595999,Có thể bắt đầu sau 2 tuần
Dương Kim Lan,Khuyết tật vận động,"Photoshop, Illustrator, Canva, tư duy thẩm mỹ","Quận Hai Bà Trưng, Hà Nội",0985153004,Có thể bắt đầu sau 2 tuần
Bùi Minh Phong,Khuyết tật vận động,"Nghe hiểu tốt, gõ phím nhanh, tập trung","Quận 1, TP.HCM",0984985418,Sẵn sàng đi làm ngay
Ngô Diệu Trang,Khuyết tật ngôn ngữ,"Python, SQL, Git, tư duy logic",Làm việc từ xa (Remote toàn quốc),0940092515,Sẵn sàng đi làm ngay
Lý Kim Ngọc,Khuyết tật vận động,"Chốt sale qua tin nhắn, quản lý đơn hàng, Excel cơ bản","Quận Tân Bình, TP.HCM",0920000514,Có thể bắt đầu sau 2 tuần
Lê Anh Bảo,Khiếm thính,"Cẩn thận, làm theo quy trình, sức khỏe ổn định",Làm việc từ xa (Remote toàn quốc),0941677801,Sẵn sàng đi làm ngay
Phạm Hữu Đức,Khiếm thính,"Photoshop, Illustrator, Canva, tư duy thẩm mỹ","TP. Thủ Dầu Một, Bình Dương",0949413034,Sẵn sàng đi làm ngay
Trần Đình Đức,Khuyết tật vận động,"Nghe hiểu tốt, gõ phím nhanh, tập trung","Quận Đống Đa, Hà Nội",0993131712,Có thể bắt đầu sau 2 tuần
Đỗ Kim Lan,Đa khuyết tật nhẹ,"Khéo tay, kiên nhẫn, tỉ mỉ",Làm việc từ xa (Remote toàn quốc),0941963795,Có thể bắt đầu sau 2 tuần
Nguyễn Thu Hương,Khuyết tật trí tuệ nhẹ,"Khéo tay, kiên nhẫn, tỉ mỉ","Quận 3, TP.HCM",0996343880,Có thể bắt đầu sau 2 tuần
Ngô Xuân Phong,Khuyết tật vận động,"Photoshop, Illustrator, Canva, tư duy thẩm mỹ","Quận 3, TP.HCM",0992640373,Sẵn sàng đi làm ngay
Võ Đình Tuấn,Khiếm thính,"Chốt sale qua tin nhắn, quản lý đơn hàng, Excel cơ bản",Làm việc từ xa (Remote toàn quốc),0910902819,Sẵn sàng đi làm ngay
Phan Đình Đức,Khiếm thị,"Nghe hiểu tốt, gõ phím nhanh, tập trung","TP. Thủ Dầu Một, Bình Dương",0984813845,Có thể bắt đầu sau 2 tuần
Nguyễn Diệu Ngọc,Đa khuyết tật nhẹ,"Khéo tay, kiên nhẫn, tỉ mỉ",TP. Huế,0977973150,Sẵn sàng đi làm ngay
Hoàng Đình Nam,Đa khuyết tật nhẹ,"Khéo tay, kiên nhẫn, tỉ mỉ","TP. Vinh, Nghệ An",0976130666,Có thể bắt đầu sau 2 tuần
Võ Bích Ngọc,Khuyết tật ngôn ngữ,"Python, SQL, Git, tư duy logic",TP. Đà Nẵng,0966635132,Có thể bắt đầu sau 2 tuần
Lê Thu Ngọc,Đa khuyết tật nhẹ,"Khéo tay, kiên nhẫn, tỉ mỉ",TP. Cần Thơ,0925925976,Có thể bắt đầu sau 2 tuần
Huỳnh Văn Hùng,Đa khuyết tật nhẹ,"Cẩn thận, làm theo quy trình, sức khỏe ổn định",TP. Huế,0915754576,Sẵn sàng đi làm ngay
Đặng Ngọc Lan,Khuyết tật vận động,"Nghe hiểu tốt, gõ phím nhanh, tập trung","Quận Hai Bà Trưng, Hà Nội",0941731923,Sẵn sàng đi làm ngay
Dương Quang Hùng,Đa khuyết tật nhẹ,"Photoshop, Illustrator, Canva, tư duy thẩm mỹ","TP. Biên Hòa, Đồng Nai",0953483402,Sẵn sàng đi làm ngay
Bùi Kim Anh,Khiếm thính,"MISA, Excel, nghiệp vụ kế toán","Quận Đống Đa, Hà Nội",0934447629,Sẵn sàng đi làm ngay
Dương Kim Yến,Khuyết tật vận động,"Giao tiếp tốt, giọng nói rõ, xử lý tình huống",TP. Cần Thơ,0961784641,Sẵn sàng đi làm ngay
Vũ Bích Linh,"Khuyết tật thần kinh, tâm thần (ổn định)","Viết lách, nghiên cứu thông tin, SEO cơ bản","TP. Thủ Đức, TP.HCM",0966783807,Sẵn sàng đi làm ngay
Đỗ Bích Yến,"Khuyết tật thần kinh, tâm thần (ổn định)","Tin học văn phòng, kỹ năng sư phạm, kiên nhẫn","TP. Vinh, Nghệ An",0930093022,Có thể bắt đầu sau 2 tuần
Lý Quang Sơn,Khiếm thị,"Viết lách, nghiên cứu thông tin, SEO cơ bản","Quận Cầu Giấy, Hà Nội",0980575394,Sẵn sàng đi làm ngay
Đỗ Hữu Nam,Đa khuyết tật nhẹ,"Photoshop, Illustrator, Canva, tư duy thẩm mỹ","Quận Tân Bình, TP.HCM",0936867851,Sẵn sàng đi làm ngay
Bùi Hữu Hùng,Đa khuyết tật nhẹ,"Cẩn thận, làm theo quy trình, sức khỏe ổn định","Quận 1, TP.HCM",0960621065,Có thể bắt đầu sau 2 tuần
Phan Đình Hải,Khiếm thính,"MISA, Excel, nghiệp vụ kế toán","Quận Hai Bà Trưng, Hà Nội",0984188311,Sẵn sàng đi làm ngay
Ngô Hữu Kiên,Khiếm thính,"MISA, Excel, nghiệp vụ kế toán","Quận Cầu Giấy, Hà Nội",0971206971,Sẵn sàng đi làm ngay
Vũ Anh Khoa,Khiếm thị,"Viết lách, nghiên cứu thông tin, SEO cơ bản",Làm việc từ xa (Remote toàn quốc),0994253102,Sẵn sàng đi làm ngay
Dương Thị Nga,Khiếm thị,"Tin học văn phòng, kỹ năng sư phạm, kiên nhẫn","TP. Thủ Đức, TP.HCM",0929118747,Sẵn sàng đi làm ngay
Phan Kim Linh,Khuyết tật ngôn ngữ,"Chốt sale qua tin nhắn, quản lý đơn hàng, Excel cơ bản","TP. Vinh, Nghệ An",0923723755,Sẵn sàng đi làm ngay
Đỗ Hữu Kiên,Khuyết tật ngôn ngữ,"Chốt sale qua tin nhắn, quản lý đơn hàng, Excel cơ bản","Quận Cầu Giấy, Hà Nội",0972917577,Sẵn sàng đi làm ngay
Vũ Bích Linh,Khuyết tật trí tuệ nhẹ,"May công nghiệp, tỉ mỉ, chịu được áp lực dây chuyền","Quận Đống Đa, Hà Nội",0985763872,Sẵn sàng đi làm ngay
Lê Quang Vinh,Khiếm thị,"Xoa bóp bấm huyệt, cảm nhận cơ thể tốt","TP. Biên Hòa, Đồng Nai",0965289687,Có thể bắt đầu sau 2 tuần
Bùi Thị Vy,Khiếm thính,"Khéo tay, kiên nhẫn, tỉ mỉ","TP. Biên Hòa, Đồng Nai",0950694620,Sẵn sàng đi làm ngay
Lý Anh Vinh,Khuyết tật ngôn ngữ,"Photoshop, Illustrator, Canva, tư duy thẩm mỹ","Quận Hai Bà Trưng, Hà Nội",0942819076,Có thể bắt đầu sau 2 tuần
Huỳnh Thu Trang,Đa khuyết tật nhẹ,"Cẩn thận, làm theo quy trình, sức khỏe ổn định","Quận Đống Đa, Hà Nội",0966086286,Sẵn sàng đi làm ngay
Đỗ Mỹ Linh,"Khuyết tật thần kinh, tâm thần (ổn định)","Cẩn thận, làm theo quy trình, sức khỏe ổn định","TP. Vinh, Nghệ An",0931684442,Có thể bắt đầu sau 2 tuần
Đặng Minh Bảo,Khuyết tật vận động,"Viết tin nhắn rõ ràng, kiên nhẫn, hiểu sản phẩm","Quận 1, TP.HCM",0976856183,Sẵn sàng đi làm ngay
Lý Xuân Hùng,"Khuyết tật thần kinh, tâm thần (ổn định)","Photoshop, Illustrator, Canva, tư duy thẩm mỹ","Quận Cầu Giấy, Hà Nội",0935071163,Sẵn sàng đi làm ngay
Nguyễn Xuân Khoa,Khuyết tật trí tuệ nhẹ,"Giao tiếp tốt, giọng nói rõ, xử lý tình huống","Quận Cầu Giấy, Hà Nội",0976800285,Có thể bắt đầu sau 2 tuần
Lê Kim Mai,Khiếm thị,"Tin học văn phòng, kỹ năng sư phạm, kiên nhẫn","TP. Biên Hòa, Đồng Nai",0942618558,Sẵn sàng đi làm ngay
Lê Mỹ Anh,Khiếm thính,"Ngôn ngữ ký hiệu, biên tập video cơ bản","Quận Tân Bình, TP.HCM",0917286763,Sẵn sàng đi làm ngay
Hoàng Mỹ Ngọc,Khiếm thị,"Xoa bóp bấm huyệt, cảm nhận cơ thể tốt","Quận 3, TP.HCM",0972492044,Sẵn sàng đi làm ngay
Huỳnh Bích Anh,Khuyết tật ngôn ngữ,"Chốt sale qua tin nhắn, quản lý đơn hàng, Excel cơ bản","TP. Vinh, Nghệ An",0959954883,Sẵn sàng đi làm ngay
Bùi Thị Hoa,Khuyết tật vận động,"Python, SQL, Git, tư duy logic","Quận Hai Bà Trưng, Hà Nội",0937111336,Sẵn sàng đi làm ngay
Bùi Anh Sơn,Khuyết tật vận động,"Viết tin nhắn rõ ràng, kiên nhẫn, hiểu sản phẩm","TP. Nha Trang, Khánh Hòa",0971768981,Sẵn sàng đi làm ngay
Dương Diệu Lan,Đa khuyết tật nhẹ,"Photoshop, Illustrator, Canva, tư duy thẩm mỹ","Quận Đống Đa, Hà Nội",0913065610,Có thể bắt đầu sau 2 tuần
Ngô Kim Anh,"Khuyết tật thần kinh, tâm thần (ổn định)","Khéo tay, kiên nhẫn, tỉ mỉ","Quận Cầu Giấy, Hà Nội",0956740994,Sẵn sàng đi làm ngay
Vũ Quang Hùng,Khiếm thính,"Viết lách, nghiên cứu thông tin, SEO cơ bản","Quận Đống Đa, Hà Nội",0992152010,Có thể bắt đầu sau 2 tuần
Vũ Xuân Sơn,Khiếm thính,"Chốt sale qua tin nhắn, quản lý đơn hàng, Excel cơ bản",TP. Huế,0991697955,Có thể bắt đầu sau 2 tuần
Bùi Đình Sơn,Khiếm thị,"Tin học văn phòng, kỹ năng sư phạm, kiên nhẫn","Quận 3, TP.HCM",0937816036,Sẵn sàng đi làm ngay
Phan Đình Hùng,Đa khuyết tật nhẹ,"Cẩn thận, làm theo quy trình, sức khỏe ổn định","TP. Vinh, Nghệ An",0925457307,Sẵn sàng đi làm ngay
Trần Thành Sơn,"Khuyết tật thần kinh, tâm thần (ổn định)","Cẩn thận, làm theo quy trình, sức khỏe ổn định","Quận Bình Thạnh, TP.HCM",0927381528,Có thể bắt đầu sau 2 tuần
Vũ Anh Kiên,Khiếm thính,"Photoshop, Illustrator, Canva, tư duy thẩm mỹ","Quận 3, TP.HCM",0981022010,Có thể bắt đầu sau 2 tuần
Nguyễn Quang Phong,Khiếm thị,"Nghe hiểu tốt, gõ phím nhanh, tập trung","Quận Đống Đa, Hà Nội",0961040801,Sẵn sàng đi làm ngay
Vũ Bích Trang,Khuyết tật ngôn ngữ,"Tin học văn phòng, gõ phím nhanh, cẩn thận, tỉ mỉ","Quận Cầu Giấy, Hà Nội",0979926458,Sẵn sàng đi làm ngay
Trần Văn Khoa,Đa khuyết tật nhẹ,"Khéo tay, kiên nhẫn, tỉ mỉ","Quận Cầu Giấy, Hà Nội",0962986971,Sẵn sàng đi làm ngay
Đặng Ngọc Hương,Khiếm thị,"Viết lách, nghiên cứu thông tin, SEO cơ bản","Quận 1, TP.HCM",0990037153,Sẵn sàng đi làm ngay
Đỗ Thu Anh,Khiếm thị,"Xoa bóp bấm huyệt, cảm nhận cơ thể tốt","Quận Đống Đa, Hà Nội",0961069257,Có thể bắt đầu sau 2 tuần
Ngô Bích Vy,Khiếm thính,"Ngôn ngữ ký hiệu, biên tập video cơ bản","Quận 1, TP.HCM",0986352450,Sẵn sàng đi làm ngay
Ngô Xuân Sơn,Khiếm thị,"Tin học văn phòng, kỹ năng sư phạm, kiên nhẫn","Quận 1, TP.HCM",0929042679,Sẵn sàng đi làm ngay
Võ Minh Nam,Khuyết tật trí tuệ nhẹ,"Khéo tay, kiên nhẫn, tỉ mỉ","TP. Biên Hòa, Đồng Nai",0938455850,Có thể bắt đầu sau 2 tuần
Nguyễn Xuân Hùng,Khuyết tật vận động,"Photoshop, Illustrator, Canva, tư duy thẩm mỹ","TP. Thủ Đức, TP.HCM",0966701593,Sẵn sàng đi làm ngay
Phạm Thu Hoa,Khuyết tật ngôn ngữ,"Photoshop, Illustrator, Canva, tư duy thẩm mỹ",Làm việc từ xa (Remote toàn quốc),0932327365,Sẵn sàng đi làm ngay
Phan Văn Phong,Khiếm thính,"Cẩn thận, làm theo quy trình, sức khỏe ổn định","Quận Bình Thạnh, TP.HCM",0940628653,Sẵn sàng đi làm ngay
Huỳnh Đình Kiên,Đa khuyết tật nhẹ,"Khéo tay, kiên nhẫn, tỉ mỉ","Quận Tân Bình, TP.HCM",0994790000,Sẵn sàng đi làm ngay
Phạm Văn Bảo,Khiếm thị,"Viết lách, nghiên cứu thông tin, SEO cơ bản","Quận 3, TP.HCM",0958746103,Có thể bắt đầu sau 2 tuần
Huỳnh Minh Bảo,Khuyết tật trí tuệ nhẹ,"Cẩn thận, làm theo quy trình, sức khỏe ổn định","TP. Vinh, Nghệ An",0918708366,Sẵn sàng đi làm ngay
Huỳnh Đình Hải,Khuyết tật ngôn ngữ,"MISA, Excel, nghiệp vụ kế toán","TP. Thủ Dầu Một, Bình Dương",0943726394,Sẵn sàng đi làm ngay
Vũ Hữu Hùng,Khiếm thính,"Python, SQL, Git, tư duy logic",TP. Đà Nẵng,0984482974,Sẵn sàng đi làm ngay
Nguyễn Thành Khoa,Khiếm thính,"MISA, Excel, nghiệp vụ kế toán","Quận Tân Bình, TP.HCM",0940850070,Sẵn sàng đi làm ngay
Vũ Văn Khoa,Khuyết tật trí tuệ nhẹ,"Khéo tay, kiên nhẫn, tỉ mỉ","Quận Bình Thạnh, TP.HCM",0911762146,Sẵn sàng đi làm ngay
Vũ Văn Vinh,Đa khuyết tật nhẹ,"Cẩn thận, làm theo quy trình, sức khỏe ổn định","TP. Thủ Dầu Một, Bình Dương",0924519890,Có thể bắt đầu sau 2 tuần
Trần Văn Phong,"Khuyết tật thần kinh, tâm thần (ổn định)","Tin học văn phòng, gõ phím nhanh, cẩn thận, tỉ mỉ","TP. Vinh, Nghệ An",0970795682,Sẵn sàng đi làm ngay
Huỳnh Văn Long,Khiếm thính,"Cẩn thận, làm theo quy trình, sức khỏe ổn định","Quận Hai Bà Trưng, Hà Nội",0958468857,Có thể bắt đầu sau 2 tuần
Phạm Ngọc Lan,Khuyết tật vận động,"Khéo tay, kiên nhẫn, tỉ mỉ",TP. Cần Thơ,0936380976,Sẵn sàng đi làm ngay
Huỳnh Kim Vy,Khuyết tật ngôn ngữ,"Viết tin nhắn rõ ràng, kiên nhẫn, hiểu sản phẩm","Quận Cầu Giấy, Hà Nội",0957692057,Sẵn sàng đi làm ngay
Vũ Hữu Khoa,"Khuyết tật thần kinh, tâm thần (ổn định)","Nghe hiểu tốt, gõ phím nhanh, tập trung",TP. Đà Nẵng,0910733725,Sẵn sàng đi làm ngay
Đặng Xuân Long,"Khuyết tật thần kinh, tâm thần (ổn định)","Tin học văn phòng, kỹ năng sư phạm, kiên nhẫn","Quận Đống Đa, Hà Nội",0968716883,Có thể bắt đầu sau 2 tuần
Huỳnh Kim Linh,Khuyết tật trí tuệ nhẹ,"May công nghiệp, tỉ mỉ, chịu được áp lực dây chuyền","Quận Bình Thạnh, TP.HCM",0928551845,Sẵn sàng đi làm ngay
Nguyễn Mỹ Yến,Khuyết tật trí tuệ nhẹ,"Giao tiếp tốt, giọng nói rõ, xử lý tình huống","Quận 3, TP.HCM",0967118172,Sẵn sàng đi làm ngay
Ngô Hữu Hùng,Khuyết tật vận động,"Chốt sale qua tin nhắn, quản lý đơn hàng, Excel cơ bản","Quận 1, TP.HCM",0969986114,Sẵn sàng đi làm ngay
Lý Văn Vinh,"Khuyết tật thần kinh, tâm thần (ổn định)","Viết lách, nghiên cứu thông tin, SEO cơ bản","Quận Tân Bình, TP.HCM",0997926462,Sẵn sàng đi làm ngay
Đặng Quang Kiên,Khiếm thị,"Xoa bóp bấm huyệt, cảm nhận cơ thể tốt",TP. Đà Nẵng,0918828684,Sẵn sàng đi làm ngay
Đặng Thị Ngọc,Khiếm thị,"Xoa bóp bấm huyệt, cảm nhận cơ thể tốt",TP. Đà Nẵng,0949947069,Sẵn sàng đi làm ngay
Lý Diệu Ngọc,Khuyết tật ngôn ngữ,"Chốt sale qua tin nhắn, quản lý đơn hàng, Excel cơ bản",Làm việc từ xa (Remote toàn quốc),0981026399,Có thể bắt đầu sau 2 tuần
Phạm Xuân Kiên,"Khuyết tật thần kinh, tâm thần (ổn định)","Viết tin nhắn rõ ràng, kiên nhẫn, hiểu sản phẩm","Quận Bình Thạnh, TP.HCM",0926143430,Có thể bắt đầu sau 2 tuần
Phan Thị Hương,Khuyết tật trí tuệ nhẹ,"Khéo tay, kiên nhẫn, tỉ mỉ","Quận Tân Bình, TP.HCM",0939029091,Sẵn sàng đi làm ngay
Đặng Quang Nam,Khiếm thính,"Cẩn thận, làm theo quy trình, sức khỏe ổn định",Làm việc từ xa (Remote toàn quốc),0953260996,Sẵn sàng đi làm ngay
Đặng Văn Sơn,Khiếm thị,"Viết lách, nghiên cứu thông tin, SEO cơ bản","Quận Tân Bình, TP.HCM",0945448743,Sẵn sàng đi làm ngay
Phạm Xuân Khoa,Khuyết tật trí tuệ nhẹ,"May công nghiệp, tỉ mỉ, chịu được áp lực dây chuyền","Quận 1, TP.HCM",0933022123,Sẵn sàng đi làm ngay
Bùi Thị Vy,Khuyết tật trí tuệ nhẹ,"Giao tiếp tốt, giọng nói rõ, xử lý tình huống","Quận Cầu Giấy, Hà Nội",0998642773,Sẵn sàng đi làm ngay
Phạm Xuân Nam,Khiếm thính,"MISA, Excel, nghiệp vụ kế toán","Quận Bình Thạnh, TP.HCM",0925026574,Sẵn sàng đi làm ngay
Lý Thị Lan,Khuyết tật trí tuệ nhẹ,"Giao tiếp tốt, giọng nói rõ, xử lý tình huống",TP. Cần Thơ,0983365847,Có thể bắt đầu sau 2 tuần
Lê Mỹ Nga,Khuyết tật vận động,"Giao tiếp tốt, giọng nói rõ, xử lý tình huống","TP. Thủ Đức, TP.HCM",0980054445,Sẵn sàng đi làm ngay
Vũ Kim Hương,Khiếm thị,"Tin học văn phòng, kỹ năng sư phạm, kiên nhẫn","TP. Thủ Dầu Một, Bình Dương",0918283177,Có thể bắt đầu sau 2 tuần
Phan Xuân Kiên,Khuyết tật vận động,"MISA, Excel, nghiệp vụ kế toán","Quận 3, TP.HCM",0922575807,Có thể bắt đầu sau 2 tuần
Đặng Thành Sơn,Khiếm thị,"Nghe hiểu tốt, gõ phím nhanh, tập trung","TP. Nha Trang, Khánh Hòa",0996966644,Sẵn sàng đi làm ngay
Ngô Thành Khoa,Khiếm thị,"Tin học văn phòng, kỹ năng sư phạm, kiên nhẫn",TP. Đà Nẵng,0977737903,Sẵn sàng đi làm ngay
Đặng Bích Thảo,"Khuyết tật thần kinh, tâm thần (ổn định)","Tin học văn phòng, kỹ năng sư phạm, kiên nhẫn","TP. Nha Trang, Khánh Hòa",0999198877,Sẵn sàng đi làm ngay
Phạm Thu Lan,Khuyết tật vận động,"Tin học văn phòng, gõ phím nhanh, cẩn thận, tỉ mỉ","TP. Thủ Dầu Một, Bình Dương",0987977109,Sẵn sàng đi làm ngay
Vũ Bích Linh,Khuyết tật vận động,"Viết lách, nghiên cứu thông tin, SEO cơ bản","Quận 3, TP.HCM",0933760468,Sẵn sàng đi làm ngay
Huỳnh Thu Lan,"Khuyết tật thần kinh, tâm thần (ổn định)","Ngôn ngữ ký hiệu, biên tập video cơ bản","Quận Hai Bà Trưng, Hà Nội",0971772299,Sẵn sàng đi làm ngay
Lê Văn Bảo,Đa khuyết tật nhẹ,"Cẩn thận, làm theo quy trình, sức khỏe ổn định","TP. Nha Trang, Khánh Hòa",0966590557,Có thể bắt đầu sau 2 tuần
Phan Bích Trang,Khuyết tật vận động,"Tin học văn phòng, kỹ năng sư phạm, kiên nhẫn","TP. Nha Trang, Khánh Hòa",0992114934,Sẵn sàng đi làm ngay
Lê Văn Nam,Khuyết tật vận động,"Khéo tay, kiên nhẫn, tỉ mỉ",TP. Cần Thơ,0985273750,Sẵn sàng đi làm ngay
Lý Quang Kiên,Khuyết tật trí tuệ nhẹ,"May công nghiệp, tỉ mỉ, chịu được áp lực dây chuyền","Quận Cầu Giấy, Hà Nội",0964577083,Sẵn sàng đi làm ngay
Võ Diệu Linh,Khuyết tật ngôn ngữ,"Photoshop, Illustrator, Canva, tư duy thẩm mỹ","Quận 1, TP.HCM",0945690939,Sẵn sàng đi làm ngay
Đặng Thành Nam,Khuyết tật ngôn ngữ,"MISA, Excel, nghiệp vụ kế toán","Quận Hai Bà Trưng, Hà Nội",0944699521,Sẵn sàng đi làm ngay
Phan Hữu Sơn,Khiếm thị,"Tin học văn phòng, kỹ năng sư phạm, kiên nhẫn","Quận Bình Thạnh, TP.HCM",0950251854,Sẵn sàng đi làm ngay
Huỳnh Kim Vy,Đa khuyết tật nhẹ,"Photoshop, Illustrator, Canva, tư duy thẩm mỹ","Quận Hai Bà Trưng, Hà Nội",0931910386,Có thể bắt đầu sau 2 tuần
Trần Xuân Vinh,Đa khuyết tật nhẹ,"Photoshop, Illustrator, Canva, tư duy thẩm mỹ",TP. Huế,0964711507,Có thể bắt đầu sau 2 tuần
Nguyễn Thu Mai,Khuyết tật vận động,"Python, SQL, Git, tư duy logic","Quận Hai Bà Trưng, Hà Nội",0978591106,Sẵn sàng đi làm ngay
Huỳnh Thu Trang,Khuyết tật vận động,"Tin học văn phòng, gõ phím nhanh, cẩn thận, tỉ mỉ","Quận Cầu Giấy, Hà Nội",0976517227,Sẵn sàng đi làm ngay
Phan Văn Hải,Khiếm thính,"Chốt sale qua tin nhắn, quản lý đơn hàng, Excel cơ bản","Quận Tân Bình, TP.HCM",0948809347,Sẵn sàng đi làm ngay
Phan Mỹ Anh,Đa khuyết tật nhẹ,"Cẩn thận, làm theo quy trình, sức khỏe ổn định",TP. Huế,0974993537,Có thể bắt đầu sau 2 tuần
Đỗ Văn Khoa,"Khuyết tật thần kinh, tâm thần (ổn định)","Photoshop, Illustrator, Canva, tư duy thẩm mỹ","TP. Thủ Đức, TP.HCM",0982617403,Có thể bắt đầu sau 2 tuần
Vũ Ngọc Lan,"Khuyết tật thần kinh, tâm thần (ổn định)","Tin học văn phòng, gõ phím nhanh, cẩn thận, tỉ mỉ","TP. Nha Trang, Khánh Hòa",0946439924,Sẵn sàng đi làm ngay
Ngô Anh Bảo,Khuyết tật vận động,"Viết lách, nghiên cứu thông tin, SEO cơ bản","Quận Tân Bình, TP.HCM",0934791083,Có thể bắt đầu sau 2 tuần
Võ Quang Vinh,"Khuyết tật thần kinh, tâm thần (ổn định)","Nghe hiểu tốt, gõ phím nhanh, tập trung",TP. Đà Nẵng,0988083792,Sẵn sàng đi làm ngay
Hoàng Mỹ Ngọc,Khuyết tật ngôn ngữ,"Viết lách, nghiên cứu thông tin, SEO cơ bản","TP. Vinh, Nghệ An",0951922948,Sẵn sàng đi làm ngay
Huỳnh Thu Vy,Đa khuyết tật nhẹ,"Photoshop, Illustrator, Canva, tư duy thẩm mỹ","TP. Biên Hòa, Đồng Nai",0916617005,Sẵn sàng đi làm ngay
Nguyễn Diệu Thảo,Khuyết tật ngôn ngữ,"Photoshop, Illustrator, Canva, tư duy thẩm mỹ","Quận Cầu Giấy, Hà Nội",0958495022,Sẵn sàng đi làm ngay
Trần Hữu Phong,Khuyết tật trí tuệ nhẹ,"Giao tiếp tốt, giọng nói rõ, xử lý tình huống","TP. Thủ Dầu Một, Bình Dương",0918303664,Sẵn sàng đi làm ngay
Phạm Quang Phong,Khuyết tật ngôn ngữ,"Viết lách, nghiên cứu thông tin, SEO cơ bản","TP. Nha Trang, Khánh Hòa",0996921883,Sẵn sàng đi làm ngay
Huỳnh Văn Phong,Khuyết tật ngôn ngữ,"Viết lách, nghiên cứu thông tin, SEO cơ bản",TP. Đà Nẵng,0975163798,Sẵn sàng đi làm ngay
Ngô Minh Nam,Khiếm thính,"Chốt sale qua tin nhắn, quản lý đơn hàng, Excel cơ bản",TP. Cần Thơ,0916302637,Sẵn sàng đi làm ngay
Ngô Diệu Mai,Khuyết tật trí tuệ nhẹ,"Cẩn thận, làm theo quy trình, sức khỏe ổn định",TP. Đà Nẵng,0992327874,Sẵn sàng đi làm ngay
Huỳnh Thu Hương,Khuyết tật trí tuệ nhẹ,"Cẩn thận, làm theo quy trình, sức khỏe ổn định","Quận 3, TP.HCM",0911926705,Có thể bắt đầu sau 2 tuần
Dương Xuân Đức,Khuyết tật vận động,"Nghe hiểu tốt, gõ phím nhanh, tập trung",TP. Huế,0982144438,Có thể bắt đầu sau 2 tuần
Ngô Quang Hải,Khuyết tật ngôn ngữ,"Viết tin nhắn rõ ràng, kiên nhẫn, hiểu sản phẩm",TP. Cần Thơ,0977970791,Có thể bắt đầu sau 2 tuần
Phạm Thu Trang,Khiếm thính,"Khéo tay, kiên nhẫn, tỉ mỉ","TP. Thủ Đức, TP.HCM",0964282556,Có thể bắt đầu sau 2 tuần
Ngô Minh Hùng,Đa khuyết tật nhẹ,"Photoshop, Illustrator, Canva, tư duy thẩm mỹ","Quận Cầu Giấy, Hà Nội",0924549026,Sẵn sàng đi làm ngay
Phạm Thị Anh,Khuyết tật vận động,"Tin học văn phòng, kỹ năng sư phạm, kiên nhẫn","TP. Thủ Dầu Một, Bình Dương",0967109058,Sẵn sàng đi làm ngay
Lê Xuân Phong,Khiếm thị,"Xoa bóp bấm huyệt, cảm nhận cơ thể tốt","Quận Cầu Giấy, Hà Nội",0974205049,Sẵn sàng đi làm ngay
Lê Kim Lan,Khuyết tật trí tuệ nhẹ,"Khéo tay, kiên nhẫn, tỉ mỉ","TP. Nha Trang, Khánh Hòa",0962364176,Sẵn sàng đi làm ngay
Đỗ Thị Nga,Khiếm thính,"Python, SQL, Git, tư duy logic",TP. Đà Nẵng,0977559901,Có thể bắt đầu sau 2 tuần
Nguyễn Văn Sơn,Khuyết tật vận động,"MISA, Excel, nghiệp vụ kế toán","TP. Nha Trang, Khánh Hòa",0973697764,Sẵn sàng đi làm ngay
Võ Hữu Nam,Khuyết tật trí tuệ nhẹ,"Cẩn thận, làm theo quy trình, sức khỏe ổn định",Làm việc từ xa (Remote toàn quốc),0987556314,Sẵn sàng đi làm ngay
Lý Mỹ Hương,Khuyết tật vận động,"Khéo tay, kiên nhẫn, tỉ mỉ","Quận 1, TP.HCM",0964834475,Có thể bắt đầu sau 2 tuần
Trần Hữu Nam,Đa khuyết tật nhẹ,"Photoshop, Illustrator, Canva, tư duy thẩm mỹ",TP. Huế,0917176785,Sẵn sàng đi làm ngay
Huỳnh Anh Vinh,Khuyết tật vận động,"Viết tin nhắn rõ ràng, kiên nhẫn, hiểu sản phẩm",Làm việc từ xa (Remote toàn quốc),0989019640,Có thể bắt đầu sau 2 tuần
Vũ Diệu Vy,Đa khuyết tật nhẹ,"Cẩn thận, làm theo quy trình, sức khỏe ổn định","Quận 3, TP.HCM",0932656439,Sẵn sàng đi làm ngay
Hoàng Quang Khoa,Khuyết tật vận động,"MISA, Excel, nghiệp vụ kế toán","Quận Cầu Giấy, Hà Nội",0953526658,Có thể bắt đầu sau 2 tuần
Nguyễn Mỹ Trang,Khuyết tật vận động,"Giao tiếp tốt, giọng nói rõ, xử lý tình huống","Quận 3, TP.HCM",0951003929,Sẵn sàng đi làm ngay
Huỳnh Diệu Linh,Khuyết tật vận động,"Chốt sale qua tin nhắn, quản lý đơn hàng, Excel cơ bản","TP. Vinh, Nghệ An",0920295008,Sẵn sàng đi làm ngay
Hoàng Kim Anh,Khiếm thị,"Nghe hiểu tốt, gõ phím nhanh, tập trung","TP. Vinh, Nghệ An",0975934922,Sẵn sàng đi làm ngay
Vũ Thành Hải,Khuyết tật ngôn ngữ,"MISA, Excel, nghiệp vụ kế toán","Quận Bình Thạnh, TP.HCM",0942600976,Sẵn sàng đi làm ngay
Vũ Quang Khoa,"Khuyết tật thần kinh, tâm thần (ổn định)","Cẩn thận, làm theo quy trình, sức khỏe ổn định","Quận Cầu Giấy, Hà Nội",0982329391,Sẵn sàng đi làm ngay
Huỳnh Bích Mai,Khiếm thị,"Xoa bóp bấm huyệt, cảm nhận cơ thể tốt",Làm việc từ xa (Remote toàn quốc),0918157513,Có thể bắt đầu sau 2 tuần
Phạm Thu Nga,Khiếm thính,"Chốt sale qua tin nhắn, quản lý đơn hàng, Excel cơ bản","TP. Nha Trang, Khánh Hòa",0995274112,Sẵn sàng đi làm ngay
Đỗ Diệu Hương,Khuyết tật trí tuệ nhẹ,"May công nghiệp, tỉ mỉ, chịu được áp lực dây chuyền","TP. Biên Hòa, Đồng Nai",0945804636,Sẵn sàng đi làm ngay
Lý Văn Vinh,Khiếm thị,"Viết lách, nghiên cứu thông tin, SEO cơ bản","Quận Hai Bà Trưng, Hà Nội",0995143591,Có thể bắt đầu sau 2 tuần
Vũ Minh Khoa,Khuyết tật ngôn ngữ,"Tin học văn phòng, gõ phím nhanh, cẩn thận, tỉ mỉ","TP. Nha Trang, Khánh Hòa",0918987335,Có thể bắt đầu sau 2 tuần
Hoàng Anh Long,Khuyết tật vận động,"Python, SQL, Git, tư duy logic",TP. Đà Nẵng,0945149954,Sẵn sàng đi làm ngay
Dương Thu Anh,Đa khuyết tật nhẹ,"Cẩn thận, làm theo quy trình, sức khỏe ổn định","Quận Đống Đa, Hà Nội",0918852650,Sẵn sàng đi làm ngay
Đỗ Thị Hoa,Khuyết tật ngôn ngữ,"Photoshop, Illustrator, Canva, tư duy thẩm mỹ","TP. Vinh, Nghệ An",0996139190,Sẵn sàng đi làm ngay
Phạm Thị Hương,Đa khuyết tật nhẹ,"Cẩn thận, làm theo quy trình, sức khỏe ổn định","TP. Biên Hòa, Đồng Nai",0982025376,Sẵn sàng đi làm ngay
Dương Mỹ Ngọc,Khuyết tật ngôn ngữ,"Viết lách, nghiên cứu thông tin, SEO cơ bản",TP. Đà Nẵng,0986222051,Sẵn sàng đi làm ngay
Lý Bích Ngọc,Khuyết tật ngôn ngữ,"Viết lách, nghiên cứu thông tin, SEO cơ bản","TP. Thủ Đức, TP.HCM",0918176660,Sẵn sàng đi làm ngay
Dương Minh Tuấn,Khuyết tật vận động,"Khéo tay, kiên nhẫn, tỉ mỉ","TP. Thủ Đức, TP.HCM",0928459003,Sẵn sàng đi làm ngay
Dương Kim Mai,Khiếm thị,"Xoa bóp bấm huyệt, cảm nhận cơ thể tốt","Quận Bình Thạnh, TP.HCM",0961182388,Có thể bắt đầu sau 2 tuần
Lý Quang Bảo,Khiếm thị,"Viết lách, nghiên cứu thông tin, SEO cơ bản","TP. Thủ Đức, TP.HCM",0970334957,Sẵn sàng đi làm ngay
Lê Bích Vy,Khiếm thị,"Nghe hiểu tốt, gõ phím nhanh, tập trung","Quận Tân Bình, TP.HCM",0983780240,Sẵn sàng đi làm ngay
Lê Kim Hoa,Khuyết tật trí tuệ nhẹ,"May công nghiệp, tỉ mỉ, chịu được áp lực dây chuyền","Quận Đống Đa, Hà Nội",0987587787,Sẵn sàng đi làm ngay
Trần Hữu Hùng,Khiếm thị,"Nghe hiểu tốt, gõ phím nhanh, tập trung","TP. Thủ Đức, TP.HCM",0934845617,Sẵn sàng đi làm ngay
Đỗ Mỹ Yến,Khiếm thính,"Tin học văn phòng, gõ phím nhanh, cẩn thận, tỉ mỉ","Quận Bình Thạnh, TP.HCM",0960922531,Sẵn sàng đi làm ngay
Đỗ Văn Khoa,Khiếm thính,"MISA, Excel, nghiệp vụ kế toán",Làm việc từ xa (Remote toàn quốc),0921222132,Có thể bắt đầu sau 2 tuần
Ngô Văn Vinh,Khiếm thị,"Viết lách, nghiên cứu thông tin, SEO cơ bản","TP. Nha Trang, Khánh Hòa",0941572277,Có thể bắt đầu sau 2 tuần
Bùi Kim Mai,Khuyết tật vận động,"Nghe hiểu tốt, gõ phím nhanh, tập trung","Quận Hai Bà Trưng, Hà Nội",0916357179,Có thể bắt đầu sau 2 tuần
Phạm Thành Bảo,Khuyết tật vận động,"Viết lách, nghiên cứu thông tin, SEO cơ bản","TP. Thủ Đức, TP.HCM",0952465445,Có thể bắt đầu sau 2 tuần
Nguyễn Văn Tuấn,Đa khuyết tật nhẹ,"Photoshop, Illustrator, Canva, tư duy thẩm mỹ","Quận 3, TP.HCM",0964261234,Có thể bắt đầu sau 2 tuần
Huỳnh Kim Yến,Khiếm thính,"May công nghiệp, tỉ mỉ, chịu được áp lực dây chuyền",TP. Đà Nẵng,0968724936,Có thể bắt đầu sau 2 tuần
Phan Thành Phong,Khuyết tật vận động,"Tin học văn phòng, gõ phím nhanh, cẩn thận, tỉ mỉ","Quận 3, TP.HCM",0946060619,Sẵn sàng đi làm ngay
Lý Hữu Vinh,Khiếm thính,"Ngôn ngữ ký hiệu, biên tập video cơ bản","TP. Nha Trang, Khánh Hòa",0922119360,Có thể bắt đầu sau 2 tuần
Ngô Anh Sơn,Khiếm thị,"Viết lách, nghiên cứu thông tin, SEO cơ bản","Quận 1, TP.HCM",0963529154,Sẵn sàng đi làm ngay
Nguyễn Thị Nga,Khuyết tật ngôn ngữ,"Python, SQL, Git, tư duy logic",Làm việc từ xa (Remote toàn quốc),0985389807,Có thể bắt đầu sau 2 tuần
Hoàng Mỹ Mai,Khuyết tật trí tuệ nhẹ,"Cẩn thận, làm theo quy trình, sức khỏe ổn định","Quận Đống Đa, Hà Nội",0986164272,Sẵn sàng đi làm ngay
Đặng Văn Khoa,Khuyết tật trí tuệ nhẹ,"May công nghiệp, tỉ mỉ, chịu được áp lực dây chuyền","TP. Nha Trang, Khánh Hòa",0941417664,Sẵn sàng đi làm ngay
Vũ Bích Vy,Khuyết tật ngôn ngữ,"Viết lách, nghiên cứu thông tin, SEO cơ bản","Quận Tân Bình, TP.HCM",0996011916,Sẵn sàng đi làm ngay
Nguyễn Thành Nam,Khuyết tật ngôn ngữ,"Tin học văn phòng, gõ phím nhanh, cẩn thận, tỉ mỉ","TP. Thủ Dầu Một, Bình Dương",0958723900,Sẵn sàng đi làm ngay
Lý Quang Nam,Khiếm thính,"Chốt sale qua tin nhắn, quản lý đơn hàng, Excel cơ bản","TP. Vinh, Nghệ An",0912989960,Có thể bắt đầu sau 2 tuần
Vũ Bích Mai,Khiếm thị,"Tin học văn phòng, kỹ năng sư phạm, kiên nhẫn","TP. Thủ Dầu Một, Bình Dương",0987485535,Sẵn sàng đi làm ngay
Nguyễn Hữu Khoa,Đa khuyết tật nhẹ,"Photoshop, Illustrator, Canva, tư duy thẩm mỹ","TP. Nha Trang, Khánh Hòa",0910784416,Có thể bắt đầu sau 2 tuần
Trần Thu Nga,Khuyết tật ngôn ngữ,"Python, SQL, Git, tư duy logic","TP. Thủ Đức, TP.HCM",0978517715,Sẵn sàng đi làm ngay
Vũ Hữu Kiên,Khiếm thính,"Cẩn thận, làm theo quy trình, sức khỏe ổn định",Làm việc từ xa (Remote toàn quốc),0928517985,Sẵn sàng đi làm ngay
Trần Diệu Vy,Khuyết tật trí tuệ nhẹ,"May công nghiệp, tỉ mỉ, chịu được áp lực dây chuyền","Quận Bình Thạnh, TP.HCM",0984011120,Sẵn sàng đi làm ngay
Lê Đình Nam,Khiếm thính,"Chốt sale qua tin nhắn, quản lý đơn hàng, Excel cơ bản","TP. Nha Trang, Khánh Hòa",0928913059,Sẵn sàng đi làm ngay
Vũ Minh Vinh,Khuyết tật trí tuệ nhẹ,"Khéo tay, kiên nhẫn, tỉ mỉ","Quận Bình Thạnh, TP.HCM",0959182925,Sẵn sàng đi làm ngay
Bùi Xuân Hùng,Khiếm thị,"Xoa bóp bấm huyệt, cảm nhận cơ thể tốt","TP. Thủ Dầu Một, Bình Dương",0952810146,Sẵn sàng đi làm ngay
Dương Ngọc Nga,Khuyết tật ngôn ngữ,"Photoshop, Illustrator, Canva, tư duy thẩm mỹ","Quận 1, TP.HCM",0976698823,Có thể bắt đầu sau 2 tuần
Đỗ Thành Hải,"Khuyết tật thần kinh, tâm thần (ổn định)","Khéo tay, kiên nhẫn, tỉ mỉ","Quận 1, TP.HCM",0955925432,Sẵn sàng đi làm ngay
Phạm Thu Thảo,Khiếm thính,"Cẩn thận, làm theo quy trình, sức khỏe ổn định","Quận Cầu Giấy, Hà Nội",0933840467,Sẵn sàng đi làm ngay
Lý Diệu Trang,Khuyết tật ngôn ngữ,"Viết lách, nghiên cứu thông tin, SEO cơ bản","TP. Biên Hòa, Đồng Nai",0910678721,Sẵn sàng đi làm ngay
Đỗ Xuân Hải,Khuyết tật trí tuệ nhẹ,"May công nghiệp, tỉ mỉ, chịu được áp lực dây chuyền","Quận Cầu Giấy, Hà Nội",0922091603,Sẵn sàng đi làm ngay
Lý Diệu Nga,Khuyết tật trí tuệ nhẹ,"Giao tiếp tốt, giọng nói rõ, xử lý tình huống","TP. Nha Trang, Khánh Hòa",0910838457,Sẵn sàng đi làm ngay
Trần Anh Hùng,Khiếm thính,"May công nghiệp, tỉ mỉ, chịu được áp lực dây chuyền","Quận 3, TP.HCM",0991928972,Sẵn sàng đi làm ngay
Huỳnh Hữu Vinh,Khuyết tật trí tuệ nhẹ,"Giao tiếp tốt, giọng nói rõ, xử lý tình huống","Quận Bình Thạnh, TP.HCM",0915854522,Có thể bắt đầu sau 2 tuần
Dương Ngọc Hoa,Khiếm thị,"Tin học văn phòng, kỹ năng sư phạm, kiên nhẫn","Quận 3, TP.HCM",0914406105,Sẵn sàng đi làm ngay
Bùi Xuân Long,Đa khuyết tật nhẹ,"Khéo tay, kiên nhẫn, tỉ mỉ","TP. Biên Hòa, Đồng Nai",0997730855,Sẵn sàng đi làm ngay
Võ Bích Trang,Khuyết tật ngôn ngữ,"Viết lách, nghiên cứu thông tin, SEO cơ bản",TP. Cần Thơ,0940467872,Có thể bắt đầu sau 2 tuần
Đặng Ngọc Yến,Khiếm thị,"Tin học văn phòng, kỹ năng sư phạm, kiên nhẫn",TP. Huế,0956253278,Sẵn sàng đi làm ngay
Ngô Hữu Bảo,Khuyết tật vận động,"Giao tiếp tốt, giọng nói rõ, xử lý tình huống",Làm việc từ xa (Remote toàn quốc),0979077891,Có thể bắt đầu sau 2 tuần
Ngô Ngọc Anh,Khuyết tật trí tuệ nhẹ,"May công nghiệp, tỉ mỉ, chịu được áp lực dây chuyền",TP. Cần Thơ,0919492312,Sẵn sàng đi làm ngay
Huỳnh Bích Ngọc,Khuyết tật vận động,"Tin học văn phòng, gõ phím nhanh, cẩn thận, tỉ mỉ","TP. Thủ Đức, TP.HCM",0964127552,Sẵn sàng đi làm ngay
Lý Anh Tuấn,Khiếm thị,"Xoa bóp bấm huyệt, cảm nhận cơ thể tốt","TP. Vinh, Nghệ An",0944364245,Sẵn sàng đi làm ngay
Dương Mỹ Mai,Đa khuyết tật nhẹ,"Photoshop, Illustrator, Canva, tư duy thẩm mỹ","TP. Biên Hòa, Đồng Nai",0918116882,Sẵn sàng đi làm ngay
Nguyễn Mỹ Linh,Khuyết tật vận động,"MISA, Excel, nghiệp vụ kế toán",TP. Huế,0988958411,Sẵn sàng đi làm ngay
Lý Ngọc Mai,"Khuyết tật thần kinh, tâm thần (ổn định)","Giao tiếp tốt, giọng nói rõ, xử lý tình huống",TP. Cần Thơ,0950753834,Có thể bắt đầu sau 2 tuần
Lý Bích Trang,Khuyết tật vận động,"Viết tin nhắn rõ ràng, kiên nhẫn, hiểu sản phẩm","TP. Nha Trang, Khánh Hòa",0964477927,Có thể bắt đầu sau 2 tuần
Huỳnh Xuân Long,Khuyết tật ngôn ngữ,"Tin học văn phòng, gõ phím nhanh, cẩn thận, tỉ mỉ","TP. Biên Hòa, Đồng Nai",0916727120,Sẵn sàng đi làm ngay
Trần Thành Nam,Khuyết tật trí tuệ nhẹ,"Khéo tay, kiên nhẫn, tỉ mỉ","TP. Thủ Dầu Một, Bình Dương",0937647507,Sẵn sàng đi làm ngay
Đặng Anh Đức,"Khuyết tật thần kinh, tâm thần (ổn định)","Chốt sale qua tin nhắn, quản lý đơn hàng, Excel cơ bản","Quận 1, TP.HCM",0924380105,Sẵn sàng đi làm ngay
Đỗ Hữu Hải,"Khuyết tật thần kinh, tâm thần (ổn định)","MISA, Excel, nghiệp vụ kế toán",TP. Cần Thơ,0923385516,Có thể bắt đầu sau 2 tuần
Trần Bích Hoa,Khiếm thính,"Cẩn thận, làm theo quy trình, sức khỏe ổn định","TP. Nha Trang, Khánh Hòa",0929102432,Sẵn sàng đi làm ngay
Nguyễn Ngọc Hương,Khuyết tật vận động,"Khéo tay, kiên nhẫn, tỉ mỉ","TP. Nha Trang, Khánh Hòa",0995073357,Sẵn sàng đi làm ngay
Lý Minh Vinh,"Khuyết tật thần kinh, tâm thần (ổn định)","Khéo tay, kiên nhẫn, tỉ mỉ","TP. Thủ Dầu Một, Bình Dương",0921161254,Sẵn sàng đi làm ngay
Lê Anh Bảo,Khiếm thính,"Photoshop, Illustrator, Canva, tư duy thẩm mỹ","TP. Thủ Đức, TP.HCM",0957961952,Có thể bắt đầu sau 2 tuần
Dương Văn Sơn,Khiếm thính,"Tin học văn phòng, gõ phím nhanh, cẩn thận, tỉ mỉ","Quận Cầu Giấy, Hà Nội",0952883576,Sẵn sàng đi làm ngay
Ngô Bích Ngọc,Khiếm thị,"Nghe hiểu tốt, gõ phím nhanh, tập trung","TP. Thủ Dầu Một, Bình Dương",0944846904,Sẵn sàng đi làm ngay
Vũ Xuân Sơn,Khuyết tật ngôn ngữ,"Python, SQL, Git, tư duy logic","Quận 3, TP.HCM",0969450701,Có thể bắt đầu sau 2 tuần
Đặng Thu Anh,Đa khuyết tật nhẹ,"Photoshop, Illustrator, Canva, tư duy thẩm mỹ","TP. Vinh, Nghệ An",0989173318,Sẵn sàng đi làm ngay
Bùi Thị Hoa,"Khuyết tật thần kinh, tâm thần (ổn định)","Tin học văn phòng, gõ phím nhanh, cẩn thận, tỉ mỉ","Quận Hai Bà Trưng, Hà Nội",0911304964,Có thể bắt đầu sau 2 tuần
Hoàng Thị Linh,Khuyết tật vận động,"Chốt sale qua tin nhắn, quản lý đơn hàng, Excel cơ bản","Quận Đống Đa, Hà Nội",0987709140,Sẵn sàng đi làm ngay
Nguyễn Mỹ Hoa,Khuyết tật vận động,"Nghe hiểu tốt, gõ phím nhanh, tập trung","TP. Thủ Đức, TP.HCM",0977978901,Sẵn sàng đi làm ngay
Trần Bích Ngọc,Đa khuyết tật nhẹ,"Khéo tay, kiên nhẫn, tỉ mỉ","Quận Bình Thạnh, TP.HCM",0922588985,Có thể bắt đầu sau 2 tuần
Võ Quang Đức,"Khuyết tật thần kinh, tâm thần (ổn định)","Xoa bóp bấm huyệt, cảm nhận cơ thể tốt","Quận Cầu Giấy, Hà Nội",0986112485,Sẵn sàng đi làm ngay
Trần Thành Tuấn,Khiếm thính,"May công nghiệp, tỉ mỉ, chịu được áp lực dây chuyền","TP. Nha Trang, Khánh Hòa",0986422833,Có thể bắt đầu sau 2 tuần
Phan Diệu Mai,Khiếm thính,"Ngôn ngữ ký hiệu, biên tập video cơ bản","Quận 1, TP.HCM",0917890635,Sẵn sàng đi làm ngay
Hoàng Quang Tuấn,Khuyết tật trí tuệ nhẹ,"Cẩn thận, làm theo quy trình, sức khỏe ổn định",Làm việc từ xa (Remote toàn quốc),0977236886,Sẵn sàng đi làm ngay
Bùi Minh Long,"Khuyết tật thần kinh, tâm thần (ổn định)","Python, SQL, Git, tư duy logic","Quận Đống Đa, Hà Nội",0987987635,Sẵn sàng đi làm ngay
Nguyễn Xuân Phong,Khuyết tật vận động,"Viết tin nhắn rõ ràng, kiên nhẫn, hiểu sản phẩm","Quận 1, TP.HCM",0931095743,Sẵn sàng đi làm ngay
Bùi Văn Sơn,Khiếm thính,"Viết tin nhắn rõ ràng, kiên nhẫn, hiểu sản phẩm","Quận Cầu Giấy, Hà Nội",0976200246,Sẵn sàng đi làm ngay
Lê Ngọc Trang,Khuyết tật trí tuệ nhẹ,"Khéo tay, kiên nhẫn, tỉ mỉ",TP. Đà Nẵng,0924195922,Sẵn sàng đi làm ngay
Bùi Đình Hải,Khuyết tật vận động,"Python, SQL, Git, tư duy logic","Quận 3, TP.HCM",0939705384,Sẵn sàng đi làm ngay
Nguyễn Thị Ngọc,Đa khuyết tật nhẹ,"Photoshop, Illustrator, Canva, tư duy thẩm mỹ","Quận Bình Thạnh, TP.HCM",0915346404,Sẵn sàng đi làm ngay
Phạm Thành Khoa,Khuyết tật trí tuệ nhẹ,"Giao tiếp tốt, giọng nói rõ, xử lý tình huống","TP. Thủ Dầu Một, Bình Dương",0943994245,Sẵn sàng đi làm ngay
Phan Quang Nam,Khiếm thị,"Xoa bóp bấm huyệt, cảm nhận cơ thể tốt","Quận Bình Thạnh, TP.HCM",0992713862,Có thể bắt đầu sau 2 tuần
Lý Thu Ngọc,Khuyết tật vận động,"Chốt sale qua tin nhắn, quản lý đơn hàng, Excel cơ bản","TP. Biên Hòa, Đồng Nai",0984689957,Có thể bắt đầu sau 2 tuần
Dương Ngọc Lan,Khuyết tật ngôn ngữ,"Viết tin nhắn rõ ràng, kiên nhẫn, hiểu sản phẩm","TP. Biên Hòa, Đồng Nai",0932950147,Sẵn sàng đi làm ngay
Hoàng Văn Hải,Khuyết tật ngôn ngữ,"Chốt sale qua tin nhắn, quản lý đơn hàng, Excel cơ bản",TP. Huế,0942248411,Sẵn sàng đi làm ngay
Lý Mỹ Nga,Đa khuyết tật nhẹ,"Photoshop, Illustrator, Canva, tư duy thẩm mỹ","Quận 1, TP.HCM",0957475913,Sẵn sàng đi làm ngay
Vũ Bích Ngọc,Khiếm thính,"Viết lách, nghiên cứu thông tin, SEO cơ bản","TP. Vinh, Nghệ An",0926922485,Sẵn sàng đi làm ngay
Ngô Đình Hải,Khuyết tật trí tuệ nhẹ,"Giao tiếp tốt, giọng nói rõ, xử lý tình huống","Quận Bình Thạnh, TP.HCM",0983917832,Sẵn sàng đi làm ngay
Trần Kim Anh,Khiếm thị,"Tin học văn phòng, kỹ năng sư phạm, kiên nhẫn","Quận Cầu Giấy, Hà Nội",0998617690,Sẵn sàng đi làm ngay
Võ Mỹ Anh,Khuyết tật vận động,"MISA, Excel, nghiệp vụ kế toán","Quận Tân Bình, TP.HCM",0910573904,Sẵn sàng đi làm ngay
Trần Kim Yến,Khuyết tật ngôn ngữ,"Tin học văn phòng, gõ phím nhanh, cẩn thận, tỉ mỉ",TP. Huế,0938378459,Sẵn sàng đi làm ngay
Đỗ Thu Ngọc,Khuyết tật vận động,"MISA, Excel, nghiệp vụ kế toán","Quận Bình Thạnh, TP.HCM",0972243471,Sẵn sàng đi làm ngay
Phan Thị Anh,Khuyết tật trí tuệ nhẹ,"May công nghiệp, tỉ mỉ, chịu được áp lực dây chuyền","Quận Tân Bình, TP.HCM",0916757047,Có thể bắt đầu sau 2 tuần
Vũ Diệu Anh,Đa khuyết tật nhẹ,"Khéo tay, kiên nhẫn, tỉ mỉ","Quận Hai Bà Trưng, Hà Nội",0991050580,Có thể bắt đầu sau 2 tuần
Đặng Kim Ngọc,Khiếm thính,"MISA, Excel, nghiệp vụ kế toán","TP. Nha Trang, Khánh Hòa",0974369730,Có thể bắt đầu sau 2 tuần
Huỳnh Thu Hoa,Đa khuyết tật nhẹ,"Cẩn thận, làm theo quy trình, sức khỏe ổn định",TP. Đà Nẵng,0998228900,Sẵn sàng đi làm ngay
Đỗ Ngọc Hoa,Khuyết tật ngôn ngữ,"Photoshop, Illustrator, Canva, tư duy thẩm mỹ","Quận Cầu Giấy, Hà Nội",0917244313,Sẵn sàng đi làm ngay
Bùi Ngọc Hương,Khiếm thị,"Viết lách, nghiên cứu thông tin, SEO cơ bản","TP. Thủ Đức, TP.HCM",0998917279,Có thể bắt đầu sau 2 tuần
Hoàng Minh Kiên,Khiếm thính,"Viết lách, nghiên cứu thông tin, SEO cơ bản","Quận Bình Thạnh, TP.HCM",0938376649,Có thể bắt đầu sau 2 tuần
Trần Anh Bảo,"Khuyết tật thần kinh, tâm thần (ổn định)","Chốt sale qua tin nhắn, quản lý đơn hàng, Excel cơ bản","Quận Tân Bình, TP.HCM",0990858593,Có thể bắt đầu sau 2 tuần
Đỗ Thị Hương,"Khuyết tật thần kinh, tâm thần (ổn định)","Tin học văn phòng, gõ phím nhanh, cẩn thận, tỉ mỉ","TP. Thủ Đức, TP.HCM",0914847364,Sẵn sàng đi làm ngay
Phạm Ngọc Anh,Khiếm thính,"Viết lách, nghiên cứu thông tin, SEO cơ bản","TP. Thủ Đức, TP.HCM",0968909058,Sẵn sàng đi làm ngay
Phạm Quang Hùng,Đa khuyết tật nhẹ,"Photoshop, Illustrator, Canva, tư duy thẩm mỹ","Quận Tân Bình, TP.HCM",0927534576,Sẵn sàng đi làm ngay
Phan Quang Hùng,Khuyết tật trí tuệ nhẹ,"Khéo tay, kiên nhẫn, tỉ mỉ","Quận 3, TP.HCM",0917709617,Sẵn sàng đi làm ngay
Lý Mỹ Thảo,Đa khuyết tật nhẹ,"Cẩn thận, làm theo quy trình, sức khỏe ổn định","Quận Hai Bà Trưng, Hà Nội",0957762576,Sẵn sàng đi làm ngay
Lê Bích Hoa,Khuyết tật ngôn ngữ,"Tin học văn phòng, gõ phím nhanh, cẩn thận, tỉ mỉ","Quận Hai Bà Trưng, Hà Nội",0997477918,Sẵn sàng đi làm ngay
Bùi Bích Anh,Khuyết tật ngôn ngữ,"Tin học văn phòng, gõ phím nhanh, cẩn thận, tỉ mỉ",TP. Huế,0919935807,Sẵn sàng đi làm ngay
Đặng Kim Linh,Khuyết tật trí tuệ nhẹ,"Giao tiếp tốt, giọng nói rõ, xử lý tình huống","Quận Cầu Giấy, Hà Nội",0926016420,Có thể bắt đầu sau 2 tuần
Dương Kim Trang,Khiếm thính,"Viết lách, nghiên cứu thông tin, SEO cơ bản","Quận Hai Bà Trưng, Hà Nội",0918976593,Sẵn sàng đi làm ngay
Đặng Quang Sơn,Khuyết tật trí tuệ nhẹ,"May công nghiệp, tỉ mỉ, chịu được áp lực dây chuyền","TP. Thủ Đức, TP.HCM",0966344543,Sẵn sàng đi làm ngay
Phan Thu Yến,Khuyết tật ngôn ngữ,"Tin học văn phòng, gõ phím nhanh, cẩn thận, tỉ mỉ","TP. Thủ Dầu Một, Bình Dương",0962781957,Sẵn sàng đi làm ngay
Phạm Ngọc Lan,Đa khuyết tật nhẹ,"Photoshop, Illustrator, Canva, tư duy thẩm mỹ","TP. Nha Trang, Khánh Hòa",0986548120,Sẵn sàng đi làm ngay
Nguyễn Minh Long,Khuyết tật trí tuệ nhẹ,"Khéo tay, kiên nhẫn, tỉ mỉ","TP. Thủ Dầu Một, Bình Dương",0950332842,Sẵn sàng đi làm ngay
Phạm Kim Linh,Khuyết tật trí tuệ nhẹ,"Cẩn thận, làm theo quy trình, sức khỏe ổn định","TP. Nha Trang, Khánh Hòa",0940161371,Sẵn sàng đi làm ngay
Bùi Ngọc Thảo,Khuyết tật vận động,"Tin học văn phòng, gõ phím nhanh, cẩn thận, tỉ mỉ",TP. Cần Thơ,0935470866,Sẵn sàng đi làm ngay
Phan Thị Lan,Khiếm thị,"Tin học văn phòng, kỹ năng sư phạm, kiên nhẫn","TP. Thủ Đức, TP.HCM",0949663715,Có thể bắt đầu sau 2 tuần
Bùi Anh Kiên,Khuyết tật vận động,"Viết tin nhắn rõ ràng, kiên nhẫn, hiểu sản phẩm",TP. Huế,0984464701,Sẵn sàng đi làm ngay
Trần Diệu Mai,Khuyết tật vận động,"Chốt sale qua tin nhắn, quản lý đơn hàng, Excel cơ bản","TP. Thủ Đức, TP.HCM",0995393642,Có thể bắt đầu sau 2 tuần
Đặng Kim Lan,Khiếm thính,"MISA, Excel, nghiệp vụ kế toán",Làm việc từ xa (Remote toàn quốc),0993587401,Có thể bắt đầu sau 2 tuần
Lý Thị Vy,Khiếm thị,"Nghe hiểu tốt, gõ phím nhanh, tập trung",TP. Cần Thơ,0990636015,Sẵn sàng đi làm ngay
Phạm Diệu Linh,Khuyết tật trí tuệ nhẹ,"Khéo tay, kiên nhẫn, tỉ mỉ","Quận Hai Bà Trưng, Hà Nội",0927982209,Có thể bắt đầu sau 2 tuần
Lý Văn Đức,Khuyết tật vận động,"Khéo tay, kiên nhẫn, tỉ mỉ","Quận Cầu Giấy, Hà Nội",0981354003,Sẵn sàng đi làm ngay
Dương Quang Sơn,Khiếm thị,"Viết lách, nghiên cứu thông tin, SEO cơ bản","Quận Đống Đa, Hà Nội",0920560999,Có thể bắt đầu sau 2 tuần
Phan Minh Đức,Khuyết tật vận động,"Chốt sale qua tin nhắn, quản lý đơn hàng, Excel cơ bản",Làm việc từ xa (Remote toàn quốc),0972666858,Có thể bắt đầu sau 2 tuần
Huỳnh Mỹ Ngọc,Khuyết tật trí tuệ nhẹ,"Khéo tay, kiên nhẫn, tỉ mỉ",Làm việc từ xa (Remote toàn quốc),0946004061,Có thể bắt đầu sau 2 tuần
Huỳnh Mỹ Nga,"Khuyết tật thần kinh, tâm thần (ổn định)","Xoa bóp bấm huyệt, cảm nhận cơ thể tốt","Quận Đống Đa, Hà Nội",0985741435,Sẵn sàng đi làm ngay
Phan Kim Mai,Đa khuyết tật nhẹ,"Khéo tay, kiên nhẫn, tỉ mỉ","TP. Nha Trang, Khánh Hòa",0961312479,Có thể bắt đầu sau 2 tuần
Lý Hữu Nam,Khiếm thính,"Khéo tay, kiên nhẫn, tỉ mỉ","Quận Đống Đa, Hà Nội",0956071248,Sẵn sàng đi làm ngay
Đặng Minh Khoa,Khiếm thính,"MISA, Excel, nghiệp vụ kế toán","Quận 1, TP.HCM",0921749199,Có thể bắt đầu sau 2 tuần
Huỳnh Thu Ngọc,Khiếm thị,"Tin học văn phòng, kỹ năng sư phạm, kiên nhẫn","TP. Thủ Đức, TP.HCM",0961175454,Sẵn sàng đi làm ngay
Trần Ngọc Hoa,Đa khuyết tật nhẹ,"Khéo tay, kiên nhẫn, tỉ mỉ","Quận Cầu Giấy, Hà Nội",0970827518,Có thể bắt đầu sau 2 tuần
Huỳnh Kim Lan,Khuyết tật vận động,"Python, SQL, Git, tư duy logic","Quận Hai Bà Trưng, Hà Nội",0945660991,Sẵn sàng đi làm ngay
Bùi Bích Mai,Khiếm thính,"Viết lách, nghiên cứu thông tin, SEO cơ bản","Quận 3, TP.HCM",0988318891,Sẵn sàng đi làm ngay
Dương Anh Long,Đa khuyết tật nhẹ,"Photoshop, Illustrator, Canva, tư duy thẩm mỹ",TP. Huế,0938654272,Có thể bắt đầu sau 2 tuần
Phạm Mỹ Linh,Khiếm thính,"Cẩn thận, làm theo quy trình, sức khỏe ổn định",TP. Huế,0923992174,Có thể bắt đầu sau 2 tuần
Nguyễn Bích Anh,"Khuyết tật thần kinh, tâm thần (ổn định)","Ngôn ngữ ký hiệu, biên tập video cơ bản","Quận 1, TP.HCM",0926372136,Sẵn sàng đi làm ngay
Lý Hữu Sơn,Khuyết tật ngôn ngữ,"Chốt sale qua tin nhắn, quản lý đơn hàng, Excel cơ bản","TP. Thủ Dầu Một, Bình Dương",0959440487,Có thể bắt đầu sau 2 tuần
Huỳnh Anh Kiên,Khuyết tật trí tuệ nhẹ,"Giao tiếp tốt, giọng nói rõ, xử lý tình huống",TP. Đà Nẵng,0947495084,Có thể bắt đầu sau 2 tuần
Hoàng Xuân Hùng,Khiếm thị,"Tin học văn phòng, kỹ năng sư phạm, kiên nhẫn","TP. Vinh, Nghệ An",0925089913,Sẵn sàng đi làm ngay
Đỗ Diệu Nga,"Khuyết tật thần kinh, tâm thần (ổn định)","Python, SQL, Git, tư duy logic","Quận 1, TP.HCM",0929808913,Sẵn sàng đi làm ngay
Lê Mỹ Vy,Khuyết tật trí tuệ nhẹ,"Cẩn thận, làm theo quy trình, sức khỏe ổn định","TP. Vinh, Nghệ An",0953474974,Sẵn sàng đi làm ngay
Trần Văn Kiên,Khiếm thị,"Tin học văn phòng, kỹ năng sư phạm, kiên nhẫn","Quận 1, TP.HCM",0916260094,Có thể bắt đầu sau 2 tuần
Dương Xuân Khoa,"Khuyết tật thần kinh, tâm thần (ổn định)","MISA, Excel, nghiệp vụ kế toán","TP. Thủ Dầu Một, Bình Dương",0918439853,Sẵn sàng đi làm ngay
Nguyễn Đình Tuấn,Khuyết tật vận động,"Nghe hiểu tốt, gõ phím nhanh, tập trung","Quận 3, TP.HCM",0933915102,Có thể bắt đầu sau 2 tuần
Huỳnh Quang Sơn,Khiếm thính,"Viết lách, nghiên cứu thông tin, SEO cơ bản","Quận Cầu Giấy, Hà Nội",0967099258,Sẵn sàng đi làm ngay
Ngô Diệu Yến,Khuyết tật vận động,"Viết tin nhắn rõ ràng, kiên nhẫn, hiểu sản phẩm","Quận Tân Bình, TP.HCM",0981012800,Có thể bắt đầu sau 2 tuần
Lê Ngọc Lan,"Khuyết tật thần kinh, tâm thần (ổn định)","Photoshop, Illustrator, Canva, tư duy thẩm mỹ",Làm việc từ xa (Remote toàn quốc),0936590626,Sẵn sàng đi làm ngay
Võ Ngọc Anh,Khuyết tật vận động,"Nghe hiểu tốt, gõ phím nhanh, tập trung","TP. Thủ Đức, TP.HCM",0913595556,Sẵn sàng đi làm ngay
Huỳnh Anh Bảo,Khiếm thị,"Tin học văn phòng, kỹ năng sư phạm, kiên nhẫn","Quận Hai Bà Trưng, Hà Nội",0957278045,Có thể bắt đầu sau 2 tuần
Lý Đình Nam,Đa khuyết tật nhẹ,"Cẩn thận, làm theo quy trình, sức khỏe ổn định","Quận Đống Đa, Hà Nội",0995890840,Sẵn sàng đi làm ngay
Đỗ Kim Ngọc,Đa khuyết tật nhẹ,"Khéo tay, kiên nhẫn, tỉ mỉ","Quận Hai Bà Trưng, Hà Nội",0991594140,Sẵn sàng đi làm ngay
Đỗ Diệu Linh,Khuyết tật vận động,"Nghe hiểu tốt, gõ phím nhanh, tập trung",Làm việc từ xa (Remote toàn quốc),0957518285,Sẵn sàng đi làm ngay
Trần Thị Thảo,Khiếm thị,"Tin học văn phòng, kỹ năng sư phạm, kiên nhẫn",TP. Huế,0963297325,Sẵn sàng đi làm ngay
Nguyễn Mỹ Ngọc,Khiếm thính,"MISA, Excel, nghiệp vụ kế toán","TP. Vinh, Nghệ An",0976818175,Có thể bắt đầu sau 2 tuần
Dương Mỹ Hoa,Khiếm thính,"MISA, Excel, nghiệp vụ kế toán","Quận Cầu Giấy, Hà Nội",0923243302,Sẵn sàng đi làm ngay
Trần Quang Khoa,Khiếm thính,"Python, SQL, Git, tư duy logic","TP. Nha Trang, Khánh Hòa",0985191544,Sẵn sàng đi làm ngay
Bùi Bích Yến,Khiếm thị,"Xoa bóp bấm huyệt, cảm nhận cơ thể tốt",Làm việc từ xa (Remote toàn quốc),0945183616,Sẵn sàng đi làm ngay
Phạm Minh Nam,Khuyết tật vận động,"Viết lách, nghiên cứu thông tin, SEO cơ bản",Làm việc từ xa (Remote toàn quốc),0929481516,Sẵn sàng đi làm ngay
Lê Kim Hoa,Khiếm thị,"Nghe hiểu tốt, gõ phím nhanh, tập trung","TP. Thủ Đức, TP.HCM",0995193419,Sẵn sàng đi làm ngay
Lê Đình Vinh,Khuyết tật ngôn ngữ,"Python, SQL, Git, tư duy logic",TP. Đà Nẵng,0999255332,Có thể bắt đầu sau 2 tuần
Lê Thu Yến,"Khuyết tật thần kinh, tâm thần (ổn định)","Chốt sale qua tin nhắn, quản lý đơn hàng, Excel cơ bản","Quận Cầu Giấy, Hà Nội",0917671873,Sẵn sàng đi làm ngay
Phạm Văn Phong,Đa khuyết tật nhẹ,"Cẩn thận, làm theo quy trình, sức khỏe ổn định","TP. Biên Hòa, Đồng Nai",0942513327,Có thể bắt đầu sau 2 tuần
Dương Thị Vy,"Khuyết tật thần kinh, tâm thần (ổn định)","Tin học văn phòng, kỹ năng sư phạm, kiên nhẫn",Làm việc từ xa (Remote toàn quốc),0925400191,Sẵn sàng đi làm ngay
Hoàng Quang Hùng,Khuyết tật vận động,"Viết lách, nghiên cứu thông tin, SEO cơ bản",Làm việc từ xa (Remote toàn quốc),0975171676,Sẵn sàng đi làm ngay
Bùi Ngọc Hoa,Khiếm thị,"Viết lách, nghiên cứu thông tin, SEO cơ bản","Quận Tân Bình, TP.HCM",0998582538,Sẵn sàng đi làm ngay
Phan Kim Trang,Đa khuyết tật nhẹ,"Khéo tay, kiên nhẫn, tỉ mỉ","Quận Cầu Giấy, Hà Nội",0999116571,Sẵn sàng đi làm ngay
Bùi Hữu Đức,Khuyết tật ngôn ngữ,"Chốt sale qua tin nhắn, quản lý đơn hàng, Excel cơ bản",Làm việc từ xa (Remote toàn quốc),0947158023,Có thể bắt đầu sau 2 tuần
Hoàng Diệu Hương,Khiếm thính,"May công nghiệp, tỉ mỉ, chịu được áp lực dây chuyền","TP. Biên Hòa, Đồng Nai",0994048378,Sẵn sàng đi làm ngay
Đỗ Hữu Bảo,Khuyết tật vận động,"Photoshop, Illustrator, Canva, tư duy thẩm mỹ",TP. Huế,0955932113,Sẵn sàng đi làm ngay
Đặng Kim Linh,Khuyết tật vận động,"Tin học văn phòng, gõ phím nhanh, cẩn thận, tỉ mỉ","Quận Bình Thạnh, TP.HCM",0989313901,Sẵn sàng đi làm ngay
Ngô Xuân Hùng,Khuyết tật ngôn ngữ,"Viết tin nhắn rõ ràng, kiên nhẫn, hiểu sản phẩm","TP. Thủ Dầu Một, Bình Dương",0928399621,Sẵn sàng đi làm ngay
Bùi Xuân Sơn,Khiếm thị,"Tin học văn phòng, kỹ năng sư phạm, kiên nhẫn","Quận Cầu Giấy, Hà Nội",0928247605,Có thể bắt đầu sau 2 tuần
Trần Kim Linh,Khiếm thính,"Python, SQL, Git, tư duy logic",TP. Cần Thơ,0967713148,Có thể bắt đầu sau 2 tuần
Võ Mỹ Yến,Khuyết tật ngôn ngữ,"Viết tin nhắn rõ ràng, kiên nhẫn, hiểu sản phẩm","TP. Vinh, Nghệ An",0914876892,Sẵn sàng đi làm ngay
Trần Xuân Tuấn,Khuyết tật ngôn ngữ,"Viết tin nhắn rõ ràng, kiên nhẫn, hiểu sản phẩm","Quận Đống Đa, Hà Nội",0941047809,Sẵn sàng đi làm ngay
Lê Thành Kiên,Khuyết tật ngôn ngữ,"Chốt sale qua tin nhắn, quản lý đơn hàng, Excel cơ bản","Quận Cầu Giấy, Hà Nội",0913800827,Sẵn sàng đi làm ngay
Bùi Thu Linh,Khuyết tật vận động,"Tin học văn phòng, kỹ năng sư phạm, kiên nhẫn",Làm việc từ xa (Remote toàn quốc),0995550709,Có thể bắt đầu sau 2 tuần
Phạm Hữu Kiên,"Khuyết tật thần kinh, tâm thần (ổn định)","Cẩn thận, làm theo quy trình, sức khỏe ổn định",TP. Cần Thơ,0961302208,Sẵn sàng đi làm ngay
Lê Đình Hùng,Khiếm thị,"Xoa bóp bấm huyệt, cảm nhận cơ thể tốt","TP. Biên Hòa, Đồng Nai",0931278817,Sẵn sàng đi làm ngay
Ngô Thành Long,Khiếm thính,"May công nghiệp, tỉ mỉ, chịu được áp lực dây chuyền","Quận 1, TP.HCM",0947955201,Sẵn sàng đi làm ngay
Nguyễn Thị Hương,Khuyết tật trí tuệ nhẹ,"Khéo tay, kiên nhẫn, tỉ mỉ",Làm việc từ xa (Remote toàn quốc),0966487529,Có thể bắt đầu sau 2 tuần
Hoàng Diệu Yến,Khuyết tật trí tuệ nhẹ,"Cẩn thận, làm theo quy trình, sức khỏe ổn định",TP. Cần Thơ,0976627264,Sẵn sàng đi làm ngay
Lý Hữu Phong,Khuyết tật ngôn ngữ,"Viết tin nhắn rõ ràng, kiên nhẫn, hiểu sản phẩm","TP. Vinh, Nghệ An",0937018872,Sẵn sàng đi làm ngay
Hoàng Thị Hoa,Khuyết tật vận động,"Viết lách, nghiên cứu thông tin, SEO cơ bản","Quận 3, TP.HCM",0964587161,Sẵn sàng đi làm ngay
Phạm Thành Long,Khuyết tật vận động,"Viết tin nhắn rõ ràng, kiên nhẫn, hiểu sản phẩm",Làm việc từ xa (Remote toàn quốc),0985839231,Sẵn sàng đi làm ngay
Trần Anh Nam,Khiếm thị,"Tin học văn phòng, kỹ năng sư phạm, kiên nhẫn","TP. Vinh, Nghệ An",0986411462,Sẵn sàng đi làm ngay
Nguyễn Kim Thảo,Khiếm thị,"Viết lách, nghiên cứu thông tin, SEO cơ bản","Quận Đống Đa, Hà Nội",0911067974,Sẵn sàng đi làm ngay
Võ Thành Kiên,Khuyết tật vận động,"Photoshop, Illustrator, Canva, tư duy thẩm mỹ","Quận Cầu Giấy, Hà Nội",0937698521,Sẵn sàng đi làm ngay
Đặng Anh Bảo,Khiếm thị,"Xoa bóp bấm huyệt, cảm nhận cơ thể tốt","TP. Biên Hòa, Đồng Nai",0962810773,Sẵn sàng đi làm ngay
Phạm Anh Long,Khuyết tật vận động,"Viết lách, nghiên cứu thông tin, SEO cơ bản",TP. Huế,0949213035,Có thể bắt đầu sau 2 tuần
Ngô Kim Lan,Khuyết tật vận động,"Giao tiếp tốt, giọng nói rõ, xử lý tình huống","Quận Bình Thạnh, TP.HCM",0963086054,Sẵn sàng đi làm ngay
Ngô Diệu Anh,Khuyết tật ngôn ngữ,"Viết lách, nghiên cứu thông tin, SEO cơ bản","Quận Hai Bà Trưng, Hà Nội",0944692423,Sẵn sàng đi làm ngay
Đặng Mỹ Trang,Khuyết tật trí tuệ nhẹ,"Khéo tay, kiên nhẫn, tỉ mỉ","Quận Hai Bà Trưng, Hà Nội",0912305350,Sẵn sàng đi làm ngay
Lê Anh Khoa,"Khuyết tật thần kinh, tâm thần (ổn định)","Chốt sale qua tin nhắn, quản lý đơn hàng, Excel cơ bản","Quận Cầu Giấy, Hà Nội",0966388658,Sẵn sàng đi làm ngay
Đặng Kim Vy,"Khuyết tật thần kinh, tâm thần (ổn định)","Viết lách, nghiên cứu thông tin, SEO cơ bản","Quận Đống Đa, Hà Nội",0980113322,Sẵn sàng đi làm ngay
Lê Văn Bảo,Khuyết tật vận động,"Photoshop, Illustrator, Canva, tư duy thẩm mỹ","Quận Hai Bà Trưng, Hà Nội",0969799777,Sẵn sàng đi làm ngay
Dương Văn Tuấn,"Khuyết tật thần kinh, tâm thần (ổn định)","Python, SQL, Git, tư duy logic","Quận Tân Bình, TP.HCM",0953865505,Sẵn sàng đi làm ngay
Phạm Thành Đức,Đa khuyết tật nhẹ,"Cẩn thận, làm theo quy trình, sức khỏe ổn định","TP. Thủ Dầu Một, Bình Dương",0955188172,Sẵn sàng đi làm ngay
Nguyễn Văn Long,Khuyết tật ngôn ngữ,"Photoshop, Illustrator, Canva, tư duy thẩm mỹ","TP. Thủ Đức, TP.HCM",0947331005,Sẵn sàng đi làm ngay
Lý Quang Bảo,Đa khuyết tật nhẹ,"Khéo tay, kiên nhẫn, tỉ mỉ","TP. Nha Trang, Khánh Hòa",0917329318,Có thể bắt đầu sau 2 tuần
Lê Ngọc Anh,Khiếm thị,"Viết lách, nghiên cứu thông tin, SEO cơ bản","Quận Tân Bình, TP.HCM",0971937580,Sẵn sàng đi làm ngay
Phạm Anh Kiên,Khuyết tật trí tuệ nhẹ,"Khéo tay, kiên nhẫn, tỉ mỉ","TP. Nha Trang, Khánh Hòa",0973263970,Có thể bắt đầu sau 2 tuần
Lý Ngọc Lan,Khuyết tật ngôn ngữ,"Viết tin nhắn rõ ràng, kiên nhẫn, hiểu sản phẩm","Quận Bình Thạnh, TP.HCM",0945043102,Có thể bắt đầu sau 2 tuần
Hoàng Mỹ Yến,Khuyết tật ngôn ngữ,"Python, SQL, Git, tư duy logic","Quận Đống Đa, Hà Nội",0939700674,Sẵn sàng đi làm ngay
Lý Đình Hải,Khiếm thị,"Viết lách, nghiên cứu thông tin, SEO cơ bản","Quận 3, TP.HCM",0964679723,Sẵn sàng đi làm ngay
Nguyễn Ngọc Trang,"Khuyết tật thần kinh, tâm thần (ổn định)","MISA, Excel, nghiệp vụ kế toán","TP. Thủ Đức, TP.HCM",0971407200,Sẵn sàng đi làm ngay
Bùi Minh Hải,Khuyết tật vận động,"Viết lách, nghiên cứu thông tin, SEO cơ bản","Quận Đống Đa, Hà Nội",0999024698,Sẵn sàng đi làm ngay
Ngô Diệu Hoa,Khuyết tật ngôn ngữ,"Viết tin nhắn rõ ràng, kiên nhẫn, hiểu sản phẩm","TP. Nha Trang, Khánh Hòa",0914384831,Sẵn sàng đi làm ngay
Đặng Mỹ Ngọc,"Khuyết tật thần kinh, tâm thần (ổn định)","Xoa bóp bấm huyệt, cảm nhận cơ thể tốt","TP. Thủ Đức, TP.HCM",0916727400,Sẵn sàng đi làm ngay
Bùi Mỹ Thảo,Đa khuyết tật nhẹ,"Cẩn thận, làm theo quy trình, sức khỏe ổn định","Quận Bình Thạnh, TP.HCM",0948392494,Sẵn sàng đi làm ngay
Hoàng Anh Hùng,Khuyết tật vận động,"Viết tin nhắn rõ ràng, kiên nhẫn, hiểu sản phẩm","Quận 3, TP.HCM",0930825995,Sẵn sàng đi làm ngay
Lê Minh Phong,Đa khuyết tật nhẹ,"Khéo tay, kiên nhẫn, tỉ mỉ","Quận 3, TP.HCM",0962458119,Sẵn sàng đi làm ngay
Phạm Đình Bảo,Khuyết tật trí tuệ nhẹ,"Khéo tay, kiên nhẫn, tỉ mỉ","Quận Cầu Giấy, Hà Nội",0941376497,Sẵn sàng đi làm ngay
Phan Thị Linh,Khiếm thính,"Python, SQL, Git, tư duy logic","TP. Biên Hòa, Đồng Nai",0937435603,Có thể bắt đầu sau 2 tuần
Phạm Xuân Tuấn,Khiếm thị,"Xoa bóp bấm huyệt, cảm nhận cơ thể tốt","Quận Hai Bà Trưng, Hà Nội",0919089333,Có thể bắt đầu sau 2 tuần
Ngô Văn Tuấn,Khiếm thính,"Ngôn ngữ ký hiệu, biên tập video cơ bản",TP. Huế,0967293274,Sẵn sàng đi làm ngay
Phạm Thị Hương,Khuyết tật trí tuệ nhẹ,"Khéo tay, kiên nhẫn, tỉ mỉ","TP. Biên Hòa, Đồng Nai",0947311724,Sẵn sàng đi làm ngay
Lý Quang Vinh,Khiếm thị,"Xoa bóp bấm huyệt, cảm nhận cơ thể tốt","Quận Bình Thạnh, TP.HCM",0988077298,Sẵn sàng đi làm ngay
Phạm Minh Vinh,Khuyết tật vận động,"Khéo tay, kiên nhẫn, tỉ mỉ","Quận Cầu Giấy, Hà Nội",0927691237,Sẵn sàng đi làm ngay
Trần Diệu Ngọc,Khuyết tật ngôn ngữ,"Python, SQL, Git, tư duy logic","TP. Vinh, Nghệ An",0912199227,Sẵn sàng đi làm ngay
Bùi Thu Hoa,"Khuyết tật thần kinh, tâm thần (ổn định)","Python, SQL, Git, tư duy logic","Quận Cầu Giấy, Hà Nội",0960103462,Sẵn sàng đi làm ngay
Lý Bích Mai,Đa khuyết tật nhẹ,"Cẩn thận, làm theo quy trình, sức khỏe ổn định",TP. Huế,0972085087,Có thể bắt đầu sau 2 tuần
Huỳnh Mỹ Lan,Khiếm thính,"Cẩn thận, làm theo quy trình, sức khỏe ổn định",Làm việc từ xa (Remote toàn quốc),0993523502,Có thể bắt đầu sau 2 tuần
Lý Thành Đức,Khuyết tật ngôn ngữ,"Chốt sale qua tin nhắn, quản lý đơn hàng, Excel cơ bản","Quận Cầu Giấy, Hà Nội",0995875021,Sẵn sàng đi làm ngay
Lê Mỹ Vy,Khuyết tật ngôn ngữ,"Chốt sale qua tin nhắn, quản lý đơn hàng, Excel cơ bản","TP. Vinh, Nghệ An",0929909582,Sẵn sàng đi làm ngay
Lê Văn Bảo,Đa khuyết tật nhẹ,"Photoshop, Illustrator, Canva, tư duy thẩm mỹ","Quận Cầu Giấy, Hà Nội",0956069176,Sẵn sàng đi làm ngay
Đỗ Đình Hải,Đa khuyết tật nhẹ,"Cẩn thận, làm theo quy trình, sức khỏe ổn định",TP. Cần Thơ,0975158383,Sẵn sàng đi làm ngay
Ngô Đình Sơn,Khiếm thị,"Tin học văn phòng, kỹ năng sư phạm, kiên nhẫn","Quận Bình Thạnh, TP.HCM",0921536372,Có thể bắt đầu sau 2 tuần
Võ Anh Vinh,Khiếm thính,"MISA, Excel, nghiệp vụ kế toán","TP. Vinh, Nghệ An",0984195414,Sẵn sàng đi làm ngay
Bùi Thị Thảo,"Khuyết tật thần kinh, tâm thần (ổn định)","Khéo tay, kiên nhẫn, tỉ mỉ","Quận 3, TP.HCM",0916641596,Có thể bắt đầu sau 2 tuần
Ngô Ngọc Ngọc,Khuyết tật trí tuệ nhẹ,"Khéo tay, kiên nhẫn, tỉ mỉ","Quận 3, TP.HCM",0930273667,Sẵn sàng đi làm ngay
Đỗ Anh Vinh,Khuyết tật ngôn ngữ,"Viết lách, nghiên cứu thông tin, SEO cơ bản",TP. Đà Nẵng,0924682341,Sẵn sàng đi làm ngay
Lý Thành Vinh,Khiếm thị,"Nghe hiểu tốt, gõ phím nhanh, tập trung","TP. Thủ Đức, TP.HCM",0944162057,Sẵn sàng đi làm ngay
Lê Minh Nam,Khuyết tật ngôn ngữ,"Viết tin nhắn rõ ràng, kiên nhẫn, hiểu sản phẩm","Quận Cầu Giấy, Hà Nội",0929373250,Sẵn sàng đi làm ngay
Bùi Kim Vy,Khiếm thị,"Tin học văn phòng, kỹ năng sư phạm, kiên nhẫn","TP. Biên Hòa, Đồng Nai",0961338299,Có thể bắt đầu sau 2 tuần
Đỗ Ngọc Linh,Khiếm thị,"Nghe hiểu tốt, gõ phím nhanh, tập trung","Quận 1, TP.HCM",0948909287,Sẵn sàng đi làm ngay
Võ Mỹ Mai,Khuyết tật trí tuệ nhẹ,"Giao tiếp tốt, giọng nói rõ, xử lý tình huống",TP. Cần Thơ,0990425989,Sẵn sàng đi làm ngay
Vũ Đình Hùng,Khuyết tật vận động,"Tin học văn phòng, gõ phím nhanh, cẩn thận, tỉ mỉ",TP. Đà Nẵng,0960223068,Sẵn sàng đi làm ngay
Đặng Thu Linh,Khuyết tật trí tuệ nhẹ,"Khéo tay, kiên nhẫn, tỉ mỉ","Quận Bình Thạnh, TP.HCM",0970155720,Sẵn sàng đi làm ngay
Phan Quang Nam,Khuyết tật ngôn ngữ,"MISA, Excel, nghiệp vụ kế toán","Quận Cầu Giấy, Hà Nội",0990226319,Có thể bắt đầu sau 2 tuần
Lê Xuân Tuấn,Khuyết tật trí tuệ nhẹ,"May công nghiệp, tỉ mỉ, chịu được áp lực dây chuyền",TP. Đà Nẵng,0952802943,Có thể bắt đầu sau 2 tuần
Nguyễn Thành Đức,Khiếm thị,"Viết lách, nghiên cứu thông tin, SEO cơ bản","TP. Thủ Đức, TP.HCM",0982844920,Sẵn sàng đi làm ngay
Nguyễn Kim Anh,Đa khuyết tật nhẹ,"Cẩn thận, làm theo quy trình, sức khỏe ổn định","TP. Thủ Đức, TP.HCM",0931161829,Sẵn sàng đi làm ngay
Huỳnh Diệu Yến,Khuyết tật vận động,"Photoshop, Illustrator, Canva, tư duy thẩm mỹ","Quận Bình Thạnh, TP.HCM",0939308629,Sẵn sàng đi làm ngay
Ngô Kim Yến,Khuyết tật ngôn ngữ,"Python, SQL, Git, tư duy logic","TP. Biên Hòa, Đồng Nai",0941217887,Sẵn sàng đi làm ngay
Lê Bích Trang,Khuyết tật trí tuệ nhẹ,"May công nghiệp, tỉ mỉ, chịu được áp lực dây chuyền",TP. Huế,0999131349,Có thể bắt đầu sau 2 tuần
Phan Minh Bảo,Khiếm thị,"Xoa bóp bấm huyệt, cảm nhận cơ thể tốt",TP. Huế,0979037849,Sẵn sàng đi làm ngay
Trần Hữu Hải,"Khuyết tật thần kinh, tâm thần (ổn định)","May công nghiệp, tỉ mỉ, chịu được áp lực dây chuyền","TP. Biên Hòa, Đồng Nai",0997872518,Sẵn sàng đi làm ngay
Hoàng Diệu Linh,Đa khuyết tật nhẹ,"Photoshop, Illustrator, Canva, tư duy thẩm mỹ","Quận 3, TP.HCM",0931076736,Sẵn sàng đi làm ngay
Dương Đình Sơn,"Khuyết tật thần kinh, tâm thần (ổn định)","Photoshop, Illustrator, Canva, tư duy thẩm mỹ","Quận Cầu Giấy, Hà Nội",0959944187,Có thể bắt đầu sau 2 tuần
Đỗ Đình Phong,Khuyết tật ngôn ngữ,"MISA, Excel, nghiệp vụ kế toán","Quận Tân Bình, TP.HCM",0982939264,Sẵn sàng đi làm ngay
Lý Hữu Khoa,Khuyết tật trí tuệ nhẹ,"Cẩn thận, làm theo quy trình, sức khỏe ổn định",TP. Cần Thơ,0953851162,Sẵn sàng đi làm ngay
Hoàng Diệu Hương,Khuyết tật ngôn ngữ,"Tin học văn phòng, gõ phím nhanh, cẩn thận, tỉ mỉ","TP. Nha Trang, Khánh Hòa",0910128848,Sẵn sàng đi làm ngay
Vũ Mỹ Linh,Khuyết tật trí tuệ nhẹ,"May công nghiệp, tỉ mỉ, chịu được áp lực dây chuyền",Làm việc từ xa (Remote toàn quốc),0952101199,Sẵn sàng đi làm ngay
Bùi Thành Vinh,Đa khuyết tật nhẹ,"Cẩn thận, làm theo quy trình, sức khỏe ổn định","TP. Nha Trang, Khánh Hòa",0951713824,Có thể bắt đầu sau 2 tuần
Đỗ Minh Kiên,Khiếm thính,"Chốt sale qua tin nhắn, quản lý đơn hàng, Excel cơ bản",TP. Huế,0934198463,Sẵn sàng đi làm ngay
Lê Đình Hùng,Khiếm thị,"Tin học văn phòng, kỹ năng sư phạm, kiên nhẫn","TP. Thủ Đức, TP.HCM",0951022074,Sẵn sàng đi làm ngay
Đặng Quang Sơn,Khiếm thính,"Viết lách, nghiên cứu thông tin, SEO cơ bản","Quận Cầu Giấy, Hà Nội",0947769473,Có thể bắt đầu sau 2 tuần
Trần Xuân Nam,Khuyết tật ngôn ngữ,"Viết lách, nghiên cứu thông tin, SEO cơ bản","Quận Tân Bình, TP.HCM",0964526122,Sẵn sàng đi làm ngay
Đặng Thị Vy,Khuyết tật ngôn ngữ,"Viết lách, nghiên cứu thông tin, SEO cơ bản",TP. Đà Nẵng,0931593437,Sẵn sàng đi làm ngay
Nguyễn Thành Phong,Khiếm thị,"Xoa bóp bấm huyệt, cảm nhận cơ thể tốt","Quận 1, TP.HCM",0965005289,Sẵn sàng đi làm ngay
Đỗ Văn Đức,"Khuyết tật thần kinh, tâm thần (ổn định)","MISA, Excel, nghiệp vụ kế toán","Quận Cầu Giấy, Hà Nội",0936401764,Có thể bắt đầu sau 2 tuần
Võ Hữu Hùng,Khuyết tật ngôn ngữ,"Python, SQL, Git, tư duy logic","Quận Đống Đa, Hà Nội",0953186631,Sẵn sàng đi làm ngay
Phạm Ngọc Mai,Khuyết tật vận động,"Python, SQL, Git, tư duy logic",TP. Đà Nẵng,0910256489,Có thể bắt đầu sau 2 tuần
Lý Đình Kiên,Khuyết tật ngôn ngữ,"MISA, Excel, nghiệp vụ kế toán","Quận Cầu Giấy, Hà Nội",0985773321,Có thể bắt đầu sau 2 tuần
Phan Mỹ Hương,Khiếm thính,"Tin học văn phòng, gõ phím nhanh, cẩn thận, tỉ mỉ","TP. Vinh, Nghệ An",0971389663,Có thể bắt đầu sau 2 tuần
Dương Ngọc Mai,Khiếm thị,"Nghe hiểu tốt, gõ phím nhanh, tập trung","Quận Cầu Giấy, Hà Nội",0991794133,Có thể bắt đầu sau 2 tuần
Phạm Mỹ Anh,"Khuyết tật thần kinh, tâm thần (ổn định)","Tin học văn phòng, kỹ năng sư phạm, kiên nhẫn","Quận Đống Đa, Hà Nội",0921180576,Sẵn sàng đi làm ngay
Lê Hữu Hải,"Khuyết tật thần kinh, tâm thần (ổn định)","Photoshop, Illustrator, Canva, tư duy thẩm mỹ","TP. Nha Trang, Khánh Hòa",0968257666,Sẵn sàng đi làm ngay
Trần Đình Hải,Đa khuyết tật nhẹ,"Photoshop, Illustrator, Canva, tư duy thẩm mỹ","Quận 1, TP.HCM",0940280704,Có thể bắt đầu sau 2 tuần
Huỳnh Mỹ Anh,Khiếm thị,"Xoa bóp bấm huyệt, cảm nhận cơ thể tốt","Quận Hai Bà Trưng, Hà Nội",0990542263,Có thể bắt đầu sau 2 tuần
Huỳnh Diệu Anh,Khiếm thính,"MISA, Excel, nghiệp vụ kế toán",Làm việc từ xa (Remote toàn quốc),0912655477,Sẵn sàng đi làm ngay
Trần Mỹ Vy,Khuyết tật trí tuệ nhẹ,"Cẩn thận, làm theo quy trình, sức khỏe ổn định","TP. Nha Trang, Khánh Hòa",0959691975,Có thể bắt đầu sau 2 tuần
Dương Thu Linh,Khiếm thị,"Xoa bóp bấm huyệt, cảm nhận cơ thể tốt","Quận Tân Bình, TP.HCM",0920074430,Sẵn sàng đi làm ngay
Trần Hữu Đức,Khuyết tật trí tuệ nhẹ,"Cẩn thận, làm theo quy trình, sức khỏe ổn định",TP. Huế,0989647594,Sẵn sàng đi làm ngay
Võ Thu Vy,Đa khuyết tật nhẹ,"Cẩn thận, làm theo quy trình, sức khỏe ổn định","Quận Hai Bà Trưng, Hà Nội",0976770443,Sẵn sàng đi làm ngay
Đỗ Anh Vinh,"Khuyết tật thần kinh, tâm thần (ổn định)","Tin học văn phòng, gõ phím nhanh, cẩn thận, tỉ mỉ","TP. Thủ Đức, TP.HCM",0963586934,Sẵn sàng đi làm ngay
Đặng Ngọc Nga,Đa khuyết tật nhẹ,"Photoshop, Illustrator, Canva, tư duy thẩm mỹ","TP. Thủ Dầu Một, Bình Dương",0970158717,Sẵn sàng đi làm ngay
Huỳnh Minh Kiên,Khuyết tật ngôn ngữ,"Viết lách, nghiên cứu thông tin, SEO cơ bản","Quận Cầu Giấy, Hà Nội",0968405557,Sẵn sàng đi làm ngay
Lý Văn Tuấn,Khiếm thính,"Cẩn thận, làm theo quy trình, sức khỏe ổn định",TP. Cần Thơ,0945986064,Sẵn sàng đi làm ngay
Đặng Thu Lan,Khiếm thị,"Tin học văn phòng, kỹ năng sư phạm, kiên nhẫn",TP. Huế,0968770286,Sẵn sàng đi làm ngay
Võ Xuân Long,Khuyết tật trí tuệ nhẹ,"Cẩn thận, làm theo quy trình, sức khỏe ổn định","Quận 1, TP.HCM",0976844525,Sẵn sàng đi làm ngay
Phan Quang Bảo,Khuyết tật vận động,"Chốt sale qua tin nhắn, quản lý đơn hàng, Excel cơ bản",TP. Cần Thơ,0977654908,Có thể bắt đầu sau 2 tuần
Phạm Xuân Khoa,Khiếm thính,"Khéo tay, kiên nhẫn, tỉ mỉ","TP. Vinh, Nghệ An",0994545592,Sẵn sàng đi làm ngay
Hoàng Kim Hoa,Khuyết tật trí tuệ nhẹ,"Giao tiếp tốt, giọng nói rõ, xử lý tình huống","TP. Nha Trang, Khánh Hòa",0945597373,Sẵn sàng đi làm ngay
Bùi Diệu Yến,Khiếm thính,"Chốt sale qua tin nhắn, quản lý đơn hàng, Excel cơ bản","Quận Cầu Giấy, Hà Nội",0911330468,Sẵn sàng đi làm ngay
Lê Xuân Hùng,Khiếm thị,"Xoa bóp bấm huyệt, cảm nhận cơ thể tốt","Quận 3, TP.HCM",0963245195,Sẵn sàng đi làm ngay
Nguyễn Ngọc Trang,Khuyết tật ngôn ngữ,"Viết lách, nghiên cứu thông tin, SEO cơ bản","Quận 3, TP.HCM",0981758338,Có thể bắt đầu sau 2 tuần
Ngô Quang Kiên,Khuyết tật vận động,"MISA, Excel, nghiệp vụ kế toán","Quận Tân Bình, TP.HCM",0915522926,Sẵn sàng đi làm ngay
Đặng Mỹ Trang,Khuyết tật vận động,"Chốt sale qua tin nhắn, quản lý đơn hàng, Excel cơ bản","Quận Hai Bà Trưng, Hà Nội",0924225241,Sẵn sàng đi làm ngay
Lê Mỹ Nga,Khuyết tật trí tuệ nhẹ,"May công nghiệp, tỉ mỉ, chịu được áp lực dây chuyền","Quận 1, TP.HCM",0911707969,Sẵn sàng đi làm ngay
Đỗ Thành Sơn,Khiếm thị,"Xoa bóp bấm huyệt, cảm nhận cơ thể tốt","TP. Thủ Dầu Một, Bình Dương",0989480231,Có thể bắt đầu sau 2 tuần
Bùi Anh Phong,Đa khuyết tật nhẹ,"Cẩn thận, làm theo quy trình, sức khỏe ổn định","TP. Thủ Dầu Một, Bình Dương",0949296782,Sẵn sàng đi làm ngay
Dương Minh Phong,Khuyết tật vận động,"Tin học văn phòng, kỹ năng sư phạm, kiên nhẫn","Quận Đống Đa, Hà Nội",0970240339,Sẵn sàng đi làm ngay
Lý Thị Vy,Khuyết tật ngôn ngữ,"Chốt sale qua tin nhắn, quản lý đơn hàng, Excel cơ bản",Làm việc từ xa (Remote toàn quốc),0925879991,Sẵn sàng đi làm ngay
Nguyễn Quang Phong,Khiếm thị,"Tin học văn phòng, kỹ năng sư phạm, kiên nhẫn","Quận 3, TP.HCM",0959977478,Có thể bắt đầu sau 2 tuần
Hoàng Thu Trang,Khiếm thính,"Tin học văn phòng, gõ phím nhanh, cẩn thận, tỉ mỉ","Quận Hai Bà Trưng, Hà Nội",0927653215,Sẵn sàng đi làm ngay
Hoàng Mỹ Mai,Khiếm thính,"Khéo tay, kiên nhẫn, tỉ mỉ",Làm việc từ xa (Remote toàn quốc),0963803762,Có thể bắt đầu sau 2 tuần
Nguyễn Đình Sơn,Khuyết tật vận động,"Python, SQL, Git, tư duy logic",TP. Cần Thơ,0953433833,Có thể bắt đầu sau 2 tuần
Dương Anh Phong,Khuyết tật ngôn ngữ,"Viết lách, nghiên cứu thông tin, SEO cơ bản",TP. Huế,0933925710,Sẵn sàng đi làm ngay
Đặng Quang Hải,Đa khuyết tật nhẹ,"Photoshop, Illustrator, Canva, tư duy thẩm mỹ","Quận Tân Bình, TP.HCM",0995255405,Sẵn sàng đi làm ngay
Hoàng Xuân Phong,Khuyết tật vận động,"Khéo tay, kiên nhẫn, tỉ mỉ","Quận 1, TP.HCM",0950745011,Sẵn sàng đi làm ngay
Huỳnh Kim Yến,"Khuyết tật thần kinh, tâm thần (ổn định)","Tin học văn phòng, kỹ năng sư phạm, kiên nhẫn","TP. Biên Hòa, Đồng Nai",0953789552,Sẵn sàng đi làm ngay
Huỳnh Hữu Nam,Đa khuyết tật nhẹ,"Photoshop, Illustrator, Canva, tư duy thẩm mỹ","Quận Hai Bà Trưng, Hà Nội",0948583551,Sẵn sàng đi làm ngay
Lê Diệu Ngọc,Khuyết tật vận động,"Viết tin nhắn rõ ràng, kiên nhẫn, hiểu sản phẩm","Quận Tân Bình, TP.HCM",0917564055,Sẵn sàng đi làm ngay
Bùi Hữu Sơn,Khiếm thị,"Tin học văn phòng, kỹ năng sư phạm, kiên nhẫn","TP. Thủ Đức, TP.HCM",0973391224,Sẵn sàng đi làm ngay
Bùi Mỹ Hương,Đa khuyết tật nhẹ,"Cẩn thận, làm theo quy trình, sức khỏe ổn định","TP. Thủ Đức, TP.HCM",0967122888,Có thể bắt đầu sau 2 tuần
Đặng Anh Vinh,Khuyết tật ngôn ngữ,"MISA, Excel, nghiệp vụ kế toán","Quận Hai Bà Trưng, Hà Nội",0953114614,Sẵn sàng đi làm ngay
Lê Thu Hương,Khiếm thị,"Nghe hiểu tốt, gõ phím nhanh, tập trung",TP. Cần Thơ,0951960195,Sẵn sàng đi làm ngay
Vũ Hữu Tuấn,Khiếm thính,"MISA, Excel, nghiệp vụ kế toán","TP. Biên Hòa, Đồng Nai",0918933547,Sẵn sàng đi làm ngay
Huỳnh Hữu Long,Khiếm thính,"MISA, Excel, nghiệp vụ kế toán","Quận 3, TP.HCM",0970161332,Sẵn sàng đi làm ngay
Ngô Quang Đức,Khuyết tật vận động,"Khéo tay, kiên nhẫn, tỉ mỉ","Quận Hai Bà Trưng, Hà Nội",0928944305,Sẵn sàng đi làm ngay
Trần Diệu Thảo,Đa khuyết tật nhẹ,"Cẩn thận, làm theo quy trình, sức khỏe ổn định",TP. Cần Thơ,0925982981,Sẵn sàng đi làm ngay
Phạm Quang Hùng,Khuyết tật vận động,"Tin học văn phòng, kỹ năng sư phạm, kiên nhẫn","TP. Vinh, Nghệ An",0954744169,Sẵn sàng đi làm ngay
Phạm Quang Phong,Khuyết tật ngôn ngữ,"Viết lách, nghiên cứu thông tin, SEO cơ bản","Quận 1, TP.HCM",0921159651,Có thể bắt đầu sau 2 tuần
Dương Kim Hương,Khiếm thính,"Viết tin nhắn rõ ràng, kiên nhẫn, hiểu sản phẩm","Quận Hai Bà Trưng, Hà Nội",0967327614,Có thể bắt đầu sau 2 tuần
Ngô Thị Nga,Khuyết tật ngôn ngữ,"Viết tin nhắn rõ ràng, kiên nhẫn, hiểu sản phẩm","Quận Cầu Giấy, Hà Nội",0933365734,Sẵn sàng đi làm ngay
Hoàng Mỹ Hương,Khuyết tật trí tuệ nhẹ,"May công nghiệp, tỉ mỉ, chịu được áp lực dây chuyền","Quận 1, TP.HCM",0952408734,Sẵn sàng đi làm ngay
Vũ Mỹ Nga,Khuyết tật vận động,"Python, SQL, Git, tư duy logic","Quận Tân Bình, TP.HCM",0998703668,Sẵn sàng đi làm ngay
Ngô Kim Hoa,Khuyết tật vận động,"Viết tin nhắn rõ ràng, kiên nhẫn, hiểu sản phẩm",Làm việc từ xa (Remote toàn quốc),0923626745,Sẵn sàng đi làm ngay
Phan Ngọc Trang,Đa khuyết tật nhẹ,"Photoshop, Illustrator, Canva, tư duy thẩm mỹ","TP. Thủ Dầu Một, Bình Dương",0947475780,Có thể bắt đầu sau 2 tuần
Vũ Ngọc Ngọc,Khuyết tật trí tuệ nhẹ,"Giao tiếp tốt, giọng nói rõ, xử lý tình huống",Làm việc từ xa (Remote toàn quốc),0963350270,Sẵn sàng đi làm ngay
Phạm Ngọc Ngọc,Khiếm thính,"Viết lách, nghiên cứu thông tin, SEO cơ bản","Quận Hai Bà Trưng, Hà Nội",0991148201,Sẵn sàng đi làm ngay
Lý Văn Vinh,Khuyết tật trí tuệ nhẹ,"Cẩn thận, làm theo quy trình, sức khỏe ổn định",TP. Đà Nẵng,0914956822,Sẵn sàng đi làm ngay
Vũ Văn Khoa,Khuyết tật ngôn ngữ,"Viết lách, nghiên cứu thông tin, SEO cơ bản","TP. Biên Hòa, Đồng Nai",0941400578,Có thể bắt đầu sau 2 tuần
Lê Hữu Khoa,"Khuyết tật thần kinh, tâm thần (ổn định)","MISA, Excel, nghiệp vụ kế toán","TP. Biên Hòa, Đồng Nai",0989785859,Sẵn sàng đi làm ngay
Lê Mỹ Trang,Khuyết tật ngôn ngữ,"Python, SQL, Git, tư duy logic",TP. Cần Thơ,0979068413,Có thể bắt đầu sau 2 tuần
Đặng Đình Khoa,Khuyết tật vận động,"Tin học văn phòng, kỹ năng sư phạm, kiên nhẫn","TP. Vinh, Nghệ An",0959786086,Có thể bắt đầu sau 2 tuần
Ngô Kim Anh,Khuyết tật trí tuệ nhẹ,"Khéo tay, kiên nhẫn, tỉ mỉ","TP. Thủ Dầu Một, Bình Dương",0924919894,Có thể bắt đầu sau 2 tuần
Trần Xuân Vinh,Khiếm thính,"Python, SQL, Git, tư duy logic","TP. Thủ Đức, TP.HCM",0982318275,Sẵn sàng đi làm ngay
Dương Quang Kiên,"Khuyết tật thần kinh, tâm thần (ổn định)","Chốt sale qua tin nhắn, quản lý đơn hàng, Excel cơ bản","Quận Bình Thạnh, TP.HCM",0991662882,Có thể bắt đầu sau 2 tuần
Nguyễn Diệu Ngọc,Khuyết tật trí tuệ nhẹ,"Giao tiếp tốt, giọng nói rõ, xử lý tình huống","TP. Vinh, Nghệ An",0981017405,Sẵn sàng đi làm ngay
Ngô Quang Phong,Khuyết tật vận động,"Nghe hiểu tốt, gõ phím nhanh, tập trung","Quận Tân Bình, TP.HCM",0976617592,Có thể bắt đầu sau 2 tuần
Trần Quang Kiên,Khiếm thị,"Tin học văn phòng, kỹ năng sư phạm, kiên nhẫn","Quận Tân Bình, TP.HCM",0913984241,Sẵn sàng đi làm ngay
Dương Diệu Lan,Khuyết tật ngôn ngữ,"Python, SQL, Git, tư duy logic",TP. Huế,0987594255,Sẵn sàng đi làm ngay
Lý Văn Hùng,Khuyết tật trí tuệ nhẹ,"Giao tiếp tốt, giọng nói rõ, xử lý tình huống",TP. Đà Nẵng,0992838528,Sẵn sàng đi làm ngay
Dương Xuân Bảo,Đa khuyết tật nhẹ,"Cẩn thận, làm theo quy trình, sức khỏe ổn định","Quận Cầu Giấy, Hà Nội",0916307438,Sẵn sàng đi làm ngay
Đặng Anh Sơn,Khiếm thị,"Tin học văn phòng, kỹ năng sư phạm, kiên nhẫn",TP. Huế,0994289287,Có thể bắt đầu sau 2 tuần
Ngô Bích Hoa,Khuyết tật vận động,"MISA, Excel, nghiệp vụ kế toán","Quận 1, TP.HCM",0999783064,Sẵn sàng đi làm ngay
Đỗ Thị Ngọc,Khiếm thị,"Tin học văn phòng, kỹ năng sư phạm, kiên nhẫn","Quận 1, TP.HCM",0942364070,Có thể bắt đầu sau 2 tuần
Dương Diệu Ngọc,Khiếm thính,"Tin học văn phòng, gõ phím nhanh, cẩn thận, tỉ mỉ","Quận Hai Bà Trưng, Hà Nội",0973660887,Sẵn sàng đi làm ngay
Huỳnh Thành Hùng,"Khuyết tật thần kinh, tâm thần (ổn định)","Chốt sale qua tin nhắn, quản lý đơn hàng, Excel cơ bản","TP. Biên Hòa, Đồng Nai",0987036650,Sẵn sàng đi làm ngay
Dương Thị Hoa,Khuyết tật ngôn ngữ,"Python, SQL, Git, tư duy logic","Quận Tân Bình, TP.HCM",0948038252,Sẵn sàng đi làm ngay
Đỗ Thành Sơn,Khiếm thị,"Viết lách, nghiên cứu thông tin, SEO cơ bản","Quận Đống Đa, Hà Nội",0956070372,Có thể bắt đầu sau 2 tuần
Phạm Thành Nam,Đa khuyết tật nhẹ,"Cẩn thận, làm theo quy trình, sức khỏe ổn định",Làm việc từ xa (Remote toàn quốc),0969038459,Sẵn sàng đi làm ngay
Đặng Anh Hải,"Khuyết tật thần kinh, tâm thần (ổn định)","Xoa bóp bấm huyệt, cảm nhận cơ thể tốt","TP. Nha Trang, Khánh Hòa",0993038086,Sẵn sàng đi làm ngay
Võ Thành Sơn,Khiếm thính,"Ngôn ngữ ký hiệu, biên tập video cơ bản","TP. Biên Hòa, Đồng Nai",0959220063,Sẵn sàng đi làm ngay
Trần Diệu Yến,Khuyết tật vận động,"Khéo tay, kiên nhẫn, tỉ mỉ","Quận Hai Bà Trưng, Hà Nội",0960408631,Sẵn sàng đi làm ngay
Huỳnh Thị Lan,Khuyết tật trí tuệ nhẹ,"May công nghiệp, tỉ mỉ, chịu được áp lực dây chuyền","TP. Thủ Dầu Một, Bình Dương",0960980034,Sẵn sàng đi làm ngay
Dương Ngọc Thảo,Khuyết tật trí tuệ nhẹ,"Giao tiếp tốt, giọng nói rõ, xử lý tình huống","TP. Thủ Đức, TP.HCM",0975251163,Sẵn sàng đi làm ngay
Ngô Mỹ Hoa,Khiếm thính,"Python, SQL, Git, tư duy logic",TP. Huế,0956052172,Có thể bắt đầu sau 2 tuần
Phan Thu Lan,Khuyết tật vận động,"Python, SQL, Git, tư duy logic","Quận Bình Thạnh, TP.HCM",0965325710,Sẵn sàng đi làm ngay
Huỳnh Ngọc Nga,Khiếm thính,"Chốt sale qua tin nhắn, quản lý đơn hàng, Excel cơ bản","TP. Vinh, Nghệ An",0981861944,Có thể bắt đầu sau 2 tuần
Phan Thị Nga,"Khuyết tật thần kinh, tâm thần (ổn định)","Ngôn ngữ ký hiệu, biên tập video cơ bản",TP. Cần Thơ,0926702017,Sẵn sàng đi làm ngay
Lê Quang Hùng,"Khuyết tật thần kinh, tâm thần (ổn định)","May công nghiệp, tỉ mỉ, chịu được áp lực dây chuyền","Quận 1, TP.HCM",0945441367,Sẵn sàng đi làm ngay
Lê Kim Lan,Khuyết tật trí tuệ nhẹ,"May công nghiệp, tỉ mỉ, chịu được áp lực dây chuyền",TP. Huế,0945339141,Sẵn sàng đi làm ngay
Trần Kim Linh,"Khuyết tật thần kinh, tâm thần (ổn định)","Giao tiếp tốt, giọng nói rõ, xử lý tình huống","TP. Vinh, Nghệ An",0989453898,Sẵn sàng đi làm ngay
Đặng Mỹ Thảo,Khiếm thị,"Xoa bóp bấm huyệt, cảm nhận cơ thể tốt",TP. Huế,0963973235,Sẵn sàng đi làm ngay
Đặng Minh Bảo,Đa khuyết tật nhẹ,"Cẩn thận, làm theo quy trình, sức khỏe ổn định","Quận 1, TP.HCM",0978336622,Sẵn sàng đi làm ngay
Trần Ngọc Nga,Khuyết tật vận động,"Nghe hiểu tốt, gõ phím nhanh, tập trung","TP. Thủ Dầu Một, Bình Dương",0982160493,Có thể bắt đầu sau 2 tuần
Trần Quang Hùng,Khuyết tật trí tuệ nhẹ,"May công nghiệp, tỉ mỉ, chịu được áp lực dây chuyền",Làm việc từ xa (Remote toàn quốc),0996141406,Có thể bắt đầu sau 2 tuần
Ngô Thành Long,Đa khuyết tật nhẹ,"Cẩn thận, làm theo quy trình, sức khỏe ổn định","Quận Tân Bình, TP.HCM",0914713027,Sẵn sàng đi làm ngay
Phạm Mỹ Vy,Khiếm thị,"Xoa bóp bấm huyệt, cảm nhận cơ thể tốt",Làm việc từ xa (Remote toàn quốc),0958203522,Có thể bắt đầu sau 2 tuần
Phan Xuân Tuấn,Khiếm thị,"Nghe hiểu tốt, gõ phím nhanh, tập trung","Quận Đống Đa, Hà Nội",0911868922,Có thể bắt đầu sau 2 tuần
Đặng Hữu Đức,Khiếm thính,"Viết tin nhắn rõ ràng, kiên nhẫn, hiểu sản phẩm","Quận 1, TP.HCM",0935904207,Sẵn sàng đi làm ngay
Nguyễn Đình Phong,"Khuyết tật thần kinh, tâm thần (ổn định)","Chốt sale qua tin nhắn, quản lý đơn hàng, Excel cơ bản",TP. Huế,0927883205,Sẵn sàng đi làm ngay
Lý Đình Hải,Đa khuyết tật nhẹ,"Photoshop, Illustrator, Canva, tư duy thẩm mỹ","Quận 3, TP.HCM",0921407502,Sẵn sàng đi làm ngay
Vũ Văn Long,"Khuyết tật thần kinh, tâm thần (ổn định)","Cẩn thận, làm theo quy trình, sức khỏe ổn định","TP. Thủ Dầu Một, Bình Dương",0947513650,Sẵn sàng đi làm ngay
Trần Ngọc Trang,Khiếm thính,"Cẩn thận, làm theo quy trình, sức khỏe ổn định",TP. Đà Nẵng,0959825836,Có thể bắt đầu sau 2 tuần
Đặng Minh Sơn,Khiếm thị,"Xoa bóp bấm huyệt, cảm nhận cơ thể tốt","Quận 3, TP.HCM",0995133201,Có thể bắt đầu sau 2 tuần
Nguyễn Bích Mai,Khiếm thị,"Viết lách, nghiên cứu thông tin, SEO cơ bản","TP. Vinh, Nghệ An",0973709054,Sẵn sàng đi làm ngay
Phạm Anh Sơn,Khuyết tật trí tuệ nhẹ,"Khéo tay, kiên nhẫn, tỉ mỉ",TP. Huế,0976573189,Có thể bắt đầu sau 2 tuần
Hoàng Quang Nam,Đa khuyết tật nhẹ,"Photoshop, Illustrator, Canva, tư duy thẩm mỹ","Quận Cầu Giấy, Hà Nội",0966266221,Sẵn sàng đi làm ngay
Nguyễn Thành Khoa,Khuyết tật ngôn ngữ,"Chốt sale qua tin nhắn, quản lý đơn hàng, Excel cơ bản","Quận 3, TP.HCM",0967931211,Sẵn sàng đi làm ngay
Vũ Thành Tuấn,Khuyết tật trí tuệ nhẹ,"May công nghiệp, tỉ mỉ, chịu được áp lực dây chuyền","Quận 3, TP.HCM",0997617026,Sẵn sàng đi làm ngay
Đặng Quang Phong,Khiếm thị,"Xoa bóp bấm huyệt, cảm nhận cơ thể tốt","Quận 3, TP.HCM",0965580175,Có thể bắt đầu sau 2 tuần
Phạm Văn Hùng,Khiếm thính,"Chốt sale qua tin nhắn, quản lý đơn hàng, Excel cơ bản","TP. Thủ Dầu Một, Bình Dương",0955494998,Sẵn sàng đi làm ngay
Nguyễn Quang Nam,Khuyết tật ngôn ngữ,"Python, SQL, Git, tư duy logic","Quận 1, TP.HCM",0954766759,Có thể bắt đầu sau 2 tuần
Ngô Xuân Sơn,Khuyết tật ngôn ngữ,"Tin học văn phòng, gõ phím nhanh, cẩn thận, tỉ mỉ","Quận 1, TP.HCM",0935435139,Có thể bắt đầu sau 2 tuần
Lê Hữu Hải,Khiếm thính,"Ngôn ngữ ký hiệu, biên tập video cơ bản","TP. Vinh, Nghệ An",0982549495,Có thể bắt đầu sau 2 tuần
Lý Thành Tuấn,Khuyết tật ngôn ngữ,"Tin học văn phòng, gõ phím nhanh, cẩn thận, tỉ mỉ",Làm việc từ xa (Remote toàn quốc),0929130730,Sẵn sàng đi làm ngay
Dương Diệu Trang,Khiếm thính,"Viết lách, nghiên cứu thông tin, SEO cơ bản","TP. Biên Hòa, Đồng Nai",0964695425,Có thể bắt đầu sau 2 tuần
Võ Thị Thảo,Khuyết tật trí tuệ nhẹ,"Giao tiếp tốt, giọng nói rõ, xử lý tình huống","Quận Cầu Giấy, Hà Nội",0910844050,Sẵn sàng đi làm ngay
Nguyễn Ngọc Linh,Khuyết tật vận động,"Viết tin nhắn rõ ràng, kiên nhẫn, hiểu sản phẩm",TP. Huế,0950471259,Sẵn sàng đi làm ngay
Huỳnh Thành Hùng,Đa khuyết tật nhẹ,"Photoshop, Illustrator, Canva, tư duy thẩm mỹ","Quận Cầu Giấy, Hà Nội",0929336846,Sẵn sàng đi làm ngay
Lê Bích Anh,Khiếm thị,"Viết lách, nghiên cứu thông tin, SEO cơ bản","Quận Bình Thạnh, TP.HCM",0912284070,Sẵn sàng đi làm ngay
Lý Văn Hải,Khuyết tật vận động,"Khéo tay, kiên nhẫn, tỉ mỉ",Làm việc từ xa (Remote toàn quốc),0934512392,Sẵn sàng đi làm ngay
Trần Đình Tuấn,"Khuyết tật thần kinh, tâm thần (ổn định)","Xoa bóp bấm huyệt, cảm nhận cơ thể tốt","TP. Biên Hòa, Đồng Nai",0964891734,Sẵn sàng đi làm ngay
Bùi Anh Vinh,Khuyết tật trí tuệ nhẹ,"Khéo tay, kiên nhẫn, tỉ mỉ","Quận 1, TP.HCM",0958196283,Sẵn sàng đi làm ngay
Nguyễn Hữu Bảo,Khuyết tật vận động,"Photoshop, Illustrator, Canva, tư duy thẩm mỹ","TP. Nha Trang, Khánh Hòa",0999578903,Sẵn sàng đi làm ngay
Lê Kim Yến,Khuyết tật ngôn ngữ,"Viết lách, nghiên cứu thông tin, SEO cơ bản","Quận Bình Thạnh, TP.HCM",0948323962,Có thể bắt đầu sau 2 tuần
Hoàng Thành Khoa,Đa khuyết tật nhẹ,"Cẩn thận, làm theo quy trình, sức khỏe ổn định",TP. Huế,0966546065,Sẵn sàng đi làm ngay
Lý Minh Long,Khuyết tật trí tuệ nhẹ,"Cẩn thận, làm theo quy trình, sức khỏe ổn định","Quận 3, TP.HCM",0971228317,Sẵn sàng đi làm ngay
Vũ Kim Lan,Khuyết tật ngôn ngữ,"MISA, Excel, nghiệp vụ kế toán","Quận Hai Bà Trưng, Hà Nội",0985773305,Sẵn sàng đi làm ngay
Đặng Ngọc Lan,Khiếm thính,"Cẩn thận, làm theo quy trình, sức khỏe ổn định",TP. Cần Thơ,0968677738,Sẵn sàng đi làm ngay
Phan Bích Vy,Khiếm thính,"Khéo tay, kiên nhẫn, tỉ mỉ","Quận Đống Đa, Hà Nội",0927160749,Có thể bắt đầu sau 2 tuần
Hoàng Kim Yến,Đa khuyết tật nhẹ,"Khéo tay, kiên nhẫn, tỉ mỉ","Quận Hai Bà Trưng, Hà Nội",0946295026,Sẵn sàng đi làm ngay
Trần Thành Đức,Khiếm thính,"MISA, Excel, nghiệp vụ kế toán","Quận Cầu Giấy, Hà Nội",0946818748,Sẵn sàng đi làm ngay
Trần Ngọc Anh,Khiếm thị,"Xoa bóp bấm huyệt, cảm nhận cơ thể tốt","Quận Cầu Giấy, Hà Nội",0975990558,Sẵn sàng đi làm ngay
Huỳnh Thị Linh,"Khuyết tật thần kinh, tâm thần (ổn định)","Python, SQL, Git, tư duy logic","Quận 1, TP.HCM",0939233159,Sẵn sàng đi làm ngay
Phạm Bích Anh,Khiếm thính,"Tin học văn phòng, gõ phím nhanh, cẩn thận, tỉ mỉ","TP. Nha Trang, Khánh Hòa",0964130831,Sẵn sàng đi làm ngay
Nguyễn Kim Ngọc,Khuyết tật ngôn ngữ,"Tin học văn phòng, gõ phím nhanh, cẩn thận, tỉ mỉ","Quận 1, TP.HCM",0922077084,Sẵn sàng đi làm ngay
Nguyễn Diệu Lan,Khiếm thính,"Khéo tay, kiên nhẫn, tỉ mỉ","Quận 1, TP.HCM",0961604447,Sẵn sàng đi làm ngay
Dương Xuân Hải,"Khuyết tật thần kinh, tâm thần (ổn định)","Cẩn thận, làm theo quy trình, sức khỏe ổn định","TP. Thủ Đức, TP.HCM",0971303454,Có thể bắt đầu sau 2 tuần
Đỗ Thị Yến,Khuyết tật ngôn ngữ,"MISA, Excel, nghiệp vụ kế toán","TP. Vinh, Nghệ An",0911195394,Sẵn sàng đi làm ngay
Võ Thị Mai,"Khuyết tật thần kinh, tâm thần (ổn định)","Xoa bóp bấm huyệt, cảm nhận cơ thể tốt",TP. Cần Thơ,0967077082,Sẵn sàng đi làm ngay
Nguyễn Minh Kiên,Khuyết tật vận động,"Viết lách, nghiên cứu thông tin, SEO cơ bản","Quận Hai Bà Trưng, Hà Nội",0939409531,Sẵn sàng đi làm ngay
Vũ Hữu Khoa,Khiếm thính,"Photoshop, Illustrator, Canva, tư duy thẩm mỹ","Quận Hai Bà Trưng, Hà Nội",0921430379,Sẵn sàng đi làm ngay
Đỗ Đình Bảo,"Khuyết tật thần kinh, tâm thần (ổn định)","Khéo tay, kiên nhẫn, tỉ mỉ","TP. Thủ Dầu Một, Bình Dương",0951479441,Sẵn sàng đi làm ngay
Ngô Thị Lan,Khiếm thính,"Viết tin nhắn rõ ràng, kiên nhẫn, hiểu sản phẩm",TP. Đà Nẵng,0958723563,Sẵn sàng đi làm ngay
Phan Xuân Đức,Đa khuyết tật nhẹ,"Photoshop, Illustrator, Canva, tư duy thẩm mỹ",TP. Đà Nẵng,0960339944,Có thể bắt đầu sau 2 tuần
Hoàng Bích Trang,Khuyết tật ngôn ngữ,"Viết lách, nghiên cứu thông tin, SEO cơ bản",TP. Đà Nẵng,0964280598,Sẵn sàng đi làm ngay
Nguyễn Thu Vy,Khiếm thị,"Xoa bóp bấm huyệt, cảm nhận cơ thể tốt","Quận Tân Bình, TP.HCM",0912151775,Có thể bắt đầu sau 2 tuần
Đỗ Ngọc Vy,"Khuyết tật thần kinh, tâm thần (ổn định)","Tin học văn phòng, kỹ năng sư phạm, kiên nhẫn","Quận Bình Thạnh, TP.HCM",0939862398,Sẵn sàng đi làm ngay
Nguyễn Thành Nam,Khuyết tật ngôn ngữ,"Chốt sale qua tin nhắn, quản lý đơn hàng, Excel cơ bản",TP. Cần Thơ,0914520546,Sẵn sàng đi làm ngay
Hoàng Ngọc Thảo,Khuyết tật ngôn ngữ,"Tin học văn phòng, gõ phím nhanh, cẩn thận, tỉ mỉ",Làm việc từ xa (Remote toàn quốc),0940521314,Có thể bắt đầu sau 2 tuần
Phan Quang Đức,Khuyết tật vận động,"Chốt sale qua tin nhắn, quản lý đơn hàng, Excel cơ bản","Quận Đống Đa, Hà Nội",0970993072,Sẵn sàng đi làm ngay
Đặng Đình Khoa,Khuyết tật vận động,"Photoshop, Illustrator, Canva, tư duy thẩm mỹ","Quận Cầu Giấy, Hà Nội",0954562374,Sẵn sàng đi làm ngay
Trần Diệu Vy,Khiếm thính,"Ngôn ngữ ký hiệu, biên tập video cơ bản",TP. Huế,0953938049,Sẵn sàng đi làm ngay
Trần Thị Thảo,Khiếm thính,"Viết lách, nghiên cứu thông tin, SEO cơ bản","TP. Nha Trang, Khánh Hòa",0990747404,Sẵn sàng đi làm ngay
Phan Hữu Nam,Khiếm thính,"Viết lách, nghiên cứu thông tin, SEO cơ bản",TP. Huế,0985370985,Sẵn sàng đi làm ngay
Nguyễn Đình Hải,Khiếm thị,"Tin học văn phòng, kỹ năng sư phạm, kiên nhẫn","Quận Bình Thạnh, TP.HCM",0927066088,Sẵn sàng đi làm ngay
Huỳnh Văn Kiên,"Khuyết tật thần kinh, tâm thần (ổn định)","Nghe hiểu tốt, gõ phím nhanh, tập trung","Quận Bình Thạnh, TP.HCM",0945499509,Có thể bắt đầu sau 2 tuần
Vũ Mỹ Nga,"Khuyết tật thần kinh, tâm thần (ổn định)","Xoa bóp bấm huyệt, cảm nhận cơ thể tốt","Quận 1, TP.HCM",0940116895,Có thể bắt đầu sau 2 tuần
Hoàng Văn Long,Đa khuyết tật nhẹ,"Cẩn thận, làm theo quy trình, sức khỏe ổn định",TP. Đà Nẵng,0997924901,Sẵn sàng đi làm ngay
Phạm Thu Yến,Khiếm thị,"Tin học văn phòng, kỹ năng sư phạm, kiên nhẫn",TP. Huế,0913376007,Sẵn sàng đi làm ngay
Nguyễn Quang Vinh,Khiếm thính,"May công nghiệp, tỉ mỉ, chịu được áp lực dây chuyền","Quận Hai Bà Trưng, Hà Nội",0951490410,Sẵn sàng đi làm ngay
Huỳnh Mỹ Lan,Khiếm thị,"Viết lách, nghiên cứu thông tin, SEO cơ bản","Quận Hai Bà Trưng, Hà Nội",0975923591,Có thể bắt đầu sau 2 tuần
Huỳnh Bích Vy,Khuyết tật ngôn ngữ,"Photoshop, Illustrator, Canva, tư duy thẩm mỹ","Quận Cầu Giấy, Hà Nội",0926940639,Có thể bắt đầu sau 2 tuần
Vũ Kim Yến,"Khuyết tật thần kinh, tâm thần (ổn định)","Python, SQL, Git, tư duy logic","TP. Nha Trang, Khánh Hòa",0966144019,Có thể bắt đầu sau 2 tuần
Lê Thu Lan,Khuyết tật trí tuệ nhẹ,"Khéo tay, kiên nhẫn, tỉ mỉ","TP. Nha Trang, Khánh Hòa",0993403051,Có thể bắt đầu sau 2 tuần
Ngô Mỹ Thảo,Khuyết tật trí tuệ nhẹ,"Cẩn thận, làm theo quy trình, sức khỏe ổn định",TP. Đà Nẵng,0920807157,Sẵn sàng đi làm ngay
Huỳnh Thành Sơn,Khuyết tật ngôn ngữ,"Tin học văn phòng, gõ phím nhanh, cẩn thận, tỉ mỉ","Quận Đống Đa, Hà Nội",0978485923,Sẵn sàng đi làm ngay
Lê Anh Long,Khuyết tật ngôn ngữ,"Viết tin nhắn rõ ràng, kiên nhẫn, hiểu sản phẩm",TP. Cần Thơ,0938115244,Sẵn sàng đi làm ngay
Võ Hữu Nam,Khuyết tật vận động,"Viết lách, nghiên cứu thông tin, SEO cơ bản","TP. Nha Trang, Khánh Hòa",0921660923,Sẵn sàng đi làm ngay
Đặng Thu Hương,"Khuyết tật thần kinh, tâm thần (ổn định)","Nghe hiểu tốt, gõ phím nhanh, tập trung",TP. Đà Nẵng,0957904616,Sẵn sàng đi làm ngay
Phan Thu Trang,Đa khuyết tật nhẹ,"Photoshop, Illustrator, Canva, tư duy thẩm mỹ","Quận 1, TP.HCM",0996277583,Có thể bắt đầu sau 2 tuần
Bùi Mỹ Linh,Đa khuyết tật nhẹ,"Photoshop, Illustrator, Canva, tư duy thẩm mỹ","Quận Tân Bình, TP.HCM",0983377097,Sẵn sàng đi làm ngay
Phạm Thành Hải,Khuyết tật ngôn ngữ,"Photoshop, Illustrator, Canva, tư duy thẩm mỹ","TP. Vinh, Nghệ An",0951167664,Sẵn sàng đi làm ngay
Võ Kim Hương,"Khuyết tật thần kinh, tâm thần (ổn định)","Khéo tay, kiên nhẫn, tỉ mỉ",TP. Cần Thơ,0918693668,Sẵn sàng đi làm ngay
Võ Thành Phong,Khuyết tật vận động,"Tin học văn phòng, kỹ năng sư phạm, kiên nhẫn",TP. Huế,0944852366,Có thể bắt đầu sau 2 tuần
Dương Văn Nam,Khiếm thính,"May công nghiệp, tỉ mỉ, chịu được áp lực dây chuyền","Quận Tân Bình, TP.HCM",0922228312,Sẵn sàng đi làm ngay
Bùi Thị Anh,Khuyết tật vận động,"Giao tiếp tốt, giọng nói rõ, xử lý tình huống","Quận Đống Đa, Hà Nội",0935030010,Sẵn sàng đi làm ngay
Nguyễn Thành Hùng,Khiếm thính,"Photoshop, Illustrator, Canva, tư duy thẩm mỹ","TP. Nha Trang, Khánh Hòa",0942174333,Sẵn sàng đi làm ngay
Nguyễn Ngọc Hương,Khiếm thính,"Ngôn ngữ ký hiệu, biên tập video cơ bản","TP. Nha Trang, Khánh Hòa",0918386188,Có thể bắt đầu sau 2 tuần
Võ Kim Ngọc,Khiếm thị,"Xoa bóp bấm huyệt, cảm nhận cơ thể tốt","TP. Vinh, Nghệ An",0916643596,Sẵn sàng đi làm ngay
Nguyễn Xuân Sơn,Đa khuyết tật nhẹ,"Khéo tay, kiên nhẫn, tỉ mỉ","Quận 3, TP.HCM",0942306457,Sẵn sàng đi làm ngay
Đặng Diệu Vy,"Khuyết tật thần kinh, tâm thần (ổn định)","Viết lách, nghiên cứu thông tin, SEO cơ bản","Quận Tân Bình, TP.HCM",0984460758,Sẵn sàng đi làm ngay
Lý Mỹ Hương,Đa khuyết tật nhẹ,"Cẩn thận, làm theo quy trình, sức khỏe ổn định","Quận Tân Bình, TP.HCM",0957617569,Sẵn sàng đi làm ngay
Đỗ Thị Ngọc,Khuyết tật ngôn ngữ,"Chốt sale qua tin nhắn, quản lý đơn hàng, Excel cơ bản","Quận 3, TP.HCM",0996974990,Sẵn sàng đi làm ngay
Dương Văn Kiên,"Khuyết tật thần kinh, tâm thần (ổn định)","Viết lách, nghiên cứu thông tin, SEO cơ bản","TP. Biên Hòa, Đồng Nai",0926170596,Sẵn sàng đi làm ngay
Huỳnh Bích Lan,Khuyết tật trí tuệ nhẹ,"Khéo tay, kiên nhẫn, tỉ mỉ","Quận Hai Bà Trưng, Hà Nội",0913037859,Sẵn sàng đi làm ngay
Vũ Xuân Bảo,Khiếm thị,"Tin học văn phòng, kỹ năng sư phạm, kiên nhẫn","Quận 1, TP.HCM",0917548149,Có thể bắt đầu sau 2 tuần
Trần Hữu Bảo,Khuyết tật trí tuệ nhẹ,"Giao tiếp tốt, giọng nói rõ, xử lý tình huống",TP. Huế,0973079869,Có thể bắt đầu sau 2 tuần
Bùi Diệu Ngọc,Khiếm thị,"Nghe hiểu tốt, gõ phím nhanh, tập trung","Quận Đống Đa, Hà Nội",0995059580,Có thể bắt đầu sau 2 tuần
Ngô Quang Tuấn,Khuyết tật vận động,"Khéo tay, kiên nhẫn, tỉ mỉ",Làm việc từ xa (Remote toàn quốc),0955479408,Có thể bắt đầu sau 2 tuần
Võ Thị Hương,Khiếm thính,"Cẩn thận, làm theo quy trình, sức khỏe ổn định",TP. Huế,0948493103,Sẵn sàng đi làm ngay
Ngô Văn Hùng,"Khuyết tật thần kinh, tâm thần (ổn định)","MISA, Excel, nghiệp vụ kế toán","TP. Thủ Dầu Một, Bình Dương",0932778954,Sẵn sàng đi làm ngay
Phạm Ngọc Linh,"Khuyết tật thần kinh, tâm thần (ổn định)","Chốt sale qua tin nhắn, quản lý đơn hàng, Excel cơ bản",TP. Cần Thơ,0963051082,Có thể bắt đầu sau 2 tuần
Đặng Thành Bảo,Khiếm thị,"Xoa bóp bấm huyệt, cảm nhận cơ thể tốt","TP. Nha Trang, Khánh Hòa",0999776851,Có thể bắt đầu sau 2 tuần
Hoàng Xuân Hùng,Khuyết tật ngôn ngữ,"Python, SQL, Git, tư duy logic","TP. Vinh, Nghệ An",0962201776,Có thể bắt đầu sau 2 tuần
Trần Hữu Hải,"Khuyết tật thần kinh, tâm thần (ổn định)","Cẩn thận, làm theo quy trình, sức khỏe ổn định","TP. Thủ Dầu Một, Bình Dương",0987586461,Có thể bắt đầu sau 2 tuần
Huỳnh Hữu Phong,Khuyết tật vận động,"Python, SQL, Git, tư duy logic","Quận Bình Thạnh, TP.HCM",0950022624,Có thể bắt đầu sau 2 tuần
Vũ Ngọc Linh,Khuyết tật trí tuệ nhẹ,"Giao tiếp tốt, giọng nói rõ, xử lý tình huống","Quận 1, TP.HCM",0958852391,Sẵn sàng đi làm ngay
Lý Thu Linh,Đa khuyết tật nhẹ,"Cẩn thận, làm theo quy trình, sức khỏe ổn định",TP. Đà Nẵng,0925100330,Sẵn sàng đi làm ngay
Hoàng Thu Mai,Đa khuyết tật nhẹ,"Photoshop, Illustrator, Canva, tư duy thẩm mỹ","TP. Thủ Đức, TP.HCM",0918852788,Sẵn sàng đi làm ngay
Đỗ Hữu Hùng,Khiếm thính,"Viết lách, nghiên cứu thông tin, SEO cơ bản","Quận Tân Bình, TP.HCM",0952465525,Có thể bắt đầu sau 2 tuần
Huỳnh Mỹ Thảo,Khiếm thính,"Python, SQL, Git, tư duy logic","Quận Tân Bình, TP.HCM",0958953018,Có thể bắt đầu sau 2 tuần
Đỗ Quang Hải,"Khuyết tật thần kinh, tâm thần (ổn định)","May công nghiệp, tỉ mỉ, chịu được áp lực dây chuyền","TP. Nha Trang, Khánh Hòa",0999623431,Có thể bắt đầu sau 2 tuần
Phạm Hữu Sơn,Khuyết tật ngôn ngữ,"Chốt sale qua tin nhắn, quản lý đơn hàng, Excel cơ bản","TP. Biên Hòa, Đồng Nai",0910421479,Sẵn sàng đi làm ngay
Lý Minh Nam,Đa khuyết tật nhẹ,"Photoshop, Illustrator, Canva, tư duy thẩm mỹ",TP. Đà Nẵng,0975845066,Sẵn sàng đi làm ngay
Dương Thu Thảo,Đa khuyết tật nhẹ,"Cẩn thận, làm theo quy trình, sức khỏe ổn định",TP. Huế,0943122506,Sẵn sàng đi làm ngay
Võ Mỹ Thảo,Khuyết tật vận động,"Photoshop, Illustrator, Canva, tư duy thẩm mỹ","TP. Thủ Đức, TP.HCM",0954226861,Có thể bắt đầu sau 2 tuần
Ngô Kim Lan,Khiếm thị,"Nghe hiểu tốt, gõ phím nhanh, tập trung","TP. Thủ Dầu Một, Bình Dương",0955817390,Sẵn sàng đi làm ngay
Ngô Kim Thảo,Khiếm thị,"Tin học văn phòng, kỹ năng sư phạm, kiên nhẫn","Quận 3, TP.HCM",0931579010,Sẵn sàng đi làm ngay
Hoàng Mỹ Anh,Khuyết tật trí tuệ nhẹ,"Giao tiếp tốt, giọng nói rõ, xử lý tình huống","TP. Thủ Đức, TP.HCM",0959635288,Có thể bắt đầu sau 2 tuần
Lê Hữu Tuấn,Khuyết tật trí tuệ nhẹ,"Cẩn thận, làm theo quy trình, sức khỏe ổn định","TP. Vinh, Nghệ An",0923656066,Sẵn sàng đi làm ngay
Trần Minh Kiên,Khiếm thị,"Xoa bóp bấm huyệt, cảm nhận cơ thể tốt","TP. Vinh, Nghệ An",0974516360,Sẵn sàng đi làm ngay
Vũ Thị Linh,"Khuyết tật thần kinh, tâm thần (ổn định)","Tin học văn phòng, kỹ năng sư phạm, kiên nhẫn","Quận Hai Bà Trưng, Hà Nội",0923113424,Sẵn sàng đi làm ngay
Ngô Xuân Long,Khuyết tật vận động,"Viết tin nhắn rõ ràng, kiên nhẫn, hiểu sản phẩm","Quận 1, TP.HCM",0919783931,Có thể bắt đầu sau 2 tuần
Đỗ Đình Phong,Khuyết tật ngôn ngữ,"Chốt sale qua tin nhắn, quản lý đơn hàng, Excel cơ bản","TP. Biên Hòa, Đồng Nai",0916685457,Sẵn sàng đi làm ngay
Ngô Bích Mai,Khiếm thị,"Viết lách, nghiên cứu thông tin, SEO cơ bản",TP. Đà Nẵng,0964066476,Có thể bắt đầu sau 2 tuần
Nguyễn Thành Long,Khuyết tật trí tuệ nhẹ,"May công nghiệp, tỉ mỉ, chịu được áp lực dây chuyền",TP. Cần Thơ,0928267938,Sẵn sàng đi làm ngay
Bùi Xuân Sơn,"Khuyết tật thần kinh, tâm thần (ổn định)","Ngôn ngữ ký hiệu, biên tập video cơ bản","TP. Nha Trang, Khánh Hòa",0937719615,Có thể bắt đầu sau 2 tuần
Phan Thu Ngọc,Khiếm thị,"Tin học văn phòng, kỹ năng sư phạm, kiên nhẫn",Làm việc từ xa (Remote toàn quốc),0926828265,Sẵn sàng đi làm ngay
Đặng Văn Long,Khuyết tật ngôn ngữ,"Viết tin nhắn rõ ràng, kiên nhẫn, hiểu sản phẩm",Làm việc từ xa (Remote toàn quốc),0979392239,Có thể bắt đầu sau 2 tuần
Lê Anh Đức,Khuyết tật ngôn ngữ,"Viết tin nhắn rõ ràng, kiên nhẫn, hiểu sản phẩm","Quận Hai Bà Trưng, Hà Nội",0941583718,Sẵn sàng đi làm ngay
Vũ Thành Vinh,Khuyết tật vận động,"Tin học văn phòng, gõ phím nhanh, cẩn thận, tỉ mỉ","TP. Thủ Đức, TP.HCM",0921248519,Có thể bắt đầu sau 2 tuần
Phan Diệu Hoa,Khuyết tật vận động,"Tin học văn phòng, kỹ năng sư phạm, kiên nhẫn","TP. Vinh, Nghệ An",0952180686,Sẵn sàng đi làm ngay
Phan Xuân Khoa,"Khuyết tật thần kinh, tâm thần (ổn định)","MISA, Excel, nghiệp vụ kế toán","TP. Biên Hòa, Đồng Nai",0989910383,Có thể bắt đầu sau 2 tuần
Hoàng Hữu Bảo,Khuyết tật trí tuệ nhẹ,"Khéo tay, kiên nhẫn, tỉ mỉ","TP. Thủ Dầu Một, Bình Dương",0913707261,Sẵn sàng đi làm ngay
Lê Mỹ Linh,Đa khuyết tật nhẹ,"Cẩn thận, làm theo quy trình, sức khỏe ổn định",TP. Đà Nẵng,0964014743,Có thể bắt đầu sau 2 tuần
Lê Đình Nam,Khiếm thị,"Tin học văn phòng, kỹ năng sư phạm, kiên nhẫn","Quận Đống Đa, Hà Nội",0996364402,Sẵn sàng đi làm ngay
Dương Anh Kiên,Khiếm thính,"Photoshop, Illustrator, Canva, tư duy thẩm mỹ","Quận Bình Thạnh, TP.HCM",0975779538,Sẵn sàng đi làm ngay
Phan Minh Nam,Khiếm thính,"Cẩn thận, làm theo quy trình, sức khỏe ổn định","Quận Tân Bình, TP.HCM",0992783895,Có thể bắt đầu sau 2 tuần
Hoàng Mỹ Ngọc,Khuyết tật vận động,"Photoshop, Illustrator, Canva, tư duy thẩm mỹ",TP. Cần Thơ,0984284004,Sẵn sàng đi làm ngay
Dương Văn Hải,Khuyết tật vận động,"Python, SQL, Git, tư duy logic","Quận Tân Bình, TP.HCM",0988452159,Có thể bắt đầu sau 2 tuần
Lý Thành Bảo,Khiếm thị,"Nghe hiểu tốt, gõ phím nhanh, tập trung","Quận 1, TP.HCM",0983765130,Sẵn sàng đi làm ngay
Hoàng Hữu Hùng,Khuyết tật vận động,"Python, SQL, Git, tư duy logic","TP. Nha Trang, Khánh Hòa",0966680533,Sẵn sàng đi làm ngay
Vũ Diệu Hoa,Đa khuyết tật nhẹ,"Photoshop, Illustrator, Canva, tư duy thẩm mỹ","TP. Vinh, Nghệ An",0938996080,Có thể bắt đầu sau 2 tuần
Vũ Thị Nga,Khiếm thính,"Khéo tay, kiên nhẫn, tỉ mỉ","Quận Đống Đa, Hà Nội",0911446908,Có thể bắt đầu sau 2 tuần
Phạm Xuân Nam,Khuyết tật vận động,"Tin học văn phòng, kỹ năng sư phạm, kiên nhẫn","Quận Đống Đa, Hà Nội",0944065154,Có thể bắt đầu sau 2 tuần
Dương Ngọc Ngọc,Khuyết tật trí tuệ nhẹ,"May công nghiệp, tỉ mỉ, chịu được áp lực dây chuyền","Quận Tân Bình, TP.HCM",0947398032,Có thể bắt đầu sau 2 tuần
Võ Văn Vinh,Khuyết tật trí tuệ nhẹ,"May công nghiệp, tỉ mỉ, chịu được áp lực dây chuyền","Quận 1, TP.HCM",0963378193,Có thể bắt đầu sau 2 tuần
Lê Kim Anh,Khuyết tật vận động,"Giao tiếp tốt, giọng nói rõ, xử lý tình huống","Quận 3, TP.HCM",0992241666,Có thể bắt đầu sau 2 tuần
Đỗ Bích Ngọc,Khuyết tật ngôn ngữ,"Python, SQL, Git, tư duy logic","Quận Tân Bình, TP.HCM",0940181048,Sẵn sàng đi làm ngay
Lê Thị Hương,"Khuyết tật thần kinh, tâm thần (ổn định)","Python, SQL, Git, tư duy logic",Làm việc từ xa (Remote toàn quốc),0986851987,Sẵn sàng đi làm ngay
Bùi Thành Hùng,Khuyết tật trí tuệ nhẹ,"May công nghiệp, tỉ mỉ, chịu được áp lực dây chuyền","TP. Thủ Dầu Một, Bình Dương",0926836089,Có thể bắt đầu sau 2 tuần
Phan Diệu Hương,"Khuyết tật thần kinh, tâm thần (ổn định)","Nghe hiểu tốt, gõ phím nhanh, tập trung","TP. Vinh, Nghệ An",0970883480,Có thể bắt đầu sau 2 tuần
Huỳnh Kim Thảo,Khuyết tật ngôn ngữ,"MISA, Excel, nghiệp vụ kế toán",TP. Cần Thơ,0945537497,Sẵn sàng đi làm ngay
Nguyễn Văn Khoa,"Khuyết tật thần kinh, tâm thần (ổn định)","Khéo tay, kiên nhẫn, tỉ mỉ","TP. Thủ Dầu Một, Bình Dương",0983300539,Sẵn sàng đi làm ngay
Đỗ Anh Phong,Đa khuyết tật nhẹ,"Photoshop, Illustrator, Canva, tư duy thẩm mỹ",TP. Huế,0912912578,Sẵn sàng đi làm ngay
Đặng Diệu Hương,Khuyết tật ngôn ngữ,"Tin học văn phòng, gõ phím nhanh, cẩn thận, tỉ mỉ","Quận Tân Bình, TP.HCM",0989862482,Sẵn sàng đi làm ngay
Ngô Thu Linh,Khiếm thị,"Xoa bóp bấm huyệt, cảm nhận cơ thể tốt","TP. Thủ Dầu Một, Bình Dương",0993174259,Sẵn sàng đi làm ngay
Đặng Đình Đức,Khuyết tật vận động,"MISA, Excel, nghiệp vụ kế toán","Quận 3, TP.HCM",0935827317,Sẵn sàng đi làm ngay
Phạm Văn Nam,Khiếm thị,"Xoa bóp bấm huyệt, cảm nhận cơ thể tốt","Quận Cầu Giấy, Hà Nội",0960229580,Có thể bắt đầu sau 2 tuần
Dương Thị Ngọc,Đa khuyết tật nhẹ,"Khéo tay, kiên nhẫn, tỉ mỉ","TP. Thủ Dầu Một, Bình Dương",0940365698,Có thể bắt đầu sau 2 tuần
Phạm Kim Mai,Khuyết tật vận động,"Nghe hiểu tốt, gõ phím nhanh, tập trung","Quận 3, TP.HCM",0984408160,Có thể bắt đầu sau 2 tuần
Ngô Ngọc Hương,Khuyết tật vận động,"Viết tin nhắn rõ ràng, kiên nhẫn, hiểu sản phẩm","Quận Đống Đa, Hà Nội",0949532925,Có thể bắt đầu sau 2 tuần
Lê Văn Đức,Khuyết tật trí tuệ nhẹ,"May công nghiệp, tỉ mỉ, chịu được áp lực dây chuyền",TP. Huế,0985743176,Có thể bắt đầu sau 2 tuần
Trần Minh Long,Khuyết tật ngôn ngữ,"MISA, Excel, nghiệp vụ kế toán","Quận Hai Bà Trưng, Hà Nội",0922142123,Sẵn sàng đi làm ngay
Ngô Thành Đức,Khuyết tật ngôn ngữ,"Tin học văn phòng, gõ phím nhanh, cẩn thận, tỉ mỉ","TP. Vinh, Nghệ An",0992104813,Sẵn sàng đi làm ngay
Lê Xuân Phong,Khiếm thị,"Xoa bóp bấm huyệt, cảm nhận cơ thể tốt","Quận Tân Bình, TP.HCM",0936586910,Sẵn sàng đi làm ngay
Hoàng Văn Phong,Khuyết tật trí tuệ nhẹ,"Khéo tay, kiên nhẫn, tỉ mỉ","TP. Thủ Dầu Một, Bình Dương",0934461495,Sẵn sàng đi làm ngay
Đặng Xuân Đức,Đa khuyết tật nhẹ,"Khéo tay, kiên nhẫn, tỉ mỉ","Quận Bình Thạnh, TP.HCM",0993501427,Có thể bắt đầu sau 2 tuần
Lê Hữu Vinh,Khiếm thính,"Chốt sale qua tin nhắn, quản lý đơn hàng, Excel cơ bản","TP. Thủ Đức, TP.HCM",0940746598,Sẵn sàng đi làm ngay
Lê Diệu Trang,Khuyết tật vận động,"Viết tin nhắn rõ ràng, kiên nhẫn, hiểu sản phẩm","TP. Nha Trang, Khánh Hòa",0973545725,Sẵn sàng đi làm ngay
Hoàng Đình Vinh,"Khuyết tật thần kinh, tâm thần (ổn định)","Chốt sale qua tin nhắn, quản lý đơn hàng, Excel cơ bản","TP. Nha Trang, Khánh Hòa",0913409779,Có thể bắt đầu sau 2 tuần
Ngô Thị Hoa,Khuyết tật trí tuệ nhẹ,"Giao tiếp tốt, giọng nói rõ, xử lý tình huống","TP. Vinh, Nghệ An",0986649314,Sẵn sàng đi làm ngay
Huỳnh Thu Hoa,"Khuyết tật thần kinh, tâm thần (ổn định)","MISA, Excel, nghiệp vụ kế toán",TP. Đà Nẵng,0935642547,Sẵn sàng đi làm ngay
Đỗ Anh Đức,Khiếm thính,"Photoshop, Illustrator, Canva, tư duy thẩm mỹ","TP. Thủ Dầu Một, Bình Dương",0911333197,Sẵn sàng đi làm ngay
Trần Thị Trang,Khuyết tật vận động,"Viết tin nhắn rõ ràng, kiên nhẫn, hiểu sản phẩm","TP. Thủ Đức, TP.HCM",0941911980,Sẵn sàng đi làm ngay
Vũ Mỹ Vy,Khiếm thính,"MISA, Excel, nghiệp vụ kế toán","TP. Vinh, Nghệ An",0928744520,Sẵn sàng đi làm ngay
Đỗ Diệu Hương,Khuyết tật ngôn ngữ,"Photoshop, Illustrator, Canva, tư duy thẩm mỹ","TP. Thủ Dầu Một, Bình Dương",0930578989,Có thể bắt đầu sau 2 tuần
Đỗ Bích Vy,Khuyết tật ngôn ngữ,"Viết lách, nghiên cứu thông tin, SEO cơ bản","Quận Hai Bà Trưng, Hà Nội",0953128998,Có thể bắt đầu sau 2 tuần
Đặng Văn Long,Khuyết tật ngôn ngữ,"Chốt sale qua tin nhắn, quản lý đơn hàng, Excel cơ bản","Quận Tân Bình, TP.HCM",0982844194,Sẵn sàng đi làm ngay
Bùi Quang Hải,Khiếm thính,"Khéo tay, kiên nhẫn, tỉ mỉ",Làm việc từ xa (Remote toàn quốc),0941471125,Có thể bắt đầu sau 2 tuần
Huỳnh Văn Nam,Khuyết tật ngôn ngữ,"Viết lách, nghiên cứu thông tin, SEO cơ bản",TP. Huế,0955673394,Sẵn sàng đi làm ngay
Phan Anh Kiên,Khuyết tật ngôn ngữ,"MISA, Excel, nghiệp vụ kế toán",TP. Cần Thơ,0977572744,Có thể bắt đầu sau 2 tuần
Dương Ngọc Nga,Khuyết tật vận động,"MISA, Excel, nghiệp vụ kế toán","Quận Đống Đa, Hà Nội",0968685777,Có thể bắt đầu sau 2 tuần
Ngô Minh Phong,Khuyết tật trí tuệ nhẹ,"May công nghiệp, tỉ mỉ, chịu được áp lực dây chuyền","TP. Nha Trang, Khánh Hòa",0974727173,Sẵn sàng đi làm ngay
Huỳnh Quang Kiên,Khuyết tật ngôn ngữ,"Chốt sale qua tin nhắn, quản lý đơn hàng, Excel cơ bản","Quận Cầu Giấy, Hà Nội",0952799635,Có thể bắt đầu sau 2 tuần
Lê Ngọc Hương,Khiếm thính,"Chốt sale qua tin nhắn, quản lý đơn hàng, Excel cơ bản","TP. Nha Trang, Khánh Hòa",0957024934,Sẵn sàng đi làm ngay
Huỳnh Bích Vy,Khiếm thính,"MISA, Excel, nghiệp vụ kế toán","Quận Cầu Giấy, Hà Nội",0964456830,Sẵn sàng đi làm ngay
Võ Minh Nam,Khuyết tật vận động,"Khéo tay, kiên nhẫn, tỉ mỉ","Quận Cầu Giấy, Hà Nội",0996720635,Sẵn sàng đi làm ngay
Phạm Thị Trang,Đa khuyết tật nhẹ,"Photoshop, Illustrator, Canva, tư duy thẩm mỹ","Quận Cầu Giấy, Hà Nội",0986468081,Sẵn sàng đi làm ngay
Đặng Mỹ Yến,Khuyết tật ngôn ngữ,"Tin học văn phòng, gõ phím nhanh, cẩn thận, tỉ mỉ","Quận 1, TP.HCM",0932849351,Có thể bắt đầu sau 2 tuần
Phan Minh Đức,Khuyết tật trí tuệ nhẹ,"Giao tiếp tốt, giọng nói rõ, xử lý tình huống","TP. Thủ Đức, TP.HCM",0917061921,Có thể bắt đầu sau 2 tuần
Lê Minh Kiên,Khuyết tật vận động,"Viết lách, nghiên cứu thông tin, SEO cơ bản","Quận Đống Đa, Hà Nội",0915279873,Sẵn sàng đi làm ngay
Đỗ Kim Linh,Khiếm thị,"Xoa bóp bấm huyệt, cảm nhận cơ thể tốt","Quận 3, TP.HCM",0942965259,Sẵn sàng đi làm ngay
Lê Xuân Sơn,Khiếm thị,"Nghe hiểu tốt, gõ phím nhanh, tập trung","TP. Thủ Đức, TP.HCM",0921655936,Có thể bắt đầu sau 2 tuần
Đỗ Văn Khoa,Khiếm thị,"Tin học văn phòng, kỹ năng sư phạm, kiên nhẫn","Quận 1, TP.HCM",0929269124,Sẵn sàng đi làm ngay
Phan Hữu Kiên,"Khuyết tật thần kinh, tâm thần (ổn định)","Tin học văn phòng, gõ phím nhanh, cẩn thận, tỉ mỉ","TP. Biên Hòa, Đồng Nai",0966101038,Có thể bắt đầu sau 2 tuần
Dương Minh Hải,Khiếm thính,"Cẩn thận, làm theo quy trình, sức khỏe ổn định",TP. Huế,0980561155,Có thể bắt đầu sau 2 tuần
Đặng Xuân Nam,Khuyết tật vận động,"Tin học văn phòng, gõ phím nhanh, cẩn thận, tỉ mỉ","Quận 1, TP.HCM",0936828136,Sẵn sàng đi làm ngay
Bùi Quang Kiên,Khiếm thính,"Cẩn thận, làm theo quy trình, sức khỏe ổn định",TP. Huế,0924941675,Sẵn sàng đi làm ngay
Trần Minh Long,Đa khuyết tật nhẹ,"Photoshop, Illustrator, Canva, tư duy thẩm mỹ",TP. Huế,0922502848,Có thể bắt đầu sau 2 tuần
Đỗ Anh Long,Khuyết tật vận động,"Python, SQL, Git, tư duy logic","Quận Đống Đa, Hà Nội",0948615169,Sẵn sàng đi làm ngay
Lê Thành Khoa,"Khuyết tật thần kinh, tâm thần (ổn định)","Viết tin nhắn rõ ràng, kiên nhẫn, hiểu sản phẩm","TP. Vinh, Nghệ An",0958588461,Sẵn sàng đi làm ngay
Dương Diệu Trang,Khuyết tật trí tuệ nhẹ,"Giao tiếp tốt, giọng nói rõ, xử lý tình huống",TP. Huế,0991121888,Sẵn sàng đi làm ngay
Lý Hữu Tuấn,Khuyết tật ngôn ngữ,"Tin học văn phòng, gõ phím nhanh, cẩn thận, tỉ mỉ",TP. Đà Nẵng,0953995738,Có thể bắt đầu sau 2 tuần
Nguyễn Diệu Thảo,Khiếm thính,"MISA, Excel, nghiệp vụ kế toán","TP. Vinh, Nghệ An",0993177753,Sẵn sàng đi làm ngay
Đỗ Đình Long,Khiếm thị,"Nghe hiểu tốt, gõ phím nhanh, tập trung",TP. Cần Thơ,0985210503,Sẵn sàng đi làm ngay
Trần Ngọc Linh,Khuyết tật vận động,"Giao tiếp tốt, giọng nói rõ, xử lý tình huống",TP. Đà Nẵng,0946060040,Sẵn sàng đi làm ngay
Võ Kim Trang,Đa khuyết tật nhẹ,"Khéo tay, kiên nhẫn, tỉ mỉ","Quận Đống Đa, Hà Nội",0970214805,Sẵn sàng đi làm ngay
Dương Anh Vinh,Khiếm thính,"Python, SQL, Git, tư duy logic","TP. Thủ Dầu Một, Bình Dương",0940251937,Sẵn sàng đi làm ngay
Võ Thu Anh,Đa khuyết tật nhẹ,"Photoshop, Illustrator, Canva, tư duy thẩm mỹ",TP. Huế,0972761616,Sẵn sàng đi làm ngay
Trần Thị Ngọc,Khuyết tật ngôn ngữ,"Viết tin nhắn rõ ràng, kiên nhẫn, hiểu sản phẩm",TP. Đà Nẵng,0955486864,Sẵn sàng đi làm ngay
Vũ Thu Hương,Đa khuyết tật nhẹ,"Khéo tay, kiên nhẫn, tỉ mỉ","TP. Biên Hòa, Đồng Nai",0922263507,Sẵn sàng đi làm ngay
Ngô Thị Hoa,Khuyết tật vận động,"Viết tin nhắn rõ ràng, kiên nhẫn, hiểu sản phẩm","TP. Biên Hòa, Đồng Nai",0988054460,Có thể bắt đầu sau 2 tuần
Bùi Minh Tuấn,Khuyết tật trí tuệ nhẹ,"Giao tiếp tốt, giọng nói rõ, xử lý tình huống",TP. Đà Nẵng,0996911803,Sẵn sàng đi làm ngay
Phạm Minh Long,"Khuyết tật thần kinh, tâm thần (ổn định)","Photoshop, Illustrator, Canva, tư duy thẩm mỹ",TP. Cần Thơ,0938491560,Sẵn sàng đi làm ngay
Võ Diệu Vy,Khuyết tật trí tuệ nhẹ,"Cẩn thận, làm theo quy trình, sức khỏe ổn định","Quận Bình Thạnh, TP.HCM",0957164472,Có thể bắt đầu sau 2 tuần
Lê Mỹ Linh,Khuyết tật vận động,"Viết lách, nghiên cứu thông tin, SEO cơ bản","TP. Vinh, Nghệ An",0964241700,Sẵn sàng đi làm ngay
Bùi Hữu Khoa,Đa khuyết tật nhẹ,"Photoshop, Illustrator, Canva, tư duy thẩm mỹ","TP. Thủ Dầu Một, Bình Dương",0960031940,Có thể bắt đầu sau 2 tuần
Nguyễn Xuân Vinh,"Khuyết tật thần kinh, tâm thần (ổn định)","Khéo tay, kiên nhẫn, tỉ mỉ","Quận 3, TP.HCM",0932405926,Sẵn sàng đi làm ngay
Huỳnh Xuân Kiên,Khiếm thính,"Tin học văn phòng, gõ phím nhanh, cẩn thận, tỉ mỉ",TP. Cần Thơ,0985443709,Sẵn sàng đi làm ngay
Phan Mỹ Hoa,Khuyết tật vận động,"Viết tin nhắn rõ ràng, kiên nhẫn, hiểu sản phẩm","TP. Thủ Dầu Một, Bình Dương",0955293238,Có thể bắt đầu sau 2 tuần
Hoàng Kim Mai,Khiếm thị,"Nghe hiểu tốt, gõ phím nhanh, tập trung","TP. Vinh, Nghệ An",0942970199,Sẵn sàng đi làm ngay
Bùi Thành Tuấn,Khuyết tật trí tuệ nhẹ,"Cẩn thận, làm theo quy trình, sức khỏe ổn định","TP. Vinh, Nghệ An",0926138711,Sẵn sàng đi làm ngay
Phan Xuân Bảo,Khiếm thị,"Nghe hiểu tốt, gõ phím nhanh, tập trung","Quận Cầu Giấy, Hà Nội",0996217855,Sẵn sàng đi làm ngay
Ngô Kim Vy,Khiếm thính,"Chốt sale qua tin nhắn, quản lý đơn hàng, Excel cơ bản","Quận 1, TP.HCM",0978057340,Sẵn sàng đi làm ngay
Phan Quang Bảo,Khiếm thị,"Viết lách, nghiên cứu thông tin, SEO cơ bản","Quận 3, TP.HCM",0965661439,Sẵn sàng đi làm ngay
Đỗ Kim Mai,"Khuyết tật thần kinh, tâm thần (ổn định)","Chốt sale qua tin nhắn, quản lý đơn hàng, Excel cơ bản","Quận Cầu Giấy, Hà Nội",0974636286,Có thể bắt đầu sau 2 tuần
Dương Minh Bảo,Khiếm thính,"May công nghiệp, tỉ mỉ, chịu được áp lực dây chuyền","TP. Biên Hòa, Đồng Nai",0928528804,Sẵn sàng đi làm ngay
Hoàng Kim Yến,Khiếm thính,"Cẩn thận, làm theo quy trình, sức khỏe ổn định","Quận 3, TP.HCM",0920435361,Sẵn sàng đi làm ngay
Phan Đình Hùng,Khuyết tật trí tuệ nhẹ,"Cẩn thận, làm theo quy trình, sức khỏe ổn định","Quận 1, TP.HCM",0919358752,Sẵn sàng đi làm ngay
Phạm Kim Ngọc,Khiếm thị,"Xoa bóp bấm huyệt, cảm nhận cơ thể tốt",Làm việc từ xa (Remote toàn quốc),0933798326,Có thể bắt đầu sau 2 tuần
Bùi Diệu Mai,Khuyết tật ngôn ngữ,"Chốt sale qua tin nhắn, quản lý đơn hàng, Excel cơ bản","Quận Bình Thạnh, TP.HCM",0931439705,Sẵn sàng đi làm ngay
Đỗ Quang Hải,Khuyết tật ngôn ngữ,"Photoshop, Illustrator, Canva, tư duy thẩm mỹ",TP. Huế,0972230124,Sẵn sàng đi làm ngay
Võ Minh Bảo,"Khuyết tật thần kinh, tâm thần (ổn định)","Ngôn ngữ ký hiệu, biên tập video cơ bản","Quận 1, TP.HCM",0945220681,Sẵn sàng đi làm ngay
Nguyễn Quang Sơn,Khuyết tật ngôn ngữ,"Python, SQL, Git, tư duy logic","Quận Cầu Giấy, Hà Nội",0941864002,Có thể bắt đầu sau 2 tuần
Trần Thành Tuấn,Khuyết tật vận động,"Chốt sale qua tin nhắn, quản lý đơn hàng, Excel cơ bản","Quận 1, TP.HCM",0913594894,Có thể bắt đầu sau 2 tuần
Đặng Xuân Hải,Khuyết tật ngôn ngữ,"Photoshop, Illustrator, Canva, tư duy thẩm mỹ","Quận Bình Thạnh, TP.HCM",0910267329,Sẵn sàng đi làm ngay
Hoàng Minh Kiên,Khuyết tật ngôn ngữ,"Viết lách, nghiên cứu thông tin, SEO cơ bản","Quận Cầu Giấy, Hà Nội",0942931346,Có thể bắt đầu sau 2 tuần
Vũ Thị Yến,"Khuyết tật thần kinh, tâm thần (ổn định)","Python, SQL, Git, tư duy logic","Quận Bình Thạnh, TP.HCM",0973280434,Sẵn sàng đi làm ngay
Bùi Quang Kiên,Khiếm thính,"Khéo tay, kiên nhẫn, tỉ mỉ","TP. Nha Trang, Khánh Hòa",0925287101,Sẵn sàng đi làm ngay
Trần Minh Bảo,"Khuyết tật thần kinh, tâm thần (ổn định)","May công nghiệp, tỉ mỉ, chịu được áp lực dây chuyền","Quận 3, TP.HCM",0998338052,Sẵn sàng đi làm ngay
Huỳnh Xuân Hùng,Đa khuyết tật nhẹ,"Cẩn thận, làm theo quy trình, sức khỏe ổn định","Quận Bình Thạnh, TP.HCM",0925359560,Sẵn sàng đi làm ngay
Bùi Xuân Hùng,Khuyết tật ngôn ngữ,"Photoshop, Illustrator, Canva, tư duy thẩm mỹ",TP. Huế,0937324996,Sẵn sàng đi làm ngay
Võ Diệu Lan,"Khuyết tật thần kinh, tâm thần (ổn định)","May công nghiệp, tỉ mỉ, chịu được áp lực dây chuyền","Quận 3, TP.HCM",0970969959,Sẵn sàng đi làm ngay
Võ Minh Long,Khiếm thị,"Nghe hiểu tốt, gõ phím nhanh, tập trung",TP. Huế,0980676013,Sẵn sàng đi làm ngay
Vũ Anh Bảo,Khiếm thính,"Ngôn ngữ ký hiệu, biên tập video cơ bản","Quận 1, TP.HCM",0934676025,Sẵn sàng đi làm ngay
Trần Văn Phong,Khuyết tật trí tuệ nhẹ,"Khéo tay, kiên nhẫn, tỉ mỉ","Quận Bình Thạnh, TP.HCM",0989502034,Sẵn sàng đi làm ngay
Dương Xuân Phong,"Khuyết tật thần kinh, tâm thần (ổn định)","Khéo tay, kiên nhẫn, tỉ mỉ","TP. Nha Trang, Khánh Hòa",0962601689,Sẵn sàng đi làm ngay
Dương Hữu Tuấn,Khuyết tật ngôn ngữ,"Tin học văn phòng, gõ phím nhanh, cẩn thận, tỉ mỉ","TP. Thủ Đức, TP.HCM",0917626061,Sẵn sàng đi làm ngay
Phạm Thu Trang,Đa khuyết tật nhẹ,"Photoshop, Illustrator, Canva, tư duy thẩm mỹ",TP. Huế,0946147988,Sẵn sàng đi làm ngay
Bùi Bích Trang,Đa khuyết tật nhẹ,"Cẩn thận, làm theo quy trình, sức khỏe ổn định","TP. Nha Trang, Khánh Hòa",0954829778,Có thể bắt đầu sau 2 tuần
Lý Đình Hùng,"Khuyết tật thần kinh, tâm thần (ổn định)","Chốt sale qua tin nhắn, quản lý đơn hàng, Excel cơ bản",Làm việc từ xa (Remote toàn quốc),0949625783,Có thể bắt đầu sau 2 tuần
Lê Thu Linh,"Khuyết tật thần kinh, tâm thần (ổn định)","Python, SQL, Git, tư duy logic",TP. Cần Thơ,0964736922,Sẵn sàng đi làm ngay
Phạm Quang Hùng,Khuyết tật ngôn ngữ,"Tin học văn phòng, gõ phím nhanh, cẩn thận, tỉ mỉ","TP. Thủ Đức, TP.HCM",0934513473,Sẵn sàng đi làm ngay
Phan Bích Hoa,Khuyết tật vận động,"Tin học văn phòng, kỹ năng sư phạm, kiên nhẫn","TP. Vinh, Nghệ An",0943544444,Sẵn sàng đi làm ngay
Nguyễn Minh Hải,"Khuyết tật thần kinh, tâm thần (ổn định)","Tin học văn phòng, kỹ năng sư phạm, kiên nhẫn","TP. Vinh, Nghệ An",0960389714,Sẵn sàng đi làm ngay
Nguyễn Quang Vinh,Đa khuyết tật nhẹ,"Cẩn thận, làm theo quy trình, sức khỏe ổn định",TP. Cần Thơ,0967031028,Sẵn sàng đi làm ngay
Ngô Minh Kiên,Đa khuyết tật nhẹ,"Photoshop, Illustrator, Canva, tư duy thẩm mỹ","TP. Vinh, Nghệ An",0912183498,Có thể bắt đầu sau 2 tuần
Dương Kim Mai,Đa khuyết tật nhẹ,"Khéo tay, kiên nhẫn, tỉ mỉ",TP. Đà Nẵng,0929712584,Sẵn sàng đi làm ngay
Vũ Anh Long,Đa khuyết tật nhẹ,"Cẩn thận, làm theo quy trình, sức khỏe ổn định","TP. Vinh, Nghệ An",0963695915,Sẵn sàng đi làm ngay
Phan Thành Tuấn,Khiếm thị,"Nghe hiểu tốt, gõ phím nhanh, tập trung","Quận Hai Bà Trưng, Hà Nội",0991110324,Có thể bắt đầu sau 2 tuần
Đặng Anh Bảo,Khuyết tật ngôn ngữ,"Viết tin nhắn rõ ràng, kiên nhẫn, hiểu sản phẩm",TP. Cần Thơ,0951662785,Sẵn sàng đi làm ngay
Đỗ Minh Nam,Khuyết tật trí tuệ nhẹ,"May công nghiệp, tỉ mỉ, chịu được áp lực dây chuyền","TP. Thủ Đức, TP.HCM",0991179203,Sẵn sàng đi làm ngay
Đặng Thị Yến,Khiếm thị,"Nghe hiểu tốt, gõ phím nhanh, tập trung",TP. Huế,0965962468,Sẵn sàng đi làm ngay
Phạm Mỹ Ngọc,Khuyết tật trí tuệ nhẹ,"Cẩn thận, làm theo quy trình, sức khỏe ổn định","Quận Cầu Giấy, Hà Nội",0989189605,Có thể bắt đầu sau 2 tuần
Đặng Kim Anh,Khuyết tật ngôn ngữ,"MISA, Excel, nghiệp vụ kế toán","TP. Thủ Đức, TP.HCM",0983573004,Sẵn sàng đi làm ngay
Dương Kim Mai,Khuyết tật vận động,"MISA, Excel, nghiệp vụ kế toán",Làm việc từ xa (Remote toàn quốc),0972275859,Có thể bắt đầu sau 2 tuần
Lý Thị Trang,Khuyết tật trí tuệ nhẹ,"May công nghiệp, tỉ mỉ, chịu được áp lực dây chuyền","TP. Thủ Dầu Một, Bình Dương",0926296454,Sẵn sàng đi làm ngay
Võ Diệu Trang,Khuyết tật ngôn ngữ,"Photoshop, Illustrator, Canva, tư duy thẩm mỹ","Quận 3, TP.HCM",0991605547,Có thể bắt đầu sau 2 tuần
Đặng Ngọc Ngọc,Khiếm thính,"May công nghiệp, tỉ mỉ, chịu được áp lực dây chuyền","Quận Đống Đa, Hà Nội",0921359892,Sẵn sàng đi làm ngay
Nguyễn Hữu Long,Khiếm thị,"Tin học văn phòng, kỹ năng sư phạm, kiên nhẫn","Quận 1, TP.HCM",0949928545,Sẵn sàng đi làm ngay
Lý Hữu Long,"Khuyết tật thần kinh, tâm thần (ổn định)","MISA, Excel, nghiệp vụ kế toán","TP. Vinh, Nghệ An",0997518448,Sẵn sàng đi làm ngay
Đỗ Thị Linh,Đa khuyết tật nhẹ,"Photoshop, Illustrator, Canva, tư duy thẩm mỹ",TP. Cần Thơ,0950334977,Sẵn sàng đi làm ngay
Lê Diệu Mai,Khiếm thị,"Tin học văn phòng, kỹ năng sư phạm, kiên nhẫn","TP. Biên Hòa, Đồng Nai",0973092709,Sẵn sàng đi làm ngay
Bùi Thành Long,Khuyết tật ngôn ngữ,"Viết lách, nghiên cứu thông tin, SEO cơ bản",TP. Huế,0931443818,Có thể bắt đầu sau 2 tuần
Hoàng Thu Ngọc,"Khuyết tật thần kinh, tâm thần (ổn định)","MISA, Excel, nghiệp vụ kế toán","TP. Thủ Đức, TP.HCM",0997102543,Sẵn sàng đi làm ngay
Huỳnh Thị Ngọc,Khuyết tật ngôn ngữ,"Photoshop, Illustrator, Canva, tư duy thẩm mỹ","Quận Hai Bà Trưng, Hà Nội",0975025705,Có thể bắt đầu sau 2 tuần
Võ Mỹ Hương,Khuyết tật trí tuệ nhẹ,"Giao tiếp tốt, giọng nói rõ, xử lý tình huống",TP. Đà Nẵng,0986287347,Có thể bắt đầu sau 2 tuần
Bùi Thu Yến,Đa khuyết tật nhẹ,"Cẩn thận, làm theo quy trình, sức khỏe ổn định","Quận 3, TP.HCM",0981665302,Sẵn sàng đi làm ngay
Bùi Văn Tuấn,Khiếm thính,"Photoshop, Illustrator, Canva, tư duy thẩm mỹ",Làm việc từ xa (Remote toàn quốc),0992636112,Sẵn sàng đi làm ngay
Đặng Xuân Nam,Khiếm thính,"MISA, Excel, nghiệp vụ kế toán",TP. Huế,0997461289,Có thể bắt đầu sau 2 tuần
Dương Thu Linh,"Khuyết tật thần kinh, tâm thần (ổn định)","Tin học văn phòng, kỹ năng sư phạm, kiên nhẫn",TP. Cần Thơ,0951252304,Sẵn sàng đi làm ngay
Phạm Bích Linh,Khiếm thính,"Python, SQL, Git, tư duy logic","TP. Biên Hòa, Đồng Nai",0974714670,Sẵn sàng đi làm ngay
Nguyễn Xuân Tuấn,Khuyết tật vận động,"Viết lách, nghiên cứu thông tin, SEO cơ bản","Quận Tân Bình, TP.HCM",0936366977,Sẵn sàng đi làm ngay
Nguyễn Hữu Bảo,Khiếm thính,"Cẩn thận, làm theo quy trình, sức khỏe ổn định","TP. Thủ Dầu Một, Bình Dương",0999018687,Sẵn sàng đi làm ngay
Dương Diệu Ngọc,Khiếm thính,"Python, SQL, Git, tư duy logic","TP. Biên Hòa, Đồng Nai",0990211229,Có thể bắt đầu sau 2 tuần
Phạm Văn Hải,Khuyết tật ngôn ngữ,"Photoshop, Illustrator, Canva, tư duy thẩm mỹ",Làm việc từ xa (Remote toàn quốc),0950033119,Có thể bắt đầu sau 2 tuần
Hoàng Thu Mai,Đa khuyết tật nhẹ,"Khéo tay, kiên nhẫn, tỉ mỉ",TP. Cần Thơ,0991729700,Sẵn sàng đi làm ngay
Nguyễn Thành Nam,Khuyết tật vận động,"Khéo tay, kiên nhẫn, tỉ mỉ",TP. Huế,0940265112,Sẵn sàng đi làm ngay
Phan Hữu Tuấn,Khiếm thính,"Tin học văn phòng, gõ phím nhanh, cẩn thận, tỉ mỉ",Làm việc từ xa (Remote toàn quốc),0994540383,Sẵn sàng đi làm ngay
Trần Quang Kiên,"Khuyết tật thần kinh, tâm thần (ổn định)","May công nghiệp, tỉ mỉ, chịu được áp lực dây chuyền","TP. Thủ Dầu Một, Bình Dương",0932341708,Có thể bắt đầu sau 2 tuần
Hoàng Quang Long,Khuyết tật ngôn ngữ,"Python, SQL, Git, tư duy logic","Quận Bình Thạnh, TP.HCM",0914971344,Sẵn sàng đi làm ngay
Võ Anh Khoa,Khiếm thính,"MISA, Excel, nghiệp vụ kế toán","TP. Thủ Dầu Một, Bình Dương",0920610410,Có thể bắt đầu sau 2 tuần
Lý Thu Trang,Đa khuyết tật nhẹ,"Photoshop, Illustrator, Canva, tư duy thẩm mỹ","TP. Biên Hòa, Đồng Nai",0993101517,Sẵn sàng đi làm ngay
Lý Xuân Tuấn,Khuyết tật vận động,"Viết tin nhắn rõ ràng, kiên nhẫn, hiểu sản phẩm","Quận Tân Bình, TP.HCM",0910361427,Sẵn sàng đi làm ngay
Lý Thị Anh,Khiếm thính,"Chốt sale qua tin nhắn, quản lý đơn hàng, Excel cơ bản","Quận Hai Bà Trưng, Hà Nội",0951806457,Sẵn sàng đi làm ngay
Nguyễn Ngọc Ngọc,Khuyết tật vận động,"Photoshop, Illustrator, Canva, tư duy thẩm mỹ",TP. Đà Nẵng,0983273712,Sẵn sàng đi làm ngay
Bùi Thành Phong,Khiếm thính,"MISA, Excel, nghiệp vụ kế toán","Quận 1, TP.HCM",0931517603,Có thể bắt đầu sau 2 tuần
Phạm Diệu Mai,"Khuyết tật thần kinh, tâm thần (ổn định)","MISA, Excel, nghiệp vụ kế toán","Quận 3, TP.HCM",0984448282,Sẵn sàng đi làm ngay
Bùi Văn Nam,Khuyết tật vận động,"Chốt sale qua tin nhắn, quản lý đơn hàng, Excel cơ bản","Quận 1, TP.HCM",0962578740,Sẵn sàng đi làm ngay
Trần Mỹ Trang,Khuyết tật ngôn ngữ,"MISA, Excel, nghiệp vụ kế toán","TP. Biên Hòa, Đồng Nai",0968697353,Có thể bắt đầu sau 2 tuần
Huỳnh Ngọc Linh,Khiếm thị,"Nghe hiểu tốt, gõ phím nhanh, tập trung","Quận Hai Bà Trưng, Hà Nội",0917448247,Có thể bắt đầu sau 2 tuần
Hoàng Kim Mai,Khuyết tật ngôn ngữ,"Viết tin nhắn rõ ràng, kiên nhẫn, hiểu sản phẩm",TP. Cần Thơ,0917170147,Có thể bắt đầu sau 2 tuần
Nguyễn Kim Mai,Đa khuyết tật nhẹ,"Khéo tay, kiên nhẫn, tỉ mỉ",Làm việc từ xa (Remote toàn quốc),0974822857,Có thể bắt đầu sau 2 tuần
Nguyễn Bích Lan,Khiếm thính,"Chốt sale qua tin nhắn, quản lý đơn hàng, Excel cơ bản","Quận Cầu Giấy, Hà Nội",0990461541,Sẵn sàng đi làm ngay
Dương Hữu Hải,Khiếm thính,"MISA, Excel, nghiệp vụ kế toán",TP. Cần Thơ,0929496391,Có thể bắt đầu sau 2 tuần
Huỳnh Kim Nga,Khuyết tật trí tuệ nhẹ,"Giao tiếp tốt, giọng nói rõ, xử lý tình huống","Quận Tân Bình, TP.HCM",0985279665,Sẵn sàng đi làm ngay
Lê Thị Ngọc,Khiếm thị,"Tin học văn phòng, kỹ năng sư phạm, kiên nhẫn","Quận Hai Bà Trưng, Hà Nội",0998073374,Sẵn sàng đi làm ngay
Lê Quang Bảo,Khuyết tật vận động,"Khéo tay, kiên nhẫn, tỉ mỉ","Quận Cầu Giấy, Hà Nội",0973133836,Sẵn sàng đi làm ngay
Huỳnh Thu Thảo,Khuyết tật trí tuệ nhẹ,"Cẩn thận, làm theo quy trình, sức khỏe ổn định",TP. Đà Nẵng,0917610836,Có thể bắt đầu sau 2 tuần
Lý Ngọc Lan,"Khuyết tật thần kinh, tâm thần (ổn định)","Ngôn ngữ ký hiệu, biên tập video cơ bản","TP. Thủ Đức, TP.HCM",0969564893,Có thể bắt đầu sau 2 tuần
Dương Thu Anh,Khuyết tật vận động,"Viết lách, nghiên cứu thông tin, SEO cơ bản","Quận Bình Thạnh, TP.HCM",0942733135,Sẵn sàng đi làm ngay
Phan Thành Nam,Khuyết tật trí tuệ nhẹ,"Cẩn thận, làm theo quy trình, sức khỏe ổn định","TP. Nha Trang, Khánh Hòa",0943312461,Sẵn sàng đi làm ngay
Lý Quang Hùng,Đa khuyết tật nhẹ,"Cẩn thận, làm theo quy trình, sức khỏe ổn định","TP. Nha Trang, Khánh Hòa",0928504315,Có thể bắt đầu sau 2 tuần
Nguyễn Xuân Khoa,Khiếm thính,"MISA, Excel, nghiệp vụ kế toán",TP. Cần Thơ,0970186498,Sẵn sàng đi làm ngay
Huỳnh Thị Yến,Khuyết tật trí tuệ nhẹ,"Cẩn thận, làm theo quy trình, sức khỏe ổn định","Quận 3, TP.HCM",0941743034,Sẵn sàng đi làm ngay
Dương Văn Nam,Khuyết tật trí tuệ nhẹ,"May công nghiệp, tỉ mỉ, chịu được áp lực dây chuyền",TP. Huế,0981256437,Có thể bắt đầu sau 2 tuần
Hoàng Kim Mai,Khiếm thính,"Ngôn ngữ ký hiệu, biên tập video cơ bản",TP. Huế,0988888932,Sẵn sàng đi làm ngay
Đặng Đình Hùng,Đa khuyết tật nhẹ,"Photoshop, Illustrator, Canva, tư duy thẩm mỹ","Quận 3, TP.HCM",0941844175,Sẵn sàng đi làm ngay
Nguyễn Thu Hương,Khiếm thị,"Viết lách, nghiên cứu thông tin, SEO cơ bản","TP. Thủ Đức, TP.HCM",0936847704,Có thể bắt đầu sau 2 tuần
Đỗ Ngọc Lan,Khuyết tật trí tuệ nhẹ,"Khéo tay, kiên nhẫn, tỉ mỉ","TP. Vinh, Nghệ An",0987105145,Sẵn sàng đi làm ngay
Nguyễn Kim Yến,Khiếm thị,"Tin học văn phòng, kỹ năng sư phạm, kiên nhẫn","Quận 3, TP.HCM",0915771083,Sẵn sàng đi làm ngay
Lý Anh Long,Khuyết tật trí tuệ nhẹ,"Khéo tay, kiên nhẫn, tỉ mỉ",Làm việc từ xa (Remote toàn quốc),0946688997,Có thể bắt đầu sau 2 tuần
Huỳnh Minh Vinh,Khuyết tật ngôn ngữ,"Photoshop, Illustrator, Canva, tư duy thẩm mỹ","Quận 3, TP.HCM",0948294101,Có thể bắt đầu sau 2 tuần
Võ Hữu Vinh,Khiếm thị,"Xoa bóp bấm huyệt, cảm nhận cơ thể tốt","Quận Tân Bình, TP.HCM",0983554537,Sẵn sàng đi làm ngay
Võ Minh Đức,Khuyết tật vận động,"Chốt sale qua tin nhắn, quản lý đơn hàng, Excel cơ bản","TP. Thủ Dầu Một, Bình Dương",0963437031,Có thể bắt đầu sau 2 tuần
Lê Xuân Hùng,Khiếm thị,"Nghe hiểu tốt, gõ phím nhanh, tập trung","TP. Thủ Dầu Một, Bình Dương",0952264803,Sẵn sàng đi làm ngay
Ngô Thành Nam,Khuyết tật trí tuệ nhẹ,"Giao tiếp tốt, giọng nói rõ, xử lý tình huống","Quận Hai Bà Trưng, Hà Nội",0951553395,Sẵn sàng đi làm ngay
Hoàng Đình Phong,Khiếm thính,"Cẩn thận, làm theo quy trình, sức khỏe ổn định","Quận 1, TP.HCM",0964506494,Sẵn sàng đi làm ngay
Huỳnh Thị Lan,Khiếm thị,"Viết lách, nghiên cứu thông tin, SEO cơ bản","Quận Bình Thạnh, TP.HCM",0960259012,Có thể bắt đầu sau 2 tuần
Vũ Hữu Phong,"Khuyết tật thần kinh, tâm thần (ổn định)","Tin học văn phòng, gõ phím nhanh, cẩn thận, tỉ mỉ","Quận Bình Thạnh, TP.HCM",0976712978,Có thể bắt đầu sau 2 tuần
Huỳnh Kim Hoa,Khuyết tật vận động,"Viết lách, nghiên cứu thông tin, SEO cơ bản","Quận 3, TP.HCM",0960119541,Sẵn sàng đi làm ngay
Phạm Anh Long,Khuyết tật vận động,"Giao tiếp tốt, giọng nói rõ, xử lý tình huống","Quận Bình Thạnh, TP.HCM",0969369552,Sẵn sàng đi làm ngay
Đỗ Ngọc Lan,Khiếm thính,"Khéo tay, kiên nhẫn, tỉ mỉ",TP. Đà Nẵng,0952932757,Sẵn sàng đi làm ngay
Đỗ Hữu Kiên,Khuyết tật trí tuệ nhẹ,"Giao tiếp tốt, giọng nói rõ, xử lý tình huống","TP. Biên Hòa, Đồng Nai",0980425765,Sẵn sàng đi làm ngay
Đỗ Diệu Anh,Khuyết tật ngôn ngữ,"Viết tin nhắn rõ ràng, kiên nhẫn, hiểu sản phẩm",TP. Huế,0964306604,Sẵn sàng đi làm ngay
Lý Quang Hải,Khuyết tật trí tuệ nhẹ,"Khéo tay, kiên nhẫn, tỉ mỉ","TP. Nha Trang, Khánh Hòa",0953254231,Có thể bắt đầu sau 2 tuần
Phan Thị Nga,Khuyết tật trí tuệ nhẹ,"Khéo tay, kiên nhẫn, tỉ mỉ","TP. Vinh, Nghệ An",0972908845,Sẵn sàng đi làm ngay
Dương Hữu Khoa,Khiếm thị,"Nghe hiểu tốt, gõ phím nhanh, tập trung",Làm việc từ xa (Remote toàn quốc),0945615910,Sẵn sàng đi làm ngay
Đặng Văn Bảo,Khiếm thính,"Ngôn ngữ ký hiệu, biên tập video cơ bản","Quận Tân Bình, TP.HCM",0958302370,Sẵn sàng đi làm ngay
Dương Bích Anh,Khiếm thị,"Nghe hiểu tốt, gõ phím nhanh, tập trung","Quận Đống Đa, Hà Nội",0991027831,Sẵn sàng đi làm ngay
Đặng Mỹ Trang,Khiếm thị,"Nghe hiểu tốt, gõ phím nhanh, tập trung","Quận Đống Đa, Hà Nội",0944772628,Sẵn sàng đi làm ngay
Huỳnh Đình Phong,Đa khuyết tật nhẹ,"Cẩn thận, làm theo quy trình, sức khỏe ổn định","TP. Thủ Đức, TP.HCM",0971765566,Sẵn sàng đi làm ngay
Hoàng Xuân Hải,Đa khuyết tật nhẹ,"Cẩn thận, làm theo quy trình, sức khỏe ổn định","Quận Cầu Giấy, Hà Nội",0993476643,Có thể bắt đầu sau 2 tuần
Bùi Đình Hải,Khiếm thị,"Nghe hiểu tốt, gõ phím nhanh, tập trung","TP. Biên Hòa, Đồng Nai",0934476064,Sẵn sàng đi làm ngay
Trần Quang Hải,Khiếm thính,"Viết lách, nghiên cứu thông tin, SEO cơ bản","Quận 1, TP.HCM",0933513225,Sẵn sàng đi làm ngay
Hoàng Hữu Bảo,Khuyết tật vận động,"Python, SQL, Git, tư duy logic","Quận Đống Đa, Hà Nội",0989321286,Sẵn sàng đi làm ngay
Huỳnh Diệu Lan,Khuyết tật ngôn ngữ,"Tin học văn phòng, gõ phím nhanh, cẩn thận, tỉ mỉ",Làm việc từ xa (Remote toàn quốc),0954057731,Có thể bắt đầu sau 2 tuần
Lý Xuân Đức,"Khuyết tật thần kinh, tâm thần (ổn định)","Xoa bóp bấm huyệt, cảm nhận cơ thể tốt","TP. Thủ Đức, TP.HCM",0968574966,Sẵn sàng đi làm ngay
Phạm Ngọc Lan,Khuyết tật ngôn ngữ,"Viết lách, nghiên cứu thông tin, SEO cơ bản","Quận Bình Thạnh, TP.HCM",0913953310,Sẵn sàng đi làm ngay
Phạm Đình Nam,Đa khuyết tật nhẹ,"Khéo tay, kiên nhẫn, tỉ mỉ",TP. Cần Thơ,0968048625,Có thể bắt đầu sau 2 tuần
Lý Xuân Tuấn,"Khuyết tật thần kinh, tâm thần (ổn định)","Tin học văn phòng, kỹ năng sư phạm, kiên nhẫn","TP. Thủ Đức, TP.HCM",0972661174,Sẵn sàng đi làm ngay
Phan Minh Vinh,Khiếm thính,"Khéo tay, kiên nhẫn, tỉ mỉ","Quận 3, TP.HCM",0974175195,Sẵn sàng đi làm ngay
Phạm Thị Linh,Đa khuyết tật nhẹ,"Khéo tay, kiên nhẫn, tỉ mỉ","Quận 1, TP.HCM",0960794986,Có thể bắt đầu sau 2 tuần
Lê Diệu Trang,Khuyết tật vận động,"Tin học văn phòng, kỹ năng sư phạm, kiên nhẫn","TP. Biên Hòa, Đồng Nai",0928155906,Sẵn sàng đi làm ngay
Ngô Bích Hoa,Khiếm thính,"Tin học văn phòng, gõ phím nhanh, cẩn thận, tỉ mỉ",Làm việc từ xa (Remote toàn quốc),0927753840,Có thể bắt đầu sau 2 tuần
Vũ Thu Mai,Khuyết tật vận động,"Tin học văn phòng, gõ phím nhanh, cẩn thận, tỉ mỉ",TP. Huế,0932414961,Sẵn sàng đi làm ngay
Đặng Diệu Yến,Khuyết tật trí tuệ nhẹ,"May công nghiệp, tỉ mỉ, chịu được áp lực dây chuyền","TP. Thủ Dầu Một, Bình Dương",0931461553,Sẵn sàng đi làm ngay
Phạm Bích Nga,Khiếm thính,"Viết tin nhắn rõ ràng, kiên nhẫn, hiểu sản phẩm","TP. Nha Trang, Khánh Hòa",0995133330,Có thể bắt đầu sau 2 tuần
Phan Thu Ngọc,Đa khuyết tật nhẹ,"Khéo tay, kiên nhẫn, tỉ mỉ",TP. Đà Nẵng,0970104934,Sẵn sàng đi làm ngay
Trần Ngọc Ngọc,Khuyết tật ngôn ngữ,"Viết tin nhắn rõ ràng, kiên nhẫn, hiểu sản phẩm","Quận Đống Đa, Hà Nội",0986602473,Sẵn sàng đi làm ngay
Dương Diệu Lan,"Khuyết tật thần kinh, tâm thần (ổn định)","Khéo tay, kiên nhẫn, tỉ mỉ",TP. Đà Nẵng,0944586225,Sẵn sàng đi làm ngay
Nguyễn Kim Nga,"Khuyết tật thần kinh, tâm thần (ổn định)","May công nghiệp, tỉ mỉ, chịu được áp lực dây chuyền",TP. Huế,0952088357,Sẵn sàng đi làm ngay
Lê Diệu Yến,Khuyết tật vận động,"Tin học văn phòng, kỹ năng sư phạm, kiên nhẫn","Quận Đống Đa, Hà Nội",0949808824,Sẵn sàng đi làm ngay
Lý Đình Sơn,Khiếm thị,"Nghe hiểu tốt, gõ phím nhanh, tập trung",TP. Đà Nẵng,0931065267,Có thể bắt đầu sau 2 tuần
Bùi Thị Nga,Khuyết tật ngôn ngữ,"MISA, Excel, nghiệp vụ kế toán","Quận Bình Thạnh, TP.HCM",0992667094,Sẵn sàng đi làm ngay
Nguyễn Hữu Nam,Khuyết tật vận động,"Viết tin nhắn rõ ràng, kiên nhẫn, hiểu sản phẩm",TP. Đà Nẵng,0970455694,Sẵn sàng đi làm ngay
Lê Diệu Ngọc,"Khuyết tật thần kinh, tâm thần (ổn định)","Ngôn ngữ ký hiệu, biên tập video cơ bản","Quận Cầu Giấy, Hà Nội",0981276933,Có thể bắt đầu sau 2 tuần
Lê Bích Hương,Khuyết tật vận động,"Khéo tay, kiên nhẫn, tỉ mỉ",TP. Cần Thơ,0955769312,Sẵn sàng đi làm ngay
Dương Kim Mai,Khuyết tật trí tuệ nhẹ,"Cẩn thận, làm theo quy trình, sức khỏe ổn định","Quận Bình Thạnh, TP.HCM",0928970845,Có thể bắt đầu sau 2 tuần
Võ Bích Thảo,Khiếm thị,"Nghe hiểu tốt, gõ phím nhanh, tập trung","TP. Vinh, Nghệ An",0917758935,Sẵn sàng đi làm ngay
Trần Văn Phong,Khuyết tật ngôn ngữ,"Chốt sale qua tin nhắn, quản lý đơn hàng, Excel cơ bản",TP. Cần Thơ,0920339458,Có thể bắt đầu sau 2 tuần
Phan Minh Phong,Khiếm thị,"Viết lách, nghiên cứu thông tin, SEO cơ bản","TP. Thủ Dầu Một, Bình Dương",0913288524,Có thể bắt đầu sau 2 tuần
Bùi Minh Bảo,Khuyết tật vận động,"MISA, Excel, nghiệp vụ kế toán",TP. Huế,0961918178,Sẵn sàng đi làm ngay
Nguyễn Diệu Thảo,"Khuyết tật thần kinh, tâm thần (ổn định)","May công nghiệp, tỉ mỉ, chịu được áp lực dây chuyền","Quận Hai Bà Trưng, Hà Nội",0930691715,Sẵn sàng đi làm ngay
Dương Kim Hương,Đa khuyết tật nhẹ,"Photoshop, Illustrator, Canva, tư duy thẩm mỹ","Quận 3, TP.HCM",0965993064,Sẵn sàng đi làm ngay
Trần Anh Đức,Khuyết tật trí tuệ nhẹ,"May công nghiệp, tỉ mỉ, chịu được áp lực dây chuyền","Quận 1, TP.HCM",0970346785,Sẵn sàng đi làm ngay
Vũ Kim Yến,Khuyết tật trí tuệ nhẹ,"Khéo tay, kiên nhẫn, tỉ mỉ","TP. Biên Hòa, Đồng Nai",0953281687,Sẵn sàng đi làm ngay
Huỳnh Đình Long,Đa khuyết tật nhẹ,"Khéo tay, kiên nhẫn, tỉ mỉ",Làm việc từ xa (Remote toàn quốc),0973117267,Sẵn sàng đi làm ngay
Phan Thu Mai,Khiếm thính,"Tin học văn phòng, gõ phím nhanh, cẩn thận, tỉ mỉ","Quận 3, TP.HCM",0965690277,Có thể bắt đầu sau 2 tuần
Bùi Hữu Phong,Đa khuyết tật nhẹ,"Photoshop, Illustrator, Canva, tư duy thẩm mỹ",TP. Cần Thơ,0961353651,Sẵn sàng đi làm ngay
Lê Diệu Trang,Khuyết tật vận động,"Photoshop, Illustrator, Canva, tư duy thẩm mỹ","TP. Thủ Đức, TP.HCM",0944898234,Sẵn sàng đi làm ngay
Lý Đình Hải,Khuyết tật ngôn ngữ,"Viết lách, nghiên cứu thông tin, SEO cơ bản",Làm việc từ xa (Remote toàn quốc),0937057075,Sẵn sàng đi làm ngay
Võ Diệu Nga,Khuyết tật ngôn ngữ,"Viết tin nhắn rõ ràng, kiên nhẫn, hiểu sản phẩm","Quận 1, TP.HCM",0973075887,Có thể bắt đầu sau 2 tuần
Nguyễn Mỹ Linh,"Khuyết tật thần kinh, tâm thần (ổn định)","Photoshop, Illustrator, Canva, tư duy thẩm mỹ","TP. Vinh, Nghệ An",0916117894,Có thể bắt đầu sau 2 tuần
Lý Thành Hùng,Khuyết tật vận động,"Giao tiếp tốt, giọng nói rõ, xử lý tình huống","TP. Thủ Đức, TP.HCM",0933267780,Sẵn sàng đi làm ngay
Võ Kim Linh,"Khuyết tật thần kinh, tâm thần (ổn định)","Xoa bóp bấm huyệt, cảm nhận cơ thể tốt","Quận 3, TP.HCM",0914079788,Có thể bắt đầu sau 2 tuần
Phạm Văn Bảo,Đa khuyết tật nhẹ,"Khéo tay, kiên nhẫn, tỉ mỉ","Quận Bình Thạnh, TP.HCM",0968150952,Sẵn sàng đi làm ngay
Đặng Xuân Nam,Đa khuyết tật nhẹ,"Cẩn thận, làm theo quy trình, sức khỏe ổn định",Làm việc từ xa (Remote toàn quốc),0946606003,Sẵn sàng đi làm ngay
Phạm Minh Khoa,Khiếm thị,"Viết lách, nghiên cứu thông tin, SEO cơ bản","Quận Tân Bình, TP.HCM",0911769327,Sẵn sàng đi làm ngay
Huỳnh Mỹ Anh,Khiếm thính,"Cẩn thận, làm theo quy trình, sức khỏe ổn định","Quận Đống Đa, Hà Nội",0976054312,Sẵn sàng đi làm ngay
Vũ Ngọc Ngọc,Khuyết tật ngôn ngữ,"Tin học văn phòng, gõ phím nhanh, cẩn thận, tỉ mỉ","TP. Biên Hòa, Đồng Nai",0943717476,Sẵn sàng đi làm ngay
Lê Mỹ Hoa,Khuyết tật vận động,"Tin học văn phòng, kỹ năng sư phạm, kiên nhẫn","Quận 3, TP.HCM",0932627200,Có thể bắt đầu sau 2 tuần
Bùi Diệu Hoa,Khuyết tật vận động,"Giao tiếp tốt, giọng nói rõ, xử lý tình huống","TP. Thủ Đức, TP.HCM",0941308738,Có thể bắt đầu sau 2 tuần
Huỳnh Kim Hoa,Khuyết tật vận động,"MISA, Excel, nghiệp vụ kế toán","TP. Thủ Đức, TP.HCM",0972900310,Sẵn sàng đi làm ngay
Phạm Xuân Kiên,Khuyết tật vận động,"Python, SQL, Git, tư duy logic","Quận 3, TP.HCM",0971718187,Sẵn sàng đi làm ngay
Huỳnh Thị Vy,Khuyết tật ngôn ngữ,"Viết tin nhắn rõ ràng, kiên nhẫn, hiểu sản phẩm","TP. Vinh, Nghệ An",0951441410,Sẵn sàng đi làm ngay
Phạm Đình Bảo,Khuyết tật trí tuệ nhẹ,"Khéo tay, kiên nhẫn, tỉ mỉ","Quận Cầu Giấy, Hà Nội",0952949673,Có thể bắt đầu sau 2 tuần
Đỗ Thu Lan,Khuyết tật ngôn ngữ,"Chốt sale qua tin nhắn, quản lý đơn hàng, Excel cơ bản","TP. Nha Trang, Khánh Hòa",0986578131,Sẵn sàng đi làm ngay
Lý Anh Vinh,Khiếm thị,"Nghe hiểu tốt, gõ phím nhanh, tập trung","Quận Cầu Giấy, Hà Nội",0983636703,Sẵn sàng đi làm ngay
Lê Xuân Long,Khuyết tật ngôn ngữ,"Chốt sale qua tin nhắn, quản lý đơn hàng, Excel cơ bản",TP. Đà Nẵng,0979303825,Sẵn sàng đi làm ngay
Đỗ Thành Nam,Đa khuyết tật nhẹ,"Khéo tay, kiên nhẫn, tỉ mỉ","Quận Đống Đa, Hà Nội",0989236172,Sẵn sàng đi làm ngay
Huỳnh Hữu Tuấn,"Khuyết tật thần kinh, tâm thần (ổn định)","Ngôn ngữ ký hiệu, biên tập video cơ bản","Quận Bình Thạnh, TP.HCM",0982596002,Sẵn sàng đi làm ngay
Dương Anh Bảo,Khuyết tật vận động,"Python, SQL, Git, tư duy logic","TP. Nha Trang, Khánh Hòa",0951930862,Sẵn sàng đi làm ngay
Lý Đình Hải,Khuyết tật ngôn ngữ,"Viết lách, nghiên cứu thông tin, SEO cơ bản","Quận 1, TP.HCM",0927920423,Sẵn sàng đi làm ngay
Trần Văn Nam,Khiếm thị,"Nghe hiểu tốt, gõ phím nhanh, tập trung",Làm việc từ xa (Remote toàn quốc),0932986505,Sẵn sàng đi làm ngay
Nguyễn Diệu Yến,"Khuyết tật thần kinh, tâm thần (ổn định)","Chốt sale qua tin nhắn, quản lý đơn hàng, Excel cơ bản","Quận 3, TP.HCM",0952460906,Có thể bắt đầu sau 2 tuần
Nguyễn Kim Trang,Đa khuyết tật nhẹ,"Cẩn thận, làm theo quy trình, sức khỏe ổn định","TP. Vinh, Nghệ An",0972547534,Có thể bắt đầu sau 2 tuần
Trần Mỹ Yến,Khuyết tật ngôn ngữ,"Python, SQL, Git, tư duy logic",TP. Đà Nẵng,0976625623,Sẵn sàng đi làm ngay
Dương Quang Tuấn,Khiếm thị,"Xoa bóp bấm huyệt, cảm nhận cơ thể tốt","Quận 3, TP.HCM",0979013190,Sẵn sàng đi làm ngay
Vũ Kim Ngọc,Khuyết tật ngôn ngữ,"Tin học văn phòng, gõ phím nhanh, cẩn thận, tỉ mỉ","TP. Biên Hòa, Đồng Nai",0950600855,Sẵn sàng đi làm ngay
Lê Quang Khoa,Khuyết tật ngôn ngữ,"Chốt sale qua tin nhắn, quản lý đơn hàng, Excel cơ bản","TP. Nha Trang, Khánh Hòa",0945376376,Sẵn sàng đi làm ngay
Võ Đình Hùng,Khuyết tật trí tuệ nhẹ,"Cẩn thận, làm theo quy trình, sức khỏe ổn định","Quận Đống Đa, Hà Nội",0974288500,Sẵn sàng đi làm ngay
Bùi Hữu Kiên,Khiếm thị,"Nghe hiểu tốt, gõ phím nhanh, tập trung","TP. Nha Trang, Khánh Hòa",0999644032,Sẵn sàng đi làm ngay
Đỗ Hữu Nam,"Khuyết tật thần kinh, tâm thần (ổn định)","Chốt sale qua tin nhắn, quản lý đơn hàng, Excel cơ bản","TP. Biên Hòa, Đồng Nai",0986111173,Sẵn sàng đi làm ngay
Dương Diệu Lan,Khuyết tật ngôn ngữ,"Viết lách, nghiên cứu thông tin, SEO cơ bản","TP. Nha Trang, Khánh Hòa",0978550839,Có thể bắt đầu sau 2 tuần
Nguyễn Mỹ Anh,Đa khuyết tật nhẹ,"Photoshop, Illustrator, Canva, tư duy thẩm mỹ",Làm việc từ xa (Remote toàn quốc),0989992496,Sẵn sàng đi làm ngay
Đặng Xuân Nam,Khiếm thính,"Tin học văn phòng, gõ phím nhanh, cẩn thận, tỉ mỉ","TP. Vinh, Nghệ An",0989118626,Sẵn sàng đi làm ngay
Hoàng Kim Vy,Khuyết tật trí tuệ nhẹ,"May công nghiệp, tỉ mỉ, chịu được áp lực dây chuyền","Quận Hai Bà Trưng, Hà Nội",0968607363,Sẵn sàng đi làm ngay
Phạm Thị Yến,Khuyết tật ngôn ngữ,"Viết tin nhắn rõ ràng, kiên nhẫn, hiểu sản phẩm","Quận 3, TP.HCM",0975878060,Sẵn sàng đi làm ngay
Dương Bích Linh,Khuyết tật ngôn ngữ,"Viết lách, nghiên cứu thông tin, SEO cơ bản",TP. Huế,0935636783,Sẵn sàng đi làm ngay
Ngô Quang Vinh,"Khuyết tật thần kinh, tâm thần (ổn định)","Viết lách, nghiên cứu thông tin, SEO cơ bản","Quận 1, TP.HCM",0923631328,Có thể bắt đầu sau 2 tuần
Trần Anh Kiên,Đa khuyết tật nhẹ,"Cẩn thận, làm theo quy trình, sức khỏe ổn định","Quận Đống Đa, Hà Nội",0915732182,Sẵn sàng đi làm ngay
Bùi Thu Hương,Đa khuyết tật nhẹ,"Khéo tay, kiên nhẫn, tỉ mỉ","TP. Vinh, Nghệ An",0996396952,Sẵn sàng đi làm ngay
Đỗ Thu Hoa,Khuyết tật trí tuệ nhẹ,"May công nghiệp, tỉ mỉ, chịu được áp lực dây chuyền",TP. Đà Nẵng,0951765823,Sẵn sàng đi làm ngay
Trần Thu Lan,Khuyết tật ngôn ngữ,"Viết lách, nghiên cứu thông tin, SEO cơ bản","Quận Đống Đa, Hà Nội",0951415399,Có thể bắt đầu sau 2 tuần
Ngô Quang Kiên,Khiếm thính,"Ngôn ngữ ký hiệu, biên tập video cơ bản","Quận Tân Bình, TP.HCM",0953312608,Có thể bắt đầu sau 2 tuần
Trần Thành Khoa,Khiếm thị,"Tin học văn phòng, kỹ năng sư phạm, kiên nhẫn","TP. Vinh, Nghệ An",0990764241,Sẵn sàng đi làm ngay
Lý Kim Thảo,Khiếm thính,"Chốt sale qua tin nhắn, quản lý đơn hàng, Excel cơ bản","TP. Vinh, Nghệ An",0982172475,Sẵn sàng đi làm ngay
Ngô Thu Nga,Khiếm thị,"Nghe hiểu tốt, gõ phím nhanh, tập trung",TP. Cần Thơ,0967223954,Sẵn sàng đi làm ngay
Đặng Thị Linh,Khuyết tật vận động,"Viết lách, nghiên cứu thông tin, SEO cơ bản",Làm việc từ xa (Remote toàn quốc),0966808785,Có thể bắt đầu sau 2 tuần
Trần Đình Bảo,Khuyết tật trí tuệ nhẹ,"Khéo tay, kiên nhẫn, tỉ mỉ","Quận 1, TP.HCM",0952855452,Sẵn sàng đi làm ngay
Dương Xuân Đức,Đa khuyết tật nhẹ,"Khéo tay, kiên nhẫn, tỉ mỉ","Quận Đống Đa, Hà Nội",0970801438,Có thể bắt đầu sau 2 tuần
Phạm Thành Khoa,Khiếm thị,"Nghe hiểu tốt, gõ phím nhanh, tập trung","TP. Vinh, Nghệ An",0937967928,Có thể bắt đầu sau 2 tuần
Võ Minh Kiên,Khiếm thị,"Xoa bóp bấm huyệt, cảm nhận cơ thể tốt","TP. Biên Hòa, Đồng Nai",0931968410,Có thể bắt đầu sau 2 tuần
Hoàng Anh Sơn,Khiếm thị,"Nghe hiểu tốt, gõ phím nhanh, tập trung","Quận Cầu Giấy, Hà Nội",0983818436,Sẵn sàng đi làm ngay
Đặng Thành Hùng,"Khuyết tật thần kinh, tâm thần (ổn định)","Giao tiếp tốt, giọng nói rõ, xử lý tình huống","Quận Hai Bà Trưng, Hà Nội",0972621128,Có thể bắt đầu sau 2 tuần
Dương Minh Phong,Khuyết tật vận động,"Giao tiếp tốt, giọng nói rõ, xử lý tình huống","TP. Nha Trang, Khánh Hòa",0933714390,Có thể bắt đầu sau 2 tuần
Võ Hữu Kiên,Khuyết tật vận động,"Chốt sale qua tin nhắn, quản lý đơn hàng, Excel cơ bản","TP. Thủ Dầu Một, Bình Dương",0975371572,Sẵn sàng đi làm ngay
Trần Anh Hùng,Khuyết tật ngôn ngữ,"Tin học văn phòng, gõ phím nhanh, cẩn thận, tỉ mỉ",TP. Huế,0931684479,Có thể bắt đầu sau 2 tuần
Phan Thị Vy,Khiếm thính,"MISA, Excel, nghiệp vụ kế toán","Quận Tân Bình, TP.HCM",0948477438,Có thể bắt đầu sau 2 tuần
Dương Xuân Phong,Khiếm thính,"Viết tin nhắn rõ ràng, kiên nhẫn, hiểu sản phẩm",TP. Cần Thơ,0917861618,Có thể bắt đầu sau 2 tuần
Đỗ Xuân Long,Khuyết tật vận động,"MISA, Excel, nghiệp vụ kế toán","Quận Đống Đa, Hà Nội",0913466904,Có thể bắt đầu sau 2 tuần
Hoàng Ngọc Linh,Khiếm thị,"Nghe hiểu tốt, gõ phím nhanh, tập trung","TP. Nha Trang, Khánh Hòa",0913848263,Có thể bắt đầu sau 2 tuần
Đặng Kim Yến,Khuyết tật trí tuệ nhẹ,"Khéo tay, kiên nhẫn, tỉ mỉ","Quận 1, TP.HCM",0935120806,Sẵn sàng đi làm ngay
Vũ Thành Phong,Khiếm thị,"Tin học văn phòng, kỹ năng sư phạm, kiên nhẫn","TP. Nha Trang, Khánh Hòa",0965547743,Sẵn sàng đi làm ngay
Huỳnh Ngọc Trang,Khiếm thính,"Tin học văn phòng, gõ phím nhanh, cẩn thận, tỉ mỉ","TP. Thủ Đức, TP.HCM",0933339936,Có thể bắt đầu sau 2 tuần
Lê Ngọc Trang,Khiếm thính,"Python, SQL, Git, tư duy logic","TP. Thủ Đức, TP.HCM",0992371910,Sẵn sàng đi làm ngay
Đỗ Thành Khoa,Khiếm thính,"Photoshop, Illustrator, Canva, tư duy thẩm mỹ","Quận Đống Đa, Hà Nội",0939622819,Có thể bắt đầu sau 2 tuần
Trần Xuân Bảo,Khuyết tật trí tuệ nhẹ,"Khéo tay, kiên nhẫn, tỉ mỉ","Quận 1, TP.HCM",0919686066,Sẵn sàng đi làm ngay
Dương Minh Long,"Khuyết tật thần kinh, tâm thần (ổn định)","Giao tiếp tốt, giọng nói rõ, xử lý tình huống",TP. Đà Nẵng,0913610695,Sẵn sàng đi làm ngay
Trần Thành Đức,Khiếm thị,"Nghe hiểu tốt, gõ phím nhanh, tập trung","TP. Thủ Dầu Một, Bình Dương",0968288208,Có thể bắt đầu sau 2 tuần
Trần Ngọc Thảo,Khiếm thị,"Tin học văn phòng, kỹ năng sư phạm, kiên nhẫn","Quận 3, TP.HCM",0927212173,Sẵn sàng đi làm ngay
Đỗ Mỹ Ngọc,Khiếm thính,"Chốt sale qua tin nhắn, quản lý đơn hàng, Excel cơ bản","TP. Thủ Dầu Một, Bình Dương",0995054536,Sẵn sàng đi làm ngay
Bùi Xuân Phong,Khuyết tật ngôn ngữ,"Chốt sale qua tin nhắn, quản lý đơn hàng, Excel cơ bản","Quận Cầu Giấy, Hà Nội",0945260096,Có thể bắt đầu sau 2 tuần
Nguyễn Anh Hùng,Khuyết tật vận động,"Tin học văn phòng, kỹ năng sư phạm, kiên nhẫn","Quận 3, TP.HCM",0934011635,Có thể bắt đầu sau 2 tuần
Đỗ Ngọc Trang,Khuyết tật vận động,"Nghe hiểu tốt, gõ phím nhanh, tập trung","Quận Bình Thạnh, TP.HCM",0948728311,Có thể bắt đầu sau 2 tuần
Vũ Quang Bảo,Khuyết tật vận động,"MISA, Excel, nghiệp vụ kế toán","TP. Nha Trang, Khánh Hòa",0910106518,Sẵn sàng đi làm ngay
Trần Anh Long,Đa khuyết tật nhẹ,"Photoshop, Illustrator, Canva, tư duy thẩm mỹ","Quận Hai Bà Trưng, Hà Nội",0960730347,Có thể bắt đầu sau 2 tuần
Bùi Quang Nam,"Khuyết tật thần kinh, tâm thần (ổn định)","Photoshop, Illustrator, Canva, tư duy thẩm mỹ","TP. Thủ Dầu Một, Bình Dương",0957996006,Sẵn sàng đi làm ngay
Võ Kim Nga,Khuyết tật vận động,"Tin học văn phòng, kỹ năng sư phạm, kiên nhẫn","TP. Vinh, Nghệ An",0938676458,Sẵn sàng đi làm ngay
Hoàng Anh Long,Đa khuyết tật nhẹ,"Cẩn thận, làm theo quy trình, sức khỏe ổn định","Quận 1, TP.HCM",0942730364,Sẵn sàng đi làm ngay
Trần Thị Anh,"Khuyết tật thần kinh, tâm thần (ổn định)","Nghe hiểu tốt, gõ phím nhanh, tập trung",TP. Huế,0980912122,Có thể bắt đầu sau 2 tuần
Trần Kim Thảo,Khuyết tật ngôn ngữ,"Tin học văn phòng, gõ phím nhanh, cẩn thận, tỉ mỉ","Quận 3, TP.HCM",0942642928,Sẵn sàng đi làm ngay
Trần Thu Linh,Khiếm thị,"Xoa bóp bấm huyệt, cảm nhận cơ thể tốt","TP. Biên Hòa, Đồng Nai",0968134282,Sẵn sàng đi làm ngay
Ngô Hữu Khoa,Khuyết tật trí tuệ nhẹ,"May công nghiệp, tỉ mỉ, chịu được áp lực dây chuyền","Quận Tân Bình, TP.HCM",0971217726,Sẵn sàng đi làm ngay
Bùi Mỹ Trang,Khuyết tật ngôn ngữ,"MISA, Excel, nghiệp vụ kế toán","TP. Nha Trang, Khánh Hòa",0927297164,Sẵn sàng đi làm ngay
Bùi Diệu Hoa,Khuyết tật trí tuệ nhẹ,"Giao tiếp tốt, giọng nói rõ, xử lý tình huống",TP. Huế,0929164667,Có thể bắt đầu sau 2 tuần
Phạm Bích Lan,Đa khuyết tật nhẹ,"Cẩn thận, làm theo quy trình, sức khỏe ổn định","Quận Đống Đa, Hà Nội",0959967612,Có thể bắt đầu sau 2 tuần
Phan Đình Hải,Khiếm thị,"Nghe hiểu tốt, gõ phím nhanh, tập trung","Quận 1, TP.HCM",0917278605,Sẵn sàng đi làm ngay
Bùi Thu Anh,Khuyết tật ngôn ngữ,"Viết tin nhắn rõ ràng, kiên nhẫn, hiểu sản phẩm","TP. Biên Hòa, Đồng Nai",0912532270,Sẵn sàng đi làm ngay
Hoàng Thị Trang,Đa khuyết tật nhẹ,"Photoshop, Illustrator, Canva, tư duy thẩm mỹ","Quận Cầu Giấy, Hà Nội",0930589340,Sẵn sàng đi làm ngay
Trần Minh Đức,Khuyết tật trí tuệ nhẹ,"Cẩn thận, làm theo quy trình, sức khỏe ổn định","Quận 3, TP.HCM",0989030540,Sẵn sàng đi làm ngay
Phan Ngọc Anh,Khiếm thính,"Photoshop, Illustrator, Canva, tư duy thẩm mỹ","TP. Nha Trang, Khánh Hòa",0979700177,Sẵn sàng đi làm ngay
Nguyễn Anh Hải,Khiếm thị,"Nghe hiểu tốt, gõ phím nhanh, tập trung",TP. Đà Nẵng,0988800061,Sẵn sàng đi làm ngay
Huỳnh Văn Sơn,"Khuyết tật thần kinh, tâm thần (ổn định)","Python, SQL, Git, tư duy logic","Quận 3, TP.HCM",0999020563,Có thể bắt đầu sau 2 tuần
Trần Thu Mai,Đa khuyết tật nhẹ,"Photoshop, Illustrator, Canva, tư duy thẩm mỹ","Quận Bình Thạnh, TP.HCM",0951170924,Sẵn sàng đi làm ngay
Phạm Thu Hương,Khuyết tật ngôn ngữ,"Tin học văn phòng, gõ phím nhanh, cẩn thận, tỉ mỉ","Quận Đống Đa, Hà Nội",0979393672,Sẵn sàng đi làm ngay
Phạm Thu Nga,Khiếm thính,"Viết tin nhắn rõ ràng, kiên nhẫn, hiểu sản phẩm","Quận Cầu Giấy, Hà Nội",0965260181,Sẵn sàng đi làm ngay
Hoàng Thành Long,Khuyết tật vận động,"Python, SQL, Git, tư duy logic","Quận Đống Đa, Hà Nội",0949990044,Sẵn sàng đi làm ngay
Hoàng Mỹ Yến,Khuyết tật trí tuệ nhẹ,"Giao tiếp tốt, giọng nói rõ, xử lý tình huống","Quận Cầu Giấy, Hà Nội",0935947867,Sẵn sàng đi làm ngay
Phạm Xuân Kiên,"Khuyết tật thần kinh, tâm thần (ổn định)","Tin học văn phòng, gõ phím nhanh, cẩn thận, tỉ mỉ","TP. Thủ Dầu Một, Bình Dương",0999928690,Sẵn sàng đi làm ngay
Bùi Bích Vy,Đa khuyết tật nhẹ,"Photoshop, Illustrator, Canva, tư duy thẩm mỹ",TP. Đà Nẵng,0958388604,Sẵn sàng đi làm ngay
Phan Thị Nga,Khuyết tật trí tuệ nhẹ,"May công nghiệp, tỉ mỉ, chịu được áp lực dây chuyền","TP. Thủ Dầu Một, Bình Dương",0933832188,Có thể bắt đầu sau 2 tuần
Đặng Thu Thảo,Khuyết tật trí tuệ nhẹ,"Khéo tay, kiên nhẫn, tỉ mỉ","TP. Biên Hòa, Đồng Nai",0962356553,Có thể bắt đầu sau 2 tuần
Đặng Mỹ Trang,Khuyết tật vận động,"Viết tin nhắn rõ ràng, kiên nhẫn, hiểu sản phẩm","Quận 3, TP.HCM",0924123246,Sẵn sàng đi làm ngay
Phạm Anh Nam,Đa khuyết tật nhẹ,"Khéo tay, kiên nhẫn, tỉ mỉ","Quận Hai Bà Trưng, Hà Nội",0948727665,Có thể bắt đầu sau 2 tuần
Phan Bích Linh,Đa khuyết tật nhẹ,"Khéo tay, kiên nhẫn, tỉ mỉ","TP. Nha Trang, Khánh Hòa",0955374164,Sẵn sàng đi làm ngay
Lê Diệu Ngọc,Khuyết tật ngôn ngữ,"MISA, Excel, nghiệp vụ kế toán",TP. Huế,0984013597,Có thể bắt đầu sau 2 tuần
Hoàng Thành Tuấn,"Khuyết tật thần kinh, tâm thần (ổn định)","Viết tin nhắn rõ ràng, kiên nhẫn, hiểu sản phẩm","TP. Thủ Đức, TP.HCM",0989509269,Sẵn sàng đi làm ngay
Trần Xuân Kiên,Khiếm thính,"May công nghiệp, tỉ mỉ, chịu được áp lực dây chuyền",Làm việc từ xa (Remote toàn quốc),0966149681,Có thể bắt đầu sau 2 tuần
Huỳnh Minh Phong,"Khuyết tật thần kinh, tâm thần (ổn định)","Cẩn thận, làm theo quy trình, sức khỏe ổn định","Quận Hai Bà Trưng, Hà Nội",0983622284,Sẵn sàng đi làm ngay
Bùi Mỹ Lan,"Khuyết tật thần kinh, tâm thần (ổn định)","Nghe hiểu tốt, gõ phím nhanh, tập trung","Quận Hai Bà Trưng, Hà Nội",0962787346,Có thể bắt đầu sau 2 tuần
Đặng Kim Ngọc,Khiếm thị,"Viết lách, nghiên cứu thông tin, SEO cơ bản",Làm việc từ xa (Remote toàn quốc),0983333747,Có thể bắt đầu sau 2 tuần
Huỳnh Bích Mai,Khiếm thính,"Khéo tay, kiên nhẫn, tỉ mỉ","Quận Tân Bình, TP.HCM",0921180661,Sẵn sàng đi làm ngay
Đỗ Văn Hải,Đa khuyết tật nhẹ,"Cẩn thận, làm theo quy trình, sức khỏe ổn định","Quận Đống Đa, Hà Nội",0913103305,Sẵn sàng đi làm ngay
Phan Đình Hùng,Khiếm thị,"Tin học văn phòng, kỹ năng sư phạm, kiên nhẫn","TP. Thủ Đức, TP.HCM",0922806896,Sẵn sàng đi làm ngay
Võ Thị Mai,Khuyết tật ngôn ngữ,"Viết tin nhắn rõ ràng, kiên nhẫn, hiểu sản phẩm",Làm việc từ xa (Remote toàn quốc),0928782155,Sẵn sàng đi làm ngay
Trần Hữu Long,Khuyết tật vận động,"Tin học văn phòng, kỹ năng sư phạm, kiên nhẫn","Quận Đống Đa, Hà Nội",0963449779,Có thể bắt đầu sau 2 tuần
Ngô Mỹ Hương,Khuyết tật ngôn ngữ,"Chốt sale qua tin nhắn, quản lý đơn hàng, Excel cơ bản",TP. Cần Thơ,0953394568,Sẵn sàng đi làm ngay
Phan Thu Nga,Đa khuyết tật nhẹ,"Photoshop, Illustrator, Canva, tư duy thẩm mỹ","Quận Cầu Giấy, Hà Nội",0964419851,Sẵn sàng đi làm ngay
Vũ Minh Hùng,Đa khuyết tật nhẹ,"Photoshop, Illustrator, Canva, tư duy thẩm mỹ","Quận Tân Bình, TP.HCM",0938887890,Sẵn sàng đi làm ngay
Bùi Thành Vinh,Khuyết tật ngôn ngữ,"Python, SQL, Git, tư duy logic","Quận Bình Thạnh, TP.HCM",0961441320,Có thể bắt đầu sau 2 tuần
Đặng Văn Phong,Khuyết tật ngôn ngữ,"Viết tin nhắn rõ ràng, kiên nhẫn, hiểu sản phẩm","Quận Bình Thạnh, TP.HCM",0983914229,Sẵn sàng đi làm ngay
Nguyễn Thành Sơn,Khuyết tật vận động,"Viết tin nhắn rõ ràng, kiên nhẫn, hiểu sản phẩm","Quận Tân Bình, TP.HCM",0932791279,Sẵn sàng đi làm ngay
Trần Quang Bảo,Đa khuyết tật nhẹ,"Cẩn thận, làm theo quy trình, sức khỏe ổn định","Quận 1, TP.HCM",0990749674,Sẵn sàng đi làm ngay
Phạm Minh Long,Khuyết tật ngôn ngữ,"Tin học văn phòng, gõ phím nhanh, cẩn thận, tỉ mỉ","Quận Bình Thạnh, TP.HCM",0938916427,Sẵn sàng đi làm ngay
Bùi Bích Trang,"Khuyết tật thần kinh, tâm thần (ổn định)","Nghe hiểu tốt, gõ phím nhanh, tập trung",Làm việc từ xa (Remote toàn quốc),0981602352,Có thể bắt đầu sau 2 tuần
Trần Thị Yến,Khuyết tật vận động,"Tin học văn phòng, gõ phím nhanh, cẩn thận, tỉ mỉ",TP. Đà Nẵng,0976253065,Sẵn sàng đi làm ngay
Lý Thị Yến,Khiếm thính,"Photoshop, Illustrator, Canva, tư duy thẩm mỹ",TP. Đà Nẵng,0911398806,Có thể bắt đầu sau 2 tuần
Ngô Minh Kiên,Khuyết tật ngôn ngữ,"MISA, Excel, nghiệp vụ kế toán","Quận Bình Thạnh, TP.HCM",0931682819,Có thể bắt đầu sau 2 tuần
Dương Hữu Phong,Khiếm thính,"Python, SQL, Git, tư duy logic",TP. Huế,0983053533,Có thể bắt đầu sau 2 tuần
Phạm Hữu Hải,"Khuyết tật thần kinh, tâm thần (ổn định)","Photoshop, Illustrator, Canva, tư duy thẩm mỹ","Quận 3, TP.HCM",0944603606,Sẵn sàng đi làm ngay
Hoàng Ngọc Hoa,"Khuyết tật thần kinh, tâm thần (ổn định)","Ngôn ngữ ký hiệu, biên tập video cơ bản","TP. Biên Hòa, Đồng Nai",0938122623,Sẵn sàng đi làm ngay
Đỗ Hữu Tuấn,Khiếm thính,"Khéo tay, kiên nhẫn, tỉ mỉ","Quận 3, TP.HCM",0989413716,Sẵn sàng đi làm ngay
Trần Xuân Sơn,Khuyết tật ngôn ngữ,"Viết tin nhắn rõ ràng, kiên nhẫn, hiểu sản phẩm","Quận 3, TP.HCM",0921597807,Có thể bắt đầu sau 2 tuần
Ngô Kim Vy,Khiếm thính,"Viết tin nhắn rõ ràng, kiên nhẫn, hiểu sản phẩm","TP. Thủ Đức, TP.HCM",0951531940,Có thể bắt đầu sau 2 tuần
Hoàng Bích Hoa,Đa khuyết tật nhẹ,"Photoshop, Illustrator, Canva, tư duy thẩm mỹ","TP. Thủ Đức, TP.HCM",0931685822,Có thể bắt đầu sau 2 tuần
Hoàng Đình Khoa,Khuyết tật ngôn ngữ,"Viết lách, nghiên cứu thông tin, SEO cơ bản","Quận Bình Thạnh, TP.HCM",0971656478,Có thể bắt đầu sau 2 tuần
Lý Hữu Bảo,Khuyết tật vận động,"Nghe hiểu tốt, gõ phím nhanh, tập trung","TP. Thủ Đức, TP.HCM",0938605389,Có thể bắt đầu sau 2 tuần
Phan Thành Hải,Khuyết tật trí tuệ nhẹ,"Khéo tay, kiên nhẫn, tỉ mỉ",Làm việc từ xa (Remote toàn quốc),0991228073,Sẵn sàng đi làm ngay
Nguyễn Mỹ Trang,Khuyết tật ngôn ngữ,"Chốt sale qua tin nhắn, quản lý đơn hàng, Excel cơ bản","Quận Bình Thạnh, TP.HCM",0992499100,Có thể bắt đầu sau 2 tuần
Ngô Thu Hương,"Khuyết tật thần kinh, tâm thần (ổn định)","Nghe hiểu tốt, gõ phím nhanh, tập trung","Quận Tân Bình, TP.HCM",0943487805,Sẵn sàng đi làm ngay
Lý Quang Sơn,Khiếm thính,"May công nghiệp, tỉ mỉ, chịu được áp lực dây chuyền",TP. Cần Thơ,0955032119,Sẵn sàng đi làm ngay
Bùi Hữu Phong,Khiếm thính,"Khéo tay, kiên nhẫn, tỉ mỉ",TP. Huế,0983533532,Sẵn sàng đi làm ngay
Huỳnh Xuân Vinh,Khuyết tật vận động,"Nghe hiểu tốt, gõ phím nhanh, tập trung","Quận Cầu Giấy, Hà Nội",0951860882,Có thể bắt đầu sau 2 tuần
Hoàng Hữu Vinh,Khiếm thính,"Python, SQL, Git, tư duy logic","TP. Thủ Dầu Một, Bình Dương",0972618567,Sẵn sàng đi làm ngay
Võ Thu Yến,Khuyết tật ngôn ngữ,"MISA, Excel, nghiệp vụ kế toán",TP. Đà Nẵng,0962402189,Sẵn sàng đi làm ngay
Nguyễn Hữu Bảo,Khuyết tật ngôn ngữ,"Viết lách, nghiên cứu thông tin, SEO cơ bản","Quận Hai Bà Trưng, Hà Nội",0994378401,Có thể bắt đầu sau 2 tuần
Huỳnh Mỹ Linh,Khuyết tật vận động,"Viết lách, nghiên cứu thông tin, SEO cơ bản","TP. Vinh, Nghệ An",0959072728,Sẵn sàng đi làm ngay
Dương Mỹ Vy,Khuyết tật ngôn ngữ,"Python, SQL, Git, tư duy logic","TP. Thủ Đức, TP.HCM",0921599367,Sẵn sàng đi làm ngay
Ngô Mỹ Nga,Khuyết tật trí tuệ nhẹ,"Cẩn thận, làm theo quy trình, sức khỏe ổn định","TP. Thủ Đức, TP.HCM",0913474941,Sẵn sàng đi làm ngay
Nguyễn Thị Trang,Đa khuyết tật nhẹ,"Photoshop, Illustrator, Canva, tư duy thẩm mỹ",Làm việc từ xa (Remote toàn quốc),0997766247,Có thể bắt đầu sau 2 tuần
Dương Thành Nam,Khiếm thính,"Viết tin nhắn rõ ràng, kiên nhẫn, hiểu sản phẩm","Quận 1, TP.HCM",0944987476,Sẵn sàng đi làm ngay
Ngô Thị Hoa,"Khuyết tật thần kinh, tâm thần (ổn định)","May công nghiệp, tỉ mỉ, chịu được áp lực dây chuyền","TP. Vinh, Nghệ An",0995653922,Có thể bắt đầu sau 2 tuần
Bùi Hữu Tuấn,Khuyết tật trí tuệ nhẹ,"Cẩn thận, làm theo quy trình, sức khỏe ổn định","Quận 3, TP.HCM",0928196649,Sẵn sàng đi làm ngay
Lê Hữu Sơn,Khiếm thính,"Cẩn thận, làm theo quy trình, sức khỏe ổn định",TP. Huế,0957133823,Có thể bắt đầu sau 2 tuần
Phạm Đình Nam,"Khuyết tật thần kinh, tâm thần (ổn định)","Python, SQL, Git, tư duy logic","TP. Thủ Đức, TP.HCM",0933486656,Sẵn sàng đi làm ngay
Vũ Đình Khoa,Khuyết tật vận động,"Tin học văn phòng, gõ phím nhanh, cẩn thận, tỉ mỉ",TP. Đà Nẵng,0935850974,Sẵn sàng đi làm ngay
Nguyễn Hữu Hùng,Khuyết tật ngôn ngữ,"Viết lách, nghiên cứu thông tin, SEO cơ bản",TP. Cần Thơ,0984389476,Sẵn sàng đi làm ngay
Phạm Hữu Vinh,Khuyết tật ngôn ngữ,"Chốt sale qua tin nhắn, quản lý đơn hàng, Excel cơ bản","Quận Tân Bình, TP.HCM",0925496941,Có thể bắt đầu sau 2 tuần
Dương Diệu Nga,Khuyết tật vận động,"Chốt sale qua tin nhắn, quản lý đơn hàng, Excel cơ bản","Quận 1, TP.HCM",0936070440,Sẵn sàng đi làm ngay
Lê Kim Ngọc,Đa khuyết tật nhẹ,"Khéo tay, kiên nhẫn, tỉ mỉ","TP. Thủ Đức, TP.HCM",0927616344,Có thể bắt đầu sau 2 tuần
Trần Bích Nga,Khiếm thính,"Khéo tay, kiên nhẫn, tỉ mỉ",TP. Cần Thơ,0975682810,Sẵn sàng đi làm ngay
Võ Đình Khoa,Khiếm thính,"Chốt sale qua tin nhắn, quản lý đơn hàng, Excel cơ bản","TP. Vinh, Nghệ An",0912307688,Có thể bắt đầu sau 2 tuần
Đặng Anh Hải,Khiếm thính,"Viết lách, nghiên cứu thông tin, SEO cơ bản","Quận Tân Bình, TP.HCM",0950437424,Sẵn sàng đi làm ngay
Lý Thu Thảo,Khuyết tật vận động,"Python, SQL, Git, tư duy logic","Quận Tân Bình, TP.HCM",0984580788,Sẵn sàng đi làm ngay
Võ Hữu Kiên,Khuyết tật trí tuệ nhẹ,"Khéo tay, kiên nhẫn, tỉ mỉ","TP. Thủ Đức, TP.HCM",0978442906,Sẵn sàng đi làm ngay
Phan Anh Tuấn,Khuyết tật ngôn ngữ,"Photoshop, Illustrator, Canva, tư duy thẩm mỹ","Quận 1, TP.HCM",0985060646,Sẵn sàng đi làm ngay
Vũ Diệu Lan,Khiếm thính,"Ngôn ngữ ký hiệu, biên tập video cơ bản","Quận Hai Bà Trưng, Hà Nội",0999608371,Sẵn sàng đi làm ngay
Lý Ngọc Anh,Khiếm thị,"Tin học văn phòng, kỹ năng sư phạm, kiên nhẫn",TP. Đà Nẵng,0964022294,Sẵn sàng đi làm ngay
Võ Anh Tuấn,Khiếm thính,"May công nghiệp, tỉ mỉ, chịu được áp lực dây chuyền","TP. Biên Hòa, Đồng Nai",0959939933,Sẵn sàng đi làm ngay
Lê Bích Hoa,Khuyết tật vận động,"Tin học văn phòng, gõ phím nhanh, cẩn thận, tỉ mỉ",TP. Đà Nẵng,0966250899,Sẵn sàng đi làm ngay
Huỳnh Kim Ngọc,Khuyết tật trí tuệ nhẹ,"Giao tiếp tốt, giọng nói rõ, xử lý tình huống",TP. Cần Thơ,0982910006,Sẵn sàng đi làm ngay
Phan Xuân Hải,Khuyết tật trí tuệ nhẹ,"Giao tiếp tốt, giọng nói rõ, xử lý tình huống","Quận 3, TP.HCM",0941343627,Sẵn sàng đi làm ngay
Lý Thành Đức,Khuyết tật vận động,"Nghe hiểu tốt, gõ phím nhanh, tập trung","TP. Vinh, Nghệ An",0929314149,Sẵn sàng đi làm ngay
Bùi Thu Ngọc,Khiếm thính,"Viết tin nhắn rõ ràng, kiên nhẫn, hiểu sản phẩm",TP. Huế,0984066316,Sẵn sàng đi làm ngay
Võ Xuân Vinh,Khuyết tật vận động,"Viết tin nhắn rõ ràng, kiên nhẫn, hiểu sản phẩm","Quận 1, TP.HCM",0963481505,Sẵn sàng đi làm ngay
Hoàng Xuân Nam,Khiếm thị,"Tin học văn phòng, kỹ năng sư phạm, kiên nhẫn",TP. Cần Thơ,0953366907,Có thể bắt đầu sau 2 tuần
Bùi Đình Long,Đa khuyết tật nhẹ,"Photoshop, Illustrator, Canva, tư duy thẩm mỹ",TP. Cần Thơ,0933368501,Sẵn sàng đi làm ngay
Hoàng Đình Long,Khuyết tật ngôn ngữ,"Tin học văn phòng, gõ phím nhanh, cẩn thận, tỉ mỉ","Quận 3, TP.HCM",0924845948,Có thể bắt đầu sau 2 tuần
Đặng Anh Đức,Khuyết tật vận động,"Viết tin nhắn rõ ràng, kiên nhẫn, hiểu sản phẩm","TP. Nha Trang, Khánh Hòa",0971543645,Sẵn sàng đi làm ngay
Lê Kim Yến,Khuyết tật ngôn ngữ,"Tin học văn phòng, gõ phím nhanh, cẩn thận, tỉ mỉ","TP. Nha Trang, Khánh Hòa",0912006059,Sẵn sàng đi làm ngay
Nguyễn Quang Hải,Khiếm thị,"Viết lách, nghiên cứu thông tin, SEO cơ bản","TP. Vinh, Nghệ An",0998202384,Sẵn sàng đi làm ngay
Huỳnh Quang Sơn,Đa khuyết tật nhẹ,"Khéo tay, kiên nhẫn, tỉ mỉ",TP. Cần Thơ,0953239383,Sẵn sàng đi làm ngay
Phạm Văn Nam,Đa khuyết tật nhẹ,"Photoshop, Illustrator, Canva, tư duy thẩm mỹ","TP. Nha Trang, Khánh Hòa",0991215263,Sẵn sàng đi làm ngay
Lê Minh Nam,Khiếm thị,"Xoa bóp bấm huyệt, cảm nhận cơ thể tốt","TP. Vinh, Nghệ An",0990562685,Sẵn sàng đi làm ngay
Trần Đình Sơn,Khiếm thị,"Xoa bóp bấm huyệt, cảm nhận cơ thể tốt",TP. Cần Thơ,0958208672,Sẵn sàng đi làm ngay
Phan Mỹ Hoa,Khuyết tật ngôn ngữ,"Photoshop, Illustrator, Canva, tư duy thẩm mỹ","TP. Nha Trang, Khánh Hòa",0963179088,Sẵn sàng đi làm ngay
Phạm Quang Bảo,Khiếm thị,"Viết lách, nghiên cứu thông tin, SEO cơ bản","Quận 3, TP.HCM",0931057613,Sẵn sàng đi làm ngay
Nguyễn Văn Phong,Khuyết tật vận động,"MISA, Excel, nghiệp vụ kế toán","TP. Thủ Dầu Một, Bình Dương",0922780167,Sẵn sàng đi làm ngay
Bùi Anh Bảo,Khiếm thính,"Photoshop, Illustrator, Canva, tư duy thẩm mỹ","Quận Hai Bà Trưng, Hà Nội",0940291991,Sẵn sàng đi làm ngay
Nguyễn Văn Nam,Khuyết tật trí tuệ nhẹ,"Giao tiếp tốt, giọng nói rõ, xử lý tình huống","Quận 3, TP.HCM",0988083477,Sẵn sàng đi làm ngay
Lê Anh Phong,Khuyết tật trí tuệ nhẹ,"Giao tiếp tốt, giọng nói rõ, xử lý tình huống","TP. Nha Trang, Khánh Hòa",0947684709,Có thể bắt đầu sau 2 tuần
Huỳnh Thu Hoa,Khiếm thính,"MISA, Excel, nghiệp vụ kế toán","TP. Thủ Dầu Một, Bình Dương",0970330473,Sẵn sàng đi làm ngay
Phạm Anh Vinh,Khuyết tật ngôn ngữ,"Chốt sale qua tin nhắn, quản lý đơn hàng, Excel cơ bản","TP. Thủ Đức, TP.HCM",0939151447,Sẵn sàng đi làm ngay
Bùi Mỹ Mai,Khiếm thị,"Xoa bóp bấm huyệt, cảm nhận cơ thể tốt","TP. Nha Trang, Khánh Hòa",0920129246,Sẵn sàng đi làm ngay
Đỗ Quang Tuấn,Khuyết tật trí tuệ nhẹ,"Khéo tay, kiên nhẫn, tỉ mỉ","TP. Vinh, Nghệ An",0911724501,Có thể bắt đầu sau 2 tuần
Ngô Hữu Sơn,Khiếm thính,"Chốt sale qua tin nhắn, quản lý đơn hàng, Excel cơ bản",TP. Cần Thơ,0999936616,Sẵn sàng đi làm ngay
Đỗ Văn Đức,Khuyết tật trí tuệ nhẹ,"Cẩn thận, làm theo quy trình, sức khỏe ổn định",TP. Huế,0933729042,Sẵn sàng đi làm ngay
Trần Đình Khoa,"Khuyết tật thần kinh, tâm thần (ổn định)","Ngôn ngữ ký hiệu, biên tập video cơ bản",TP. Huế,0921615274,Có thể bắt đầu sau 2 tuần
Võ Hữu Vinh,"Khuyết tật thần kinh, tâm thần (ổn định)","Xoa bóp bấm huyệt, cảm nhận cơ thể tốt",Làm việc từ xa (Remote toàn quốc),0993879044,Sẵn sàng đi làm ngay
Bùi Xuân Kiên,Khiếm thị,"Nghe hiểu tốt, gõ phím nhanh, tập trung","Quận Bình Thạnh, TP.HCM",0983429776,Sẵn sàng đi làm ngay
Bùi Bích Yến,Khuyết tật trí tuệ nhẹ,"Giao tiếp tốt, giọng nói rõ, xử lý tình huống","TP. Nha Trang, Khánh Hòa",0937447226,Sẵn sàng đi làm ngay
Bùi Anh Bảo,Khiếm thị,"Nghe hiểu tốt, gõ phím nhanh, tập trung","Quận Đống Đa, Hà Nội",0930845672,Sẵn sàng đi làm ngay
Bùi Mỹ Linh,Khiếm thị,"Tin học văn phòng, kỹ năng sư phạm, kiên nhẫn",TP. Cần Thơ,0976837769,Sẵn sàng đi làm ngay
Phạm Văn Vinh,Khuyết tật vận động,"Python, SQL, Git, tư duy logic",TP. Cần Thơ,0942862031,Sẵn sàng đi làm ngay
Dương Hữu Hải,Khuyết tật vận động,"Viết tin nhắn rõ ràng, kiên nhẫn, hiểu sản phẩm","TP. Thủ Đức, TP.HCM",0929220143,Sẵn sàng đi làm ngay
Phan Ngọc Thảo,Khuyết tật vận động,"Tin học văn phòng, kỹ năng sư phạm, kiên nhẫn","TP. Nha Trang, Khánh Hòa",0981856498,Có thể bắt đầu sau 2 tuần
Ngô Mỹ Nga,Khiếm thính,"Cẩn thận, làm theo quy trình, sức khỏe ổn định","Quận Đống Đa, Hà Nội",0986520840,Sẵn sàng đi làm ngay
Nguyễn Minh Kiên,Khuyết tật vận động,"Viết tin nhắn rõ ràng, kiên nhẫn, hiểu sản phẩm","TP. Thủ Đức, TP.HCM",0914071341,Có thể bắt đầu sau 2 tuần
Đỗ Minh Nam,Đa khuyết tật nhẹ,"Khéo tay, kiên nhẫn, tỉ mỉ","Quận Cầu Giấy, Hà Nội",0967858924,Sẵn sàng đi làm ngay
Trần Mỹ Hương,Đa khuyết tật nhẹ,"Photoshop, Illustrator, Canva, tư duy thẩm mỹ","TP. Thủ Dầu Một, Bình Dương",0947533969,Sẵn sàng đi làm ngay
Vũ Thu Vy,Khuyết tật vận động,"Viết tin nhắn rõ ràng, kiên nhẫn, hiểu sản phẩm","Quận Hai Bà Trưng, Hà Nội",0962647157,Sẵn sàng đi làm ngay
Phan Xuân Khoa,Đa khuyết tật nhẹ,"Khéo tay, kiên nhẫn, tỉ mỉ",Làm việc từ xa (Remote toàn quốc),0949393597,Sẵn sàng đi làm ngay
Dương Thu Anh,Khiếm thị,"Nghe hiểu tốt, gõ phím nhanh, tập trung",TP. Đà Nẵng,0959339530,Có thể bắt đầu sau 2 tuần
Bùi Văn Phong,Khiếm thính,"Viết lách, nghiên cứu thông tin, SEO cơ bản",TP. Huế,0987657634,Sẵn sàng đi làm ngay
Phan Thu Lan,Khuyết tật ngôn ngữ,"Viết tin nhắn rõ ràng, kiên nhẫn, hiểu sản phẩm","TP. Biên Hòa, Đồng Nai",0929192400,Có thể bắt đầu sau 2 tuần
Ngô Thành Vinh,Khiếm thính,"Khéo tay, kiên nhẫn, tỉ mỉ","TP. Thủ Đức, TP.HCM",0976060625,Sẵn sàng đi làm ngay
Đặng Quang Long,Khiếm thị,"Viết lách, nghiên cứu thông tin, SEO cơ bản","Quận 1, TP.HCM",0946143610,Có thể bắt đầu sau 2 tuần
Hoàng Anh Hùng,Khiếm thính,"Python, SQL, Git, tư duy logic","Quận Tân Bình, TP.HCM",0934970733,Sẵn sàng đi làm ngay
Vũ Diệu Anh,Khiếm thị,"Viết lách, nghiên cứu thông tin, SEO cơ bản",Làm việc từ xa (Remote toàn quốc),0999674912,Có thể bắt đầu sau 2 tuần
Vũ Mỹ Hương,Khiếm thính,"Viết lách, nghiên cứu thông tin, SEO cơ bản","TP. Thủ Dầu Một, Bình Dương",0960141100,Sẵn sàng đi làm ngay
Vũ Quang Kiên,Khuyết tật ngôn ngữ,"Python, SQL, Git, tư duy logic","Quận 3, TP.HCM",0992002217,Sẵn sàng đi làm ngay
Võ Ngọc Linh,Khiếm thính,"Viết lách, nghiên cứu thông tin, SEO cơ bản","TP. Vinh, Nghệ An",0935913130,Sẵn sàng đi làm ngay
Đỗ Minh Đức,"Khuyết tật thần kinh, tâm thần (ổn định)","Ngôn ngữ ký hiệu, biên tập video cơ bản","TP. Thủ Đức, TP.HCM",0918594133,Có thể bắt đầu sau 2 tuần
Ngô Thị Yến,Khuyết tật trí tuệ nhẹ,"Cẩn thận, làm theo quy trình, sức khỏe ổn định","TP. Nha Trang, Khánh Hòa",0936458389,Sẵn sàng đi làm ngay
Phạm Hữu Nam,Khiếm thị,"Nghe hiểu tốt, gõ phím nhanh, tập trung",TP. Huế,0930340520,Sẵn sàng đi làm ngay
Võ Ngọc Yến,Đa khuyết tật nhẹ,"Photoshop, Illustrator, Canva, tư duy thẩm mỹ",TP. Cần Thơ,0943974167,Có thể bắt đầu sau 2 tuần
Phạm Ngọc Yến,Đa khuyết tật nhẹ,"Cẩn thận, làm theo quy trình, sức khỏe ổn định","Quận Đống Đa, Hà Nội",0970580360,Sẵn sàng đi làm ngay
Đỗ Mỹ Thảo,Khuyết tật trí tuệ nhẹ,"Giao tiếp tốt, giọng nói rõ, xử lý tình huống","Quận Cầu Giấy, Hà Nội",0995649359,Sẵn sàng đi làm ngay
Dương Minh Bảo,Khiếm thị,"Tin học văn phòng, kỹ năng sư phạm, kiên nhẫn","Quận 1, TP.HCM",0948391676,Có thể bắt đầu sau 2 tuần
Võ Mỹ Trang,Khuyết tật ngôn ngữ,"Photoshop, Illustrator, Canva, tư duy thẩm mỹ","Quận 1, TP.HCM",0986270465,Có thể bắt đầu sau 2 tuần
Lê Anh Sơn,Khiếm thính,"Photoshop, Illustrator, Canva, tư duy thẩm mỹ","Quận Đống Đa, Hà Nội",0985688787,Có thể bắt đầu sau 2 tuần
Trần Anh Long,Khuyết tật vận động,"Tin học văn phòng, gõ phím nhanh, cẩn thận, tỉ mỉ","Quận 1, TP.HCM",0962546836,Sẵn sàng đi làm ngay
Võ Ngọc Mai,Khuyết tật vận động,"MISA, Excel, nghiệp vụ kế toán","Quận 3, TP.HCM",0978393472,Sẵn sàng đi làm ngay
Hoàng Hữu Hùng,Đa khuyết tật nhẹ,"Cẩn thận, làm theo quy trình, sức khỏe ổn định","Quận 3, TP.HCM",0947828666,Sẵn sàng đi làm ngay
Phan Anh Sơn,Khiếm thị,"Xoa bóp bấm huyệt, cảm nhận cơ thể tốt","TP. Thủ Dầu Một, Bình Dương",0938665803,Có thể bắt đầu sau 2 tuần
Võ Mỹ Trang,Khiếm thị,"Xoa bóp bấm huyệt, cảm nhận cơ thể tốt",TP. Đà Nẵng,0971482655,Sẵn sàng đi làm ngay
Nguyễn Thị Lan,Khuyết tật ngôn ngữ,"Tin học văn phòng, gõ phím nhanh, cẩn thận, tỉ mỉ","Quận Đống Đa, Hà Nội",0964132141,Sẵn sàng đi làm ngay
Vũ Xuân Khoa,Khuyết tật vận động,"Viết lách, nghiên cứu thông tin, SEO cơ bản",TP. Cần Thơ,0945200483,Sẵn sàng đi làm ngay
Lý Hữu Phong,Khuyết tật ngôn ngữ,"Tin học văn phòng, gõ phím nhanh, cẩn thận, tỉ mỉ","TP. Thủ Đức, TP.HCM",0991377462,Sẵn sàng đi làm ngay
Vũ Mỹ Lan,Khuyết tật ngôn ngữ,"MISA, Excel, nghiệp vụ kế toán","Quận Đống Đa, Hà Nội",0924321446,Sẵn sàng đi làm ngay
Trần Xuân Phong,Khuyết tật trí tuệ nhẹ,"Cẩn thận, làm theo quy trình, sức khỏe ổn định",TP. Huế,0968859940,Sẵn sàng đi làm ngay
Bùi Thành Sơn,"Khuyết tật thần kinh, tâm thần (ổn định)","MISA, Excel, nghiệp vụ kế toán","Quận Đống Đa, Hà Nội",0973953458,Có thể bắt đầu sau 2 tuần
Huỳnh Kim Linh,"Khuyết tật thần kinh, tâm thần (ổn định)","Xoa bóp bấm huyệt, cảm nhận cơ thể tốt","Quận 1, TP.HCM",0960321442,Sẵn sàng đi làm ngay
Đặng Anh Tuấn,Khuyết tật vận động,"Chốt sale qua tin nhắn, quản lý đơn hàng, Excel cơ bản","Quận Bình Thạnh, TP.HCM",0930126105,Sẵn sàng đi làm ngay
Phạm Kim Mai,Khiếm thị,"Viết lách, nghiên cứu thông tin, SEO cơ bản","Quận Hai Bà Trưng, Hà Nội",0931890169,Sẵn sàng đi làm ngay
Trần Xuân Đức,Khuyết tật trí tuệ nhẹ,"Cẩn thận, làm theo quy trình, sức khỏe ổn định","TP. Thủ Đức, TP.HCM",0985102612,Sẵn sàng đi làm ngay
Lý Xuân Bảo,"Khuyết tật thần kinh, tâm thần (ổn định)","Xoa bóp bấm huyệt, cảm nhận cơ thể tốt",TP. Đà Nẵng,0937919635,Sẵn sàng đi làm ngay
Lê Thu Linh,Đa khuyết tật nhẹ,"Photoshop, Illustrator, Canva, tư duy thẩm mỹ","Quận 1, TP.HCM",0931151411,Có thể bắt đầu sau 2 tuần
Ngô Quang Long,Khuyết tật trí tuệ nhẹ,"May công nghiệp, tỉ mỉ, chịu được áp lực dây chuyền",Làm việc từ xa (Remote toàn quốc),0952500820,Sẵn sàng đi làm ngay
Huỳnh Anh Long,Khuyết tật vận động,"Tin học văn phòng, gõ phím nhanh, cẩn thận, tỉ mỉ","Quận Cầu Giấy, Hà Nội",0967239714,Sẵn sàng đi làm ngay
Dương Văn Khoa,Khiếm thị,"Xoa bóp bấm huyệt, cảm nhận cơ thể tốt","TP. Vinh, Nghệ An",0985739453,Có thể bắt đầu sau 2 tuần
Ngô Kim Anh,Khiếm thị,"Xoa bóp bấm huyệt, cảm nhận cơ thể tốt","TP. Vinh, Nghệ An",0932403250,Có thể bắt đầu sau 2 tuần
Vũ Diệu Lan,Đa khuyết tật nhẹ,"Khéo tay, kiên nhẫn, tỉ mỉ",Làm việc từ xa (Remote toàn quốc),0926222974,Có thể bắt đầu sau 2 tuần
Huỳnh Xuân Kiên,Khuyết tật ngôn ngữ,"Python, SQL, Git, tư duy logic","TP. Thủ Đức, TP.HCM",0977639602,Có thể bắt đầu sau 2 tuần
Nguyễn Hữu Nam,Khiếm thị,"Xoa bóp bấm huyệt, cảm nhận cơ thể tốt","Quận 3, TP.HCM",0919822504,Sẵn sàng đi làm ngay
Phạm Minh Tuấn,Khiếm thị,"Viết lách, nghiên cứu thông tin, SEO cơ bản","TP. Thủ Đức, TP.HCM",0939072409,Có thể bắt đầu sau 2 tuần
Dương Bích Thảo,Khiếm thính,"May công nghiệp, tỉ mỉ, chịu được áp lực dây chuyền",Làm việc từ xa (Remote toàn quốc),0973035498,Sẵn sàng đi làm ngay
Lý Xuân Sơn,Khuyết tật ngôn ngữ,"Chốt sale qua tin nhắn, quản lý đơn hàng, Excel cơ bản",TP. Huế,0960492469,Sẵn sàng đi làm ngay
Ngô Xuân Phong,Khuyết tật ngôn ngữ,"Viết tin nhắn rõ ràng, kiên nhẫn, hiểu sản phẩm","TP. Thủ Dầu Một, Bình Dương",0949727861,Sẵn sàng đi làm ngay
Võ Ngọc Trang,Khuyết tật ngôn ngữ,"MISA, Excel, nghiệp vụ kế toán","TP. Nha Trang, Khánh Hòa",0945703830,Sẵn sàng đi làm ngay
Lê Minh Nam,Khuyết tật ngôn ngữ,"MISA, Excel, nghiệp vụ kế toán","TP. Thủ Dầu Một, Bình Dương",0960984196,Sẵn sàng đi làm ngay
Đặng Đình Nam,Khuyết tật vận động,"Viết tin nhắn rõ ràng, kiên nhẫn, hiểu sản phẩm","TP. Vinh, Nghệ An",0921843840,Sẵn sàng đi làm ngay
Đặng Mỹ Hoa,Đa khuyết tật nhẹ,"Khéo tay, kiên nhẫn, tỉ mỉ","Quận Hai Bà Trưng, Hà Nội",0958566117,Sẵn sàng đi làm ngay
Nguyễn Thu Thảo,Khuyết tật trí tuệ nhẹ,"May công nghiệp, tỉ mỉ, chịu được áp lực dây chuyền",TP. Huế,0995971790,Sẵn sàng đi làm ngay
Đỗ Thị Lan,Khiếm thính,"May công nghiệp, tỉ mỉ, chịu được áp lực dây chuyền","Quận 3, TP.HCM",0963279797,Có thể bắt đầu sau 2 tuần
Nguyễn Ngọc Yến,Khiếm thị,"Tin học văn phòng, kỹ năng sư phạm, kiên nhẫn","Quận 1, TP.HCM",0956794884,Sẵn sàng đi làm ngay
Dương Anh Bảo,"Khuyết tật thần kinh, tâm thần (ổn định)","Viết tin nhắn rõ ràng, kiên nhẫn, hiểu sản phẩm",TP. Đà Nẵng,0971164938,Có thể bắt đầu sau 2 tuần
Huỳnh Quang Đức,Đa khuyết tật nhẹ,"Photoshop, Illustrator, Canva, tư duy thẩm mỹ","Quận Hai Bà Trưng, Hà Nội",0976034666,Có thể bắt đầu sau 2 tuần
Hoàng Mỹ Ngọc,Khuyết tật ngôn ngữ,"Photoshop, Illustrator, Canva, tư duy thẩm mỹ","Quận Tân Bình, TP.HCM",0922252693,Có thể bắt đầu sau 2 tuần
Bùi Minh Kiên,Khuyết tật trí tuệ nhẹ,"May công nghiệp, tỉ mỉ, chịu được áp lực dây chuyền",TP. Huế,0942220998,Có thể bắt đầu sau 2 tuần
Vũ Diệu Vy,Khiếm thính,"Viết tin nhắn rõ ràng, kiên nhẫn, hiểu sản phẩm","Quận Bình Thạnh, TP.HCM",0964716293,Sẵn sàng đi làm ngay
Phan Thu Ngọc,Khiếm thị,"Nghe hiểu tốt, gõ phím nhanh, tập trung",TP. Cần Thơ,0932340031,Có thể bắt đầu sau 2 tuần
Nguyễn Văn Vinh,Khuyết tật trí tuệ nhẹ,"May công nghiệp, tỉ mỉ, chịu được áp lực dây chuyền",TP. Cần Thơ,0998292310,Sẵn sàng đi làm ngay
Trần Thành Hùng,Khuyết tật ngôn ngữ,"Viết tin nhắn rõ ràng, kiên nhẫn, hiểu sản phẩm","Quận 3, TP.HCM",0952899951,Sẵn sàng đi làm ngay
Hoàng Đình Tuấn,Khiếm thính,"MISA, Excel, nghiệp vụ kế toán","TP. Biên Hòa, Đồng Nai",0925373513,Sẵn sàng đi làm ngay
Lý Bích Linh,"Khuyết tật thần kinh, tâm thần (ổn định)","Viết tin nhắn rõ ràng, kiên nhẫn, hiểu sản phẩm","Quận 3, TP.HCM",0941470269,Sẵn sàng đi làm ngay
Đặng Diệu Linh,Khuyết tật trí tuệ nhẹ,"May công nghiệp, tỉ mỉ, chịu được áp lực dây chuyền","TP. Nha Trang, Khánh Hòa",0911726506,Sẵn sàng đi làm ngay
Đặng Quang Sơn,Khiếm thính,"Tin học văn phòng, gõ phím nhanh, cẩn thận, tỉ mỉ","Quận 3, TP.HCM",0984228356,Sẵn sàng đi làm ngay
Dương Thị Hương,Khiếm thính,"Tin học văn phòng, gõ phím nhanh, cẩn thận, tỉ mỉ",TP. Cần Thơ,0980696145,Sẵn sàng đi làm ngay
Trần Đình Bảo,Khiếm thị,"Viết lách, nghiên cứu thông tin, SEO cơ bản",TP. Đà Nẵng,0916787706,Sẵn sàng đi làm ngay
Đỗ Xuân Phong,Khiếm thị,"Xoa bóp bấm huyệt, cảm nhận cơ thể tốt",TP. Đà Nẵng,0967001939,Sẵn sàng đi làm ngay
Lê Bích Hoa,Đa khuyết tật nhẹ,"Khéo tay, kiên nhẫn, tỉ mỉ","TP. Nha Trang, Khánh Hòa",0978698664,Có thể bắt đầu sau 2 tuần
Bùi Kim Lan,Khiếm thính,"Python, SQL, Git, tư duy logic","TP. Thủ Đức, TP.HCM",0956813817,Có thể bắt đầu sau 2 tuần
Ngô Minh Tuấn,Đa khuyết tật nhẹ,"Cẩn thận, làm theo quy trình, sức khỏe ổn định",TP. Cần Thơ,0910502763,Có thể bắt đầu sau 2 tuần
Dương Thị Hoa,"Khuyết tật thần kinh, tâm thần (ổn định)","Viết tin nhắn rõ ràng, kiên nhẫn, hiểu sản phẩm","Quận Bình Thạnh, TP.HCM",0956822059,Sẵn sàng đi làm ngay
Dương Mỹ Linh,Khiếm thị,"Nghe hiểu tốt, gõ phím nhanh, tập trung","Quận 1, TP.HCM",0991156129,Sẵn sàng đi làm ngay
Trần Thị Anh,Khuyết tật ngôn ngữ,"Python, SQL, Git, tư duy logic","TP. Thủ Đức, TP.HCM",0951396067,Sẵn sàng đi làm ngay
Phan Thu Vy,Khuyết tật trí tuệ nhẹ,"May công nghiệp, tỉ mỉ, chịu được áp lực dây chuyền",Làm việc từ xa (Remote toàn quốc),0913863004,Có thể bắt đầu sau 2 tuần
Phan Hữu Khoa,Khiếm thính,"Khéo tay, kiên nhẫn, tỉ mỉ",Làm việc từ xa (Remote toàn quốc),0976469934,Sẵn sàng đi làm ngay
Phan Mỹ Mai,Đa khuyết tật nhẹ,"Photoshop, Illustrator, Canva, tư duy thẩm mỹ","Quận Đống Đa, Hà Nội",0980593774,Có thể bắt đầu sau 2 tuần
Trần Mỹ Vy,"Khuyết tật thần kinh, tâm thần (ổn định)","Xoa bóp bấm huyệt, cảm nhận cơ thể tốt","Quận 1, TP.HCM",0931671468,Sẵn sàng đi làm ngay
Lê Thành Tuấn,Khuyết tật trí tuệ nhẹ,"May công nghiệp, tỉ mỉ, chịu được áp lực dây chuyền","Quận Cầu Giấy, Hà Nội",0979084983,Có thể bắt đầu sau 2 tuần
Vũ Thị Yến,Khuyết tật ngôn ngữ,"Tin học văn phòng, gõ phím nhanh, cẩn thận, tỉ mỉ","Quận Đống Đa, Hà Nội",0953602595,Sẵn sàng đi làm ngay
Vũ Quang Đức,Khuyết tật ngôn ngữ,"MISA, Excel, nghiệp vụ kế toán","Quận 1, TP.HCM",0985913624,Sẵn sàng đi làm ngay
Đặng Xuân Nam,Khiếm thị,"Viết lách, nghiên cứu thông tin, SEO cơ bản","TP. Biên Hòa, Đồng Nai",0968228228,Sẵn sàng đi làm ngay
Phan Quang Khoa,Khuyết tật ngôn ngữ,"Chốt sale qua tin nhắn, quản lý đơn hàng, Excel cơ bản",Làm việc từ xa (Remote toàn quốc),0959574325,Có thể bắt đầu sau 2 tuần
Nguyễn Bích Trang,Khuyết tật ngôn ngữ,"Tin học văn phòng, gõ phím nhanh, cẩn thận, tỉ mỉ","TP. Biên Hòa, Đồng Nai",0926750164,Có thể bắt đầu sau 2 tuần
Vũ Ngọc Ngọc,Khiếm thính,"Khéo tay, kiên nhẫn, tỉ mỉ","TP. Biên Hòa, Đồng Nai",0919391350,Có thể bắt đầu sau 2 tuần
Huỳnh Kim Mai,Khiếm thị,"Viết lách, nghiên cứu thông tin, SEO cơ bản","TP. Nha Trang, Khánh Hòa",0969243865,Sẵn sàng đi làm ngay
Nguyễn Anh Hùng,Khiếm thính,"Viết lách, nghiên cứu thông tin, SEO cơ bản",TP. Huế,0910585564,Có thể bắt đầu sau 2 tuần
Đặng Ngọc Mai,Khiếm thị,"Viết lách, nghiên cứu thông tin, SEO cơ bản",TP. Đà Nẵng,0970022936,Sẵn sàng đi làm ngay
Nguyễn Bích Hoa,Khuyết tật trí tuệ nhẹ,"Khéo tay, kiên nhẫn, tỉ mỉ","TP. Vinh, Nghệ An",0928964413,Sẵn sàng đi làm ngay
Đỗ Thu Vy,Khiếm thính,"Photoshop, Illustrator, Canva, tư duy thẩm mỹ","Quận Tân Bình, TP.HCM",0911770702,Sẵn sàng đi làm ngay
Vũ Văn Phong,Khuyết tật ngôn ngữ,"Viết tin nhắn rõ ràng, kiên nhẫn, hiểu sản phẩm","Quận 3, TP.HCM",0998794105,Sẵn sàng đi làm ngay
Lê Quang Phong,Khuyết tật vận động,"Python, SQL, Git, tư duy logic","Quận Cầu Giấy, Hà Nội",0991165232,Sẵn sàng đi làm ngay
Phan Văn Hùng,Khiếm thính,"Ngôn ngữ ký hiệu, biên tập video cơ bản","Quận 1, TP.HCM",0976904158,Sẵn sàng đi làm ngay
Ngô Thành Kiên,Khiếm thính,"Python, SQL, Git, tư duy logic",TP. Đà Nẵng,0966837790,Sẵn sàng đi làm ngay
Huỳnh Minh Hùng,"Khuyết tật thần kinh, tâm thần (ổn định)","Tin học văn phòng, kỹ năng sư phạm, kiên nhẫn","TP. Vinh, Nghệ An",0953839745,Sẵn sàng đi làm ngay
Ngô Thu Trang,Đa khuyết tật nhẹ,"Cẩn thận, làm theo quy trình, sức khỏe ổn định","Quận Bình Thạnh, TP.HCM",0962482924,Có thể bắt đầu sau 2 tuần
Bùi Mỹ Trang,Khuyết tật ngôn ngữ,"Python, SQL, Git, tư duy logic",TP. Huế,0916670580,Có thể bắt đầu sau 2 tuần
Huỳnh Thu Nga,Khuyết tật ngôn ngữ,"Viết tin nhắn rõ ràng, kiên nhẫn, hiểu sản phẩm","Quận Đống Đa, Hà Nội",0939376208,Sẵn sàng đi làm ngay
Phan Kim Mai,"Khuyết tật thần kinh, tâm thần (ổn định)","Photoshop, Illustrator, Canva, tư duy thẩm mỹ",TP. Đà Nẵng,0998940721,Có thể bắt đầu sau 2 tuần
Bùi Thu Mai,Khuyết tật vận động,"MISA, Excel, nghiệp vụ kế toán","Quận Đống Đa, Hà Nội",0936615260,Có thể bắt đầu sau 2 tuần
Bùi Thu Vy,Khuyết tật ngôn ngữ,"MISA, Excel, nghiệp vụ kế toán","Quận Hai Bà Trưng, Hà Nội",0983421474,Có thể bắt đầu sau 2 tuần
Dương Thành Phong,"Khuyết tật thần kinh, tâm thần (ổn định)","Python, SQL, Git, tư duy logic",TP. Huế,0950226871,Sẵn sàng đi làm ngay
Dương Mỹ Thảo,Khiếm thị,"Nghe hiểu tốt, gõ phím nhanh, tập trung","Quận 1, TP.HCM",0958978544,Sẵn sàng đi làm ngay
Phạm Thành Bảo,Khiếm thính,"MISA, Excel, nghiệp vụ kế toán",TP. Cần Thơ,0985276371,Sẵn sàng đi làm ngay
Hoàng Thành Bảo,Đa khuyết tật nhẹ,"Cẩn thận, làm theo quy trình, sức khỏe ổn định",TP. Đà Nẵng,0955260429,Có thể bắt đầu sau 2 tuần
Ngô Thu Nga,Khiếm thính,"May công nghiệp, tỉ mỉ, chịu được áp lực dây chuyền","Quận 1, TP.HCM",0917995804,Sẵn sàng đi làm ngay
Võ Xuân Nam,"Khuyết tật thần kinh, tâm thần (ổn định)","Tin học văn phòng, gõ phím nhanh, cẩn thận, tỉ mỉ","Quận Cầu Giấy, Hà Nội",0911099317,Sẵn sàng đi làm ngay
Lý Kim Linh,Khiếm thị,"Viết lách, nghiên cứu thông tin, SEO cơ bản","Quận Cầu Giấy, Hà Nội",0986120854,Sẵn sàng đi làm ngay
Lý Ngọc Ngọc,Khuyết tật trí tuệ nhẹ,"Cẩn thận, làm theo quy trình, sức khỏe ổn định","Quận Hai Bà Trưng, Hà Nội",0952242651,Sẵn sàng đi làm ngay
Phạm Thị Lan,Đa khuyết tật nhẹ,"Khéo tay, kiên nhẫn, tỉ mỉ","Quận 1, TP.HCM",0966600975,Sẵn sàng đi làm ngay
Huỳnh Đình Vinh,Khuyết tật ngôn ngữ,"Python, SQL, Git, tư duy logic","Quận Tân Bình, TP.HCM",0995365934,Sẵn sàng đi làm ngay
Võ Quang Đức,Khuyết tật vận động,"Tin học văn phòng, gõ phím nhanh, cẩn thận, tỉ mỉ","Quận Cầu Giấy, Hà Nội",0940464181,Có thể bắt đầu sau 2 tuần
Ngô Bích Vy,Khiếm thị,"Tin học văn phòng, kỹ năng sư phạm, kiên nhẫn",TP. Đà Nẵng,0941211039,Có thể bắt đầu sau 2 tuần
Phạm Hữu Sơn,Đa khuyết tật nhẹ,"Khéo tay, kiên nhẫn, tỉ mỉ","TP. Biên Hòa, Đồng Nai",0929090624,Sẵn sàng đi làm ngay
Hoàng Ngọc Yến,Khuyết tật vận động,"Tin học văn phòng, kỹ năng sư phạm, kiên nhẫn","Quận 1, TP.HCM",0958045883,Sẵn sàng đi làm ngay
Võ Thành Nam,Khuyết tật trí tuệ nhẹ,"Khéo tay, kiên nhẫn, tỉ mỉ","TP. Thủ Đức, TP.HCM",0999635689,Sẵn sàng đi làm ngay
Vũ Quang Khoa,"Khuyết tật thần kinh, tâm thần (ổn định)","Tin học văn phòng, gõ phím nhanh, cẩn thận, tỉ mỉ","TP. Thủ Dầu Một, Bình Dương",0956989269,Sẵn sàng đi làm ngay
Bùi Thị Ngọc,Khuyết tật vận động,"Photoshop, Illustrator, Canva, tư duy thẩm mỹ",TP. Đà Nẵng,0993994747,Sẵn sàng đi làm ngay
Trần Minh Đức,Khiếm thị,"Viết lách, nghiên cứu thông tin, SEO cơ bản","Quận Tân Bình, TP.HCM",0957980037,Sẵn sàng đi làm ngay
Đỗ Thành Nam,"Khuyết tật thần kinh, tâm thần (ổn định)","Viết tin nhắn rõ ràng, kiên nhẫn, hiểu sản phẩm","TP. Vinh, Nghệ An",0973606627,Sẵn sàng đi làm ngay
Vũ Xuân Long,Đa khuyết tật nhẹ,"Photoshop, Illustrator, Canva, tư duy thẩm mỹ",TP. Huế,0961710231,Sẵn sàng đi làm ngay
Bùi Xuân Đức,Đa khuyết tật nhẹ,"Photoshop, Illustrator, Canva, tư duy thẩm mỹ","Quận Bình Thạnh, TP.HCM",0966798044,Có thể bắt đầu sau 2 tuần
Ngô Hữu Nam,Đa khuyết tật nhẹ,"Cẩn thận, làm theo quy trình, sức khỏe ổn định","Quận Cầu Giấy, Hà Nội",0966950588,Sẵn sàng đi làm ngay
Võ Bích Thảo,Khuyết tật vận động,"MISA, Excel, nghiệp vụ kế toán","Quận Tân Bình, TP.HCM",0962647572,Sẵn sàng đi làm ngay
Phan Thị Ngọc,Khuyết tật ngôn ngữ,"Viết lách, nghiên cứu thông tin, SEO cơ bản","Quận 3, TP.HCM",0967913253,Sẵn sàng đi làm ngay
Trần Xuân Hùng,Đa khuyết tật nhẹ,"Photoshop, Illustrator, Canva, tư duy thẩm mỹ","TP. Biên Hòa, Đồng Nai",0951710127,Sẵn sàng đi làm ngay
Lý Bích Anh,"Khuyết tật thần kinh, tâm thần (ổn định)","Xoa bóp bấm huyệt, cảm nhận cơ thể tốt","TP. Thủ Đức, TP.HCM",0966206761,Sẵn sàng đi làm ngay
Lê Ngọc Trang,"Khuyết tật thần kinh, tâm thần (ổn định)","Tin học văn phòng, kỹ năng sư phạm, kiên nhẫn","Quận Tân Bình, TP.HCM",0940756225,Có thể bắt đầu sau 2 tuần
Hoàng Diệu Lan,Khuyết tật ngôn ngữ,"Viết lách, nghiên cứu thông tin, SEO cơ bản","Quận 3, TP.HCM",0998257644,Sẵn sàng đi làm ngay
Huỳnh Ngọc Yến,Khiếm thị,"Xoa bóp bấm huyệt, cảm nhận cơ thể tốt","TP. Thủ Đức, TP.HCM",0949967346,Sẵn sàng đi làm ngay
Võ Quang Sơn,Đa khuyết tật nhẹ,"Cẩn thận, làm theo quy trình, sức khỏe ổn định","TP. Thủ Đức, TP.HCM",0943060041,Sẵn sàng đi làm ngay
Vũ Đình Bảo,Khuyết tật trí tuệ nhẹ,"Khéo tay, kiên nhẫn, tỉ mỉ","TP. Thủ Dầu Một, Bình Dương",0991823674,Sẵn sàng đi làm ngay
Đặng Minh Kiên,"Khuyết tật thần kinh, tâm thần (ổn định)","Xoa bóp bấm huyệt, cảm nhận cơ thể tốt",TP. Cần Thơ,0944730286,Sẵn sàng đi làm ngay
Bùi Thành Bảo,Khiếm thính,"MISA, Excel, nghiệp vụ kế toán","Quận Đống Đa, Hà Nội",0959997735,Sẵn sàng đi làm ngay
Bùi Ngọc Vy,Đa khuyết tật nhẹ,"Photoshop, Illustrator, Canva, tư duy thẩm mỹ","Quận 3, TP.HCM",0988551698,Sẵn sàng đi làm ngay
Huỳnh Đình Kiên,Khiếm thính,"Ngôn ngữ ký hiệu, biên tập video cơ bản","Quận Tân Bình, TP.HCM",0988456512,Sẵn sàng đi làm ngay
Đặng Anh Sơn,"Khuyết tật thần kinh, tâm thần (ổn định)","Ngôn ngữ ký hiệu, biên tập video cơ bản","TP. Vinh, Nghệ An",0970654935,Sẵn sàng đi làm ngay
Lê Thị Anh,Khiếm thị,"Xoa bóp bấm huyệt, cảm nhận cơ thể tốt",TP. Huế,0917190740,Có thể bắt đầu sau 2 tuần
Lê Quang Phong,Khuyết tật trí tuệ nhẹ,"May công nghiệp, tỉ mỉ, chịu được áp lực dây chuyền","TP. Thủ Đức, TP.HCM",0986128309,Có thể bắt đầu sau 2 tuần
Phạm Mỹ Thảo,Đa khuyết tật nhẹ,"Khéo tay, kiên nhẫn, tỉ mỉ","TP. Vinh, Nghệ An",0925288519,Có thể bắt đầu sau 2 tuần
Vũ Minh Đức,Khuyết tật vận động,"Python, SQL, Git, tư duy logic","TP. Vinh, Nghệ An",0989840335,Có thể bắt đầu sau 2 tuần
Huỳnh Thị Trang,Đa khuyết tật nhẹ,"Cẩn thận, làm theo quy trình, sức khỏe ổn định","Quận Bình Thạnh, TP.HCM",0946797675,Sẵn sàng đi làm ngay
Lê Mỹ Anh,Khiếm thính,"Python, SQL, Git, tư duy logic","Quận 1, TP.HCM",0979892950,Sẵn sàng đi làm ngay
Đỗ Bích Nga,Khuyết tật trí tuệ nhẹ,"Giao tiếp tốt, giọng nói rõ, xử lý tình huống","Quận Đống Đa, Hà Nội",0917420927,Sẵn sàng đi làm ngay
Vũ Thị Linh,Khuyết tật vận động,"MISA, Excel, nghiệp vụ kế toán","TP. Nha Trang, Khánh Hòa",0997050130,Có thể bắt đầu sau 2 tuần
Hoàng Xuân Kiên,Khuyết tật vận động,"Tin học văn phòng, gõ phím nhanh, cẩn thận, tỉ mỉ","Quận Đống Đa, Hà Nội",0956705847,Sẵn sàng đi làm ngay
Phạm Kim Mai,Khiếm thính,"MISA, Excel, nghiệp vụ kế toán","TP. Thủ Đức, TP.HCM",0922919566,Sẵn sàng đi làm ngay
Lê Anh Sơn,Khiếm thị,"Nghe hiểu tốt, gõ phím nhanh, tập trung","TP. Vinh, Nghệ An",0942706763,Sẵn sàng đi làm ngay
Võ Đình Hùng,Khuyết tật trí tuệ nhẹ,"Giao tiếp tốt, giọng nói rõ, xử lý tình huống","Quận Tân Bình, TP.HCM",0923225823,Sẵn sàng đi làm ngay
Huỳnh Ngọc Hoa,"Khuyết tật thần kinh, tâm thần (ổn định)","May công nghiệp, tỉ mỉ, chịu được áp lực dây chuyền","Quận Cầu Giấy, Hà Nội",0983843003,Có thể bắt đầu sau 2 tuần
Lý Mỹ Mai,"Khuyết tật thần kinh, tâm thần (ổn định)","MISA, Excel, nghiệp vụ kế toán","Quận Bình Thạnh, TP.HCM",0926315303,Có thể bắt đầu sau 2 tuần
Phan Ngọc Mai,"Khuyết tật thần kinh, tâm thần (ổn định)","Nghe hiểu tốt, gõ phím nhanh, tập trung","Quận Hai Bà Trưng, Hà Nội",0985878688,Sẵn sàng đi làm ngay
Phạm Kim Hoa,"Khuyết tật thần kinh, tâm thần (ổn định)","Photoshop, Illustrator, Canva, tư duy thẩm mỹ",Làm việc từ xa (Remote toàn quốc),0972526218,Có thể bắt đầu sau 2 tuần
Bùi Xuân Nam,Khuyết tật ngôn ngữ,"MISA, Excel, nghiệp vụ kế toán",TP. Cần Thơ,0916197232,Sẵn sàng đi làm ngay
Hoàng Thị Hoa,Khuyết tật vận động,"Python, SQL, Git, tư duy logic","Quận Bình Thạnh, TP.HCM",0973604328,Có thể bắt đầu sau 2 tuần
Phạm Anh Hùng,Khuyết tật trí tuệ nhẹ,"Giao tiếp tốt, giọng nói rõ, xử lý tình huống",TP. Huế,0997806679,Sẵn sàng đi làm ngay
Trần Xuân Hùng,Đa khuyết tật nhẹ,"Cẩn thận, làm theo quy trình, sức khỏe ổn định","TP. Biên Hòa, Đồng Nai",0981012764,Sẵn sàng đi làm ngay
Đặng Minh Đức,Đa khuyết tật nhẹ,"Photoshop, Illustrator, Canva, tư duy thẩm mỹ","Quận Bình Thạnh, TP.HCM",0944835098,Có thể bắt đầu sau 2 tuần
Đặng Anh Phong,Khuyết tật trí tuệ nhẹ,"Cẩn thận, làm theo quy trình, sức khỏe ổn định","TP. Thủ Đức, TP.HCM",0925419427,Sẵn sàng đi làm ngay
Trần Xuân Vinh,Khuyết tật trí tuệ nhẹ,"Cẩn thận, làm theo quy trình, sức khỏe ổn định",Làm việc từ xa (Remote toàn quốc),0925613416,Sẵn sàng đi làm ngay
Ngô Thành Hải,"Khuyết tật thần kinh, tâm thần (ổn định)","May công nghiệp, tỉ mỉ, chịu được áp lực dây chuyền",TP. Huế,0988470973,Sẵn sàng đi làm ngay
Ngô Diệu Thảo,Khiếm thính,"Python, SQL, Git, tư duy logic","TP. Nha Trang, Khánh Hòa",0983001397,Sẵn sàng đi làm ngay
Vũ Hữu Hải,Khiếm thính,"May công nghiệp, tỉ mỉ, chịu được áp lực dây chuyền","TP. Thủ Dầu Một, Bình Dương",0983077607,Có thể bắt đầu sau 2 tuần
Dương Ngọc Anh,Khuyết tật ngôn ngữ,"Viết tin nhắn rõ ràng, kiên nhẫn, hiểu sản phẩm",TP. Cần Thơ,0928762277,Sẵn sàng đi làm ngay
Bùi Hữu Long,"Khuyết tật thần kinh, tâm thần (ổn định)","Ngôn ngữ ký hiệu, biên tập video cơ bản",TP. Cần Thơ,0949878686,Có thể bắt đầu sau 2 tuần
Phan Quang Hùng,Khuyết tật trí tuệ nhẹ,"May công nghiệp, tỉ mỉ, chịu được áp lực dây chuyền",Làm việc từ xa (Remote toàn quốc),0949843453,Có thể bắt đầu sau 2 tuần
Phan Bích Trang,Khiếm thính,"Photoshop, Illustrator, Canva, tư duy thẩm mỹ","TP. Vinh, Nghệ An",0933369425,Sẵn sàng đi làm ngay
Hoàng Thị Ngọc,Khiếm thính,"May công nghiệp, tỉ mỉ, chịu được áp lực dây chuyền","Quận Cầu Giấy, Hà Nội",0963255195,Có thể bắt đầu sau 2 tuần
Lý Thu Thảo,"Khuyết tật thần kinh, tâm thần (ổn định)","Nghe hiểu tốt, gõ phím nhanh, tập trung","Quận Đống Đa, Hà Nội",0913652487,Có thể bắt đầu sau 2 tuần
Võ Mỹ Ngọc,Khuyết tật trí tuệ nhẹ,"Khéo tay, kiên nhẫn, tỉ mỉ","TP. Nha Trang, Khánh Hòa",0978520004,Có thể bắt đầu sau 2 tuần
Võ Ngọc Hoa,Khiếm thính,"Viết tin nhắn rõ ràng, kiên nhẫn, hiểu sản phẩm","TP. Nha Trang, Khánh Hòa",0913799276,Sẵn sàng đi làm ngay
Phan Bích Lan,Khiếm thị,"Tin học văn phòng, kỹ năng sư phạm, kiên nhẫn","Quận Hai Bà Trưng, Hà Nội",0956240074,Sẵn sàng đi làm ngay
Bùi Mỹ Hoa,Khiếm thị,"Nghe hiểu tốt, gõ phím nhanh, tập trung","Quận Tân Bình, TP.HCM",0961445893,Sẵn sàng đi làm ngay
Nguyễn Thị Yến,Khiếm thị,"Viết lách, nghiên cứu thông tin, SEO cơ bản","Quận Bình Thạnh, TP.HCM",0929482232,Sẵn sàng đi làm ngay
Lê Đình Long,Khiếm thính,"MISA, Excel, nghiệp vụ kế toán","TP. Vinh, Nghệ An",0974399577,Sẵn sàng đi làm ngay
Võ Thành Kiên,Khiếm thị,"Xoa bóp bấm huyệt, cảm nhận cơ thể tốt","Quận Bình Thạnh, TP.HCM",0917171026,Có thể bắt đầu sau 2 tuần
Võ Diệu Anh,Khuyết tật trí tuệ nhẹ,"Khéo tay, kiên nhẫn, tỉ mỉ","TP. Vinh, Nghệ An",0979879085,Sẵn sàng đi làm ngay
Lý Xuân Bảo,Đa khuyết tật nhẹ,"Cẩn thận, làm theo quy trình, sức khỏe ổn định",Làm việc từ xa (Remote toàn quốc),0990566532,Sẵn sàng đi làm ngay
Vũ Minh Khoa,Khiếm thị,"Nghe hiểu tốt, gõ phím nhanh, tập trung","Quận Tân Bình, TP.HCM",0964924440,Có thể bắt đầu sau 2 tuần
Võ Bích Lan,Khuyết tật trí tuệ nhẹ,"Khéo tay, kiên nhẫn, tỉ mỉ","Quận Tân Bình, TP.HCM",0911263412,Sẵn sàng đi làm ngay
Phan Thị Yến,Khuyết tật trí tuệ nhẹ,"May công nghiệp, tỉ mỉ, chịu được áp lực dây chuyền","TP. Biên Hòa, Đồng Nai",0936859149,Có thể bắt đầu sau 2 tuần
Dương Đình Vinh,Khiếm thị,"Tin học văn phòng, kỹ năng sư phạm, kiên nhẫn","TP. Thủ Dầu Một, Bình Dương",0965622207,Sẵn sàng đi làm ngay
Phạm Hữu Sơn,Khuyết tật ngôn ngữ,"Python, SQL, Git, tư duy logic",TP. Huế,0987035437,Có thể bắt đầu sau 2 tuần
Võ Ngọc Anh,Khiếm thị,"Xoa bóp bấm huyệt, cảm nhận cơ thể tốt","TP. Nha Trang, Khánh Hòa",0916356704,Sẵn sàng đi làm ngay
Trần Xuân Đức,Khiếm thị,"Xoa bóp bấm huyệt, cảm nhận cơ thể tốt",Làm việc từ xa (Remote toàn quốc),0935303414,Có thể bắt đầu sau 2 tuần
Phan Quang Phong,"Khuyết tật thần kinh, tâm thần (ổn định)","Python, SQL, Git, tư duy logic","Quận Tân Bình, TP.HCM",0926177844,Có thể bắt đầu sau 2 tuần
Đặng Thu Trang,Khiếm thị,"Xoa bóp bấm huyệt, cảm nhận cơ thể tốt",Làm việc từ xa (Remote toàn quốc),0987630956,Sẵn sàng đi làm ngay
Đỗ Thị Linh,Đa khuyết tật nhẹ,"Photoshop, Illustrator, Canva, tư duy thẩm mỹ",TP. Cần Thơ,0973917384,Sẵn sàng đi làm ngay
Huỳnh Thu Mai,Khuyết tật ngôn ngữ,"Python, SQL, Git, tư duy logic",TP. Cần Thơ,0940186567,Sẵn sàng đi làm ngay
Lê Minh Vinh,Khuyết tật trí tuệ nhẹ,"May công nghiệp, tỉ mỉ, chịu được áp lực dây chuyền","Quận Tân Bình, TP.HCM",0939236279,Sẵn sàng đi làm ngay
Ngô Thu Lan,Khiếm thị,"Nghe hiểu tốt, gõ phím nhanh, tập trung","TP. Biên Hòa, Đồng Nai",0968780031,Có thể bắt đầu sau 2 tuần
Huỳnh Thị Vy,Khiếm thính,"Chốt sale qua tin nhắn, quản lý đơn hàng, Excel cơ bản","Quận Cầu Giấy, Hà Nội",0944099461,Có thể bắt đầu sau 2 tuần
Lý Diệu Anh,Đa khuyết tật nhẹ,"Khéo tay, kiên nhẫn, tỉ mỉ","Quận Cầu Giấy, Hà Nội",0934454088,Có thể bắt đầu sau 2 tuần
Đỗ Ngọc Ngọc,Khuyết tật trí tuệ nhẹ,"Giao tiếp tốt, giọng nói rõ, xử lý tình huống","Quận Tân Bình, TP.HCM",0990293626,Sẵn sàng đi làm ngay
Đỗ Thu Nga,Khuyết tật vận động,"Photoshop, Illustrator, Canva, tư duy thẩm mỹ","Quận Đống Đa, Hà Nội",0941373954,Sẵn sàng đi làm ngay
Đặng Xuân Bảo,Khuyết tật trí tuệ nhẹ,"May công nghiệp, tỉ mỉ, chịu được áp lực dây chuyền","Quận 3, TP.HCM",0963679416,Sẵn sàng đi làm ngay
Bùi Bích Vy,"Khuyết tật thần kinh, tâm thần (ổn định)","Xoa bóp bấm huyệt, cảm nhận cơ thể tốt","Quận 3, TP.HCM",0951051008,Sẵn sàng đi làm ngay
Lê Bích Hoa,Đa khuyết tật nhẹ,"Cẩn thận, làm theo quy trình, sức khỏe ổn định","TP. Vinh, Nghệ An",0985484499,Có thể bắt đầu sau 2 tuần
Đỗ Xuân Kiên,Khuyết tật ngôn ngữ,"Viết lách, nghiên cứu thông tin, SEO cơ bản","Quận Cầu Giấy, Hà Nội",0935257425,Sẵn sàng đi làm ngay
Phan Thị Linh,Đa khuyết tật nhẹ,"Photoshop, Illustrator, Canva, tư duy thẩm mỹ",TP. Huế,0938963196,Có thể bắt đầu sau 2 tuần
Vũ Đình Sơn,Khuyết tật trí tuệ nhẹ,"May công nghiệp, tỉ mỉ, chịu được áp lực dây chuyền",TP. Huế,0974266373,Sẵn sàng đi làm ngay
Đỗ Thu Hương,"Khuyết tật thần kinh, tâm thần (ổn định)","Giao tiếp tốt, giọng nói rõ, xử lý tình huống","Quận 1, TP.HCM",0997302759,Sẵn sàng đi làm ngay
Đỗ Diệu Anh,Khiếm thị,"Viết lách, nghiên cứu thông tin, SEO cơ bản","Quận Tân Bình, TP.HCM",0940807548,Có thể bắt đầu sau 2 tuần
Lê Mỹ Nga,Khiếm thính,"Khéo tay, kiên nhẫn, tỉ mỉ","Quận Hai Bà Trưng, Hà Nội",0951411691,Có thể bắt đầu sau 2 tuần
Bùi Thu Trang,Khiếm thính,"MISA, Excel, nghiệp vụ kế toán","Quận Tân Bình, TP.HCM",0932574870,Sẵn sàng đi làm ngay
Lê Bích Hoa,Khuyết tật ngôn ngữ,"Chốt sale qua tin nhắn, quản lý đơn hàng, Excel cơ bản",TP. Đà Nẵng,0931118074,Sẵn sàng đi làm ngay
Đỗ Mỹ Yến,Khiếm thị,"Viết lách, nghiên cứu thông tin, SEO cơ bản","Quận 1, TP.HCM",0957115426,Có thể bắt đầu sau 2 tuần
Bùi Anh Phong,Khiếm thính,"Photoshop, Illustrator, Canva, tư duy thẩm mỹ",TP. Huế,0946770884,Sẵn sàng đi làm ngay
Trần Anh Hải,Đa khuyết tật nhẹ,"Cẩn thận, làm theo quy trình, sức khỏe ổn định",TP. Cần Thơ,0993348828,Sẵn sàng đi làm ngay
Vũ Minh Kiên,"Khuyết tật thần kinh, tâm thần (ổn định)","Photoshop, Illustrator, Canva, tư duy thẩm mỹ","Quận Đống Đa, Hà Nội",0928016734,Sẵn sàng đi làm ngay
Võ Ngọc Yến,Khuyết tật vận động,"Photoshop, Illustrator, Canva, tư duy thẩm mỹ","Quận 3, TP.HCM",0920213068,Sẵn sàng đi làm ngay
Bùi Thành Đức,Đa khuyết tật nhẹ,"Photoshop, Illustrator, Canva, tư duy thẩm mỹ","Quận 1, TP.HCM",0992745618,Sẵn sàng đi làm ngay
Nguyễn Ngọc Linh,"Khuyết tật thần kinh, tâm thần (ổn định)","Khéo tay, kiên nhẫn, tỉ mỉ","Quận Cầu Giấy, Hà Nội",0974462748,Sẵn sàng đi làm ngay
Đặng Đình Bảo,Khuyết tật trí tuệ nhẹ,"Cẩn thận, làm theo quy trình, sức khỏe ổn định",TP. Huế,0956570076,Sẵn sàng đi làm ngay
Đặng Hữu Kiên,Khuyết tật ngôn ngữ,"Viết tin nhắn rõ ràng, kiên nhẫn, hiểu sản phẩm","Quận Bình Thạnh, TP.HCM",0982714596,Có thể bắt đầu sau 2 tuần
Ngô Ngọc Trang,Khiếm thị,"Xoa bóp bấm huyệt, cảm nhận cơ thể tốt","Quận Hai Bà Trưng, Hà Nội",0997738800,Sẵn sàng đi làm ngay
Phan Đình Khoa,Khiếm thị,"Viết lách, nghiên cứu thông tin, SEO cơ bản","Quận 1, TP.HCM",0935208863,Sẵn sàng đi làm ngay
Bùi Kim Linh,Khiếm thị,"Nghe hiểu tốt, gõ phím nhanh, tập trung",TP. Cần Thơ,0941961265,Sẵn sàng đi làm ngay
Đỗ Mỹ Ngọc,Khuyết tật trí tuệ nhẹ,"Khéo tay, kiên nhẫn, tỉ mỉ","Quận Tân Bình, TP.HCM",0944145233,Có thể bắt đầu sau 2 tuần
Ngô Minh Hải,Khuyết tật ngôn ngữ,"Viết tin nhắn rõ ràng, kiên nhẫn, hiểu sản phẩm","TP. Thủ Dầu Một, Bình Dương",0985433047,Sẵn sàng đi làm ngay
Huỳnh Minh Hải,Khuyết tật ngôn ngữ,"Photoshop, Illustrator, Canva, tư duy thẩm mỹ","TP. Biên Hòa, Đồng Nai",0955637492,Có thể bắt đầu sau 2 tuần
Lê Diệu Mai,Khiếm thính,"Chốt sale qua tin nhắn, quản lý đơn hàng, Excel cơ bản","TP. Thủ Dầu Một, Bình Dương",0995040563,Có thể bắt đầu sau 2 tuần
Đặng Xuân Kiên,Khuyết tật ngôn ngữ,"Chốt sale qua tin nhắn, quản lý đơn hàng, Excel cơ bản","TP. Thủ Dầu Một, Bình Dương",0911108200,Sẵn sàng đi làm ngay
Huỳnh Hữu Tuấn,Khuyết tật trí tuệ nhẹ,"Cẩn thận, làm theo quy trình, sức khỏe ổn định",TP. Cần Thơ,0964339067,Sẵn sàng đi làm ngay
Ngô Ngọc Hoa,Khuyết tật vận động,"Khéo tay, kiên nhẫn, tỉ mỉ","Quận Tân Bình, TP.HCM",0915051362,Có thể bắt đầu sau 2 tuần
Hoàng Xuân Hải,Đa khuyết tật nhẹ,"Cẩn thận, làm theo quy trình, sức khỏe ổn định","TP. Biên Hòa, Đồng Nai",0946879231,Có thể bắt đầu sau 2 tuần
Bùi Thành Phong,"Khuyết tật thần kinh, tâm thần (ổn định)","MISA, Excel, nghiệp vụ kế toán","TP. Nha Trang, Khánh Hòa",0970394471,Sẵn sàng đi làm ngay
Vũ Hữu Tuấn,Khuyết tật ngôn ngữ,"Viết lách, nghiên cứu thông tin, SEO cơ bản",TP. Đà Nẵng,0996231907,Sẵn sàng đi làm ngay
Trần Kim Thảo,Đa khuyết tật nhẹ,"Khéo tay, kiên nhẫn, tỉ mỉ","Quận 3, TP.HCM",0921010615,Sẵn sàng đi làm ngay
Ngô Bích Thảo,Đa khuyết tật nhẹ,"Photoshop, Illustrator, Canva, tư duy thẩm mỹ",TP. Đà Nẵng,0923774635,Sẵn sàng đi làm ngay
Phan Thị Vy,Khuyết tật trí tuệ nhẹ,"Khéo tay, kiên nhẫn, tỉ mỉ",TP. Huế,0955460417,Sẵn sàng đi làm ngay
Nguyễn Mỹ Thảo,"Khuyết tật thần kinh, tâm thần (ổn định)","May công nghiệp, tỉ mỉ, chịu được áp lực dây chuyền",TP. Huế,0998877150,Sẵn sàng đi làm ngay
Phạm Quang Đức,Khuyết tật ngôn ngữ,"MISA, Excel, nghiệp vụ kế toán","Quận Cầu Giấy, Hà Nội",0991966264,Có thể bắt đầu sau 2 tuần
Lý Thu Nga,Khuyết tật trí tuệ nhẹ,"Khéo tay, kiên nhẫn, tỉ mỉ","Quận 1, TP.HCM",0912233227,Sẵn sàng đi làm ngay
Dương Diệu Linh,Đa khuyết tật nhẹ,"Khéo tay, kiên nhẫn, tỉ mỉ",TP. Huế,0975024805,Sẵn sàng đi làm ngay
Lý Thành Sơn,Khiếm thính,"Python, SQL, Git, tư duy logic",TP. Đà Nẵng,0973300954,Có thể bắt đầu sau 2 tuần
Lý Xuân Sơn,Khuyết tật ngôn ngữ,"Viết lách, nghiên cứu thông tin, SEO cơ bản","Quận Cầu Giấy, Hà Nội",0950354266,Có thể bắt đầu sau 2 tuần
Nguyễn Bích Linh,Đa khuyết tật nhẹ,"Photoshop, Illustrator, Canva, tư duy thẩm mỹ","TP. Biên Hòa, Đồng Nai",0982332254,Sẵn sàng đi làm ngay
Đỗ Thành Long,"Khuyết tật thần kinh, tâm thần (ổn định)","Viết lách, nghiên cứu thông tin, SEO cơ bản",TP. Huế,0979009687,Có thể bắt đầu sau 2 tuần
Ngô Kim Vy,Khiếm thính,"Ngôn ngữ ký hiệu, biên tập video cơ bản",TP. Huế,0948590563,Sẵn sàng đi làm ngay
Dương Thị Vy,Đa khuyết tật nhẹ,"Cẩn thận, làm theo quy trình, sức khỏe ổn định",TP. Huế,0961722494,Sẵn sàng đi làm ngay
Nguyễn Thị Hoa,Khuyết tật ngôn ngữ,"Python, SQL, Git, tư duy logic","Quận Hai Bà Trưng, Hà Nội",0920665796,Có thể bắt đầu sau 2 tuần
Đặng Quang Hùng,Khiếm thị,"Tin học văn phòng, kỹ năng sư phạm, kiên nhẫn","TP. Nha Trang, Khánh Hòa",0949452747,Sẵn sàng đi làm ngay
Lê Bích Thảo,Khuyết tật ngôn ngữ,"Chốt sale qua tin nhắn, quản lý đơn hàng, Excel cơ bản","TP. Thủ Dầu Một, Bình Dương",0971695387,Sẵn sàng đi làm ngay
Lý Anh Phong,Khuyết tật trí tuệ nhẹ,"Cẩn thận, làm theo quy trình, sức khỏe ổn định","Quận 3, TP.HCM",0929687189,Sẵn sàng đi làm ngay
Hoàng Minh Hải,Khiếm thị,"Tin học văn phòng, kỹ năng sư phạm, kiên nhẫn","Quận Đống Đa, Hà Nội",0994405237,Sẵn sàng đi làm ngay
Phạm Hữu Kiên,Khuyết tật trí tuệ nhẹ,"Cẩn thận, làm theo quy trình, sức khỏe ổn định","Quận Hai Bà Trưng, Hà Nội",0930205031,Sẵn sàng đi làm ngay
Trần Văn Tuấn,Khuyết tật vận động,"Khéo tay, kiên nhẫn, tỉ mỉ",TP. Huế,0939506538,Có thể bắt đầu sau 2 tuần
Dương Xuân Phong,Khuyết tật trí tuệ nhẹ,"Khéo tay, kiên nhẫn, tỉ mỉ",TP. Đà Nẵng,0933227630,Sẵn sàng đi làm ngay
Phan Anh Vinh,Khiếm thị,"Tin học văn phòng, kỹ năng sư phạm, kiên nhẫn","Quận Hai Bà Trưng, Hà Nội",0915521737,Sẵn sàng đi làm ngay
Dương Xuân Đức,Khuyết tật ngôn ngữ,"Viết lách, nghiên cứu thông tin, SEO cơ bản",Làm việc từ xa (Remote toàn quốc),0992312475,Sẵn sàng đi làm ngay
Hoàng Bích Nga,Khuyết tật vận động,"Chốt sale qua tin nhắn, quản lý đơn hàng, Excel cơ bản","Quận Hai Bà Trưng, Hà Nội",0928567321,Sẵn sàng đi làm ngay
Đỗ Minh Hùng,Đa khuyết tật nhẹ,"Photoshop, Illustrator, Canva, tư duy thẩm mỹ","TP. Vinh, Nghệ An",0942215762,Sẵn sàng đi làm ngay
Hoàng Đình Hùng,Khuyết tật trí tuệ nhẹ,"Cẩn thận, làm theo quy trình, sức khỏe ổn định",Làm việc từ xa (Remote toàn quốc),0974426988,Sẵn sàng đi làm ngay
Đặng Quang Long,Khuyết tật vận động,"Photoshop, Illustrator, Canva, tư duy thẩm mỹ",TP. Cần Thơ,0921846980,Sẵn sàng đi làm ngay
Bùi Thị Ngọc,Đa khuyết tật nhẹ,"Khéo tay, kiên nhẫn, tỉ mỉ","Quận Đống Đa, Hà Nội",0988968417,Sẵn sàng đi làm ngay
Đặng Bích Hoa,Khiếm thính,"Ngôn ngữ ký hiệu, biên tập video cơ bản","Quận 3, TP.HCM",0964900578,Sẵn sàng đi làm ngay
Phạm Bích Trang,Khuyết tật vận động,"MISA, Excel, nghiệp vụ kế toán","TP. Thủ Đức, TP.HCM",0956091075,Sẵn sàng đi làm ngay
Huỳnh Đình Hải,Đa khuyết tật nhẹ,"Khéo tay, kiên nhẫn, tỉ mỉ",TP. Huế,0927466246,Có thể bắt đầu sau 2 tuần
Dương Thu Thảo,Khuyết tật trí tuệ nhẹ,"Giao tiếp tốt, giọng nói rõ, xử lý tình huống","Quận 1, TP.HCM",0913879315,Có thể bắt đầu sau 2 tuần
Trần Quang Long,Khuyết tật ngôn ngữ,"MISA, Excel, nghiệp vụ kế toán","Quận Bình Thạnh, TP.HCM",0988505869,Có thể bắt đầu sau 2 tuần
Trần Thành Đức,"Khuyết tật thần kinh, tâm thần (ổn định)","Xoa bóp bấm huyệt, cảm nhận cơ thể tốt",TP. Huế,0920784367,Sẵn sàng đi làm ngay
Võ Xuân Long,Khiếm thính,"Ngôn ngữ ký hiệu, biên tập video cơ bản","TP. Biên Hòa, Đồng Nai",0963927746,Sẵn sàng đi làm ngay
Vũ Hữu Khoa,Khuyết tật vận động,"Giao tiếp tốt, giọng nói rõ, xử lý tình huống",Làm việc từ xa (Remote toàn quốc),0996280014,Có thể bắt đầu sau 2 tuần
Hoàng Bích Ngọc,Khuyết tật trí tuệ nhẹ,"Cẩn thận, làm theo quy trình, sức khỏe ổn định","Quận 1, TP.HCM",0965245190,Sẵn sàng đi làm ngay
Võ Bích Ngọc,"Khuyết tật thần kinh, tâm thần (ổn định)","Chốt sale qua tin nhắn, quản lý đơn hàng, Excel cơ bản","TP. Nha Trang, Khánh Hòa",0912123688,Có thể bắt đầu sau 2 tuần
Phan Anh Hùng,"Khuyết tật thần kinh, tâm thần (ổn định)","Python, SQL, Git, tư duy logic","TP. Thủ Dầu Một, Bình Dương",0980699733,Sẵn sàng đi làm ngay
Đỗ Quang Hùng,Khiếm thính,"Viết lách, nghiên cứu thông tin, SEO cơ bản","Quận Cầu Giấy, Hà Nội",0934223703,Sẵn sàng đi làm ngay
Lý Văn Đức,Khiếm thị,"Tin học văn phòng, kỹ năng sư phạm, kiên nhẫn",TP. Huế,0947344670,Có thể bắt đầu sau 2 tuần
Lê Thị Trang,"Khuyết tật thần kinh, tâm thần (ổn định)","Viết tin nhắn rõ ràng, kiên nhẫn, hiểu sản phẩm",TP. Huế,0917354480,Sẵn sàng đi làm ngay
Phan Xuân Long,Khiếm thị,"Xoa bóp bấm huyệt, cảm nhận cơ thể tốt","TP. Nha Trang, Khánh Hòa",0970541218,Có thể bắt đầu sau 2 tuần
Vũ Kim Nga,Khiếm thị,"Xoa bóp bấm huyệt, cảm nhận cơ thể tốt",TP. Đà Nẵng,0932502892,Sẵn sàng đi làm ngay
Nguyễn Minh Long,Khuyết tật vận động,"Giao tiếp tốt, giọng nói rõ, xử lý tình huống","TP. Thủ Đức, TP.HCM",0923839405,Sẵn sàng đi làm ngay
Lý Diệu Mai,"Khuyết tật thần kinh, tâm thần (ổn định)","Chốt sale qua tin nhắn, quản lý đơn hàng, Excel cơ bản","Quận Cầu Giấy, Hà Nội",0974538706,Sẵn sàng đi làm ngay
Võ Bích Anh,Đa khuyết tật nhẹ,"Khéo tay, kiên nhẫn, tỉ mỉ","Quận Bình Thạnh, TP.HCM",0964530952,Sẵn sàng đi làm ngay
Hoàng Hữu Hải,Đa khuyết tật nhẹ,"Khéo tay, kiên nhẫn, tỉ mỉ",Làm việc từ xa (Remote toàn quốc),0959186621,Sẵn sàng đi làm ngay
Lê Anh Hải,"Khuyết tật thần kinh, tâm thần (ổn định)","Viết tin nhắn rõ ràng, kiên nhẫn, hiểu sản phẩm","Quận 1, TP.HCM",0945908039,Có thể bắt đầu sau 2 tuần
Huỳnh Anh Kiên,Khuyết tật trí tuệ nhẹ,"Khéo tay, kiên nhẫn, tỉ mỉ","Quận Bình Thạnh, TP.HCM",0932520061,Sẵn sàng đi làm ngay
Lý Kim Hoa,Khuyết tật trí tuệ nhẹ,"Khéo tay, kiên nhẫn, tỉ mỉ","TP. Biên Hòa, Đồng Nai",0987488773,Sẵn sàng đi làm ngay
Lý Thành Đức,"Khuyết tật thần kinh, tâm thần (ổn định)","Ngôn ngữ ký hiệu, biên tập video cơ bản","Quận Bình Thạnh, TP.HCM",0958453396,Có thể bắt đầu sau 2 tuần
Vũ Đình Hải,Đa khuyết tật nhẹ,"Photoshop, Illustrator, Canva, tư duy thẩm mỹ","TP. Nha Trang, Khánh Hòa",0982214095,Sẵn sàng đi làm ngay
Hoàng Kim Lan,Đa khuyết tật nhẹ,"Photoshop, Illustrator, Canva, tư duy thẩm mỹ","Quận Hai Bà Trưng, Hà Nội",0983515297,Có thể bắt đầu sau 2 tuần
Phạm Thị Trang,Đa khuyết tật nhẹ,"Photoshop, Illustrator, Canva, tư duy thẩm mỹ","Quận 3, TP.HCM",0961697915,Sẵn sàng đi làm ngay
Lý Anh Bảo,Khiếm thị,"Nghe hiểu tốt, gõ phím nhanh, tập trung",TP. Cần Thơ,0972184453,Có thể bắt đầu sau 2 tuần
Lê Anh Nam,Khiếm thị,"Xoa bóp bấm huyệt, cảm nhận cơ thể tốt","Quận Tân Bình, TP.HCM",0973375181,Có thể bắt đầu sau 2 tuần
Hoàng Thị Linh,Khuyết tật vận động,"Photoshop, Illustrator, Canva, tư duy thẩm mỹ","Quận Bình Thạnh, TP.HCM",0943481764,Sẵn sàng đi làm ngay
Phạm Thị Nga,"Khuyết tật thần kinh, tâm thần (ổn định)","Xoa bóp bấm huyệt, cảm nhận cơ thể tốt","TP. Thủ Dầu Một, Bình Dương",0939991893,Sẵn sàng đi làm ngay
Nguyễn Hữu Kiên,Khiếm thính,"Viết lách, nghiên cứu thông tin, SEO cơ bản",TP. Cần Thơ,0923396039,Có thể bắt đầu sau 2 tuần
Huỳnh Thu Vy,Khuyết tật ngôn ngữ,"MISA, Excel, nghiệp vụ kế toán",TP. Huế,0951991638,Sẵn sàng đi làm ngay
Đỗ Thu Trang,Khuyết tật trí tuệ nhẹ,"Cẩn thận, làm theo quy trình, sức khỏe ổn định","Quận Hai Bà Trưng, Hà Nội",0926063090,Có thể bắt đầu sau 2 tuần
Lê Minh Đức,"Khuyết tật thần kinh, tâm thần (ổn định)","Python, SQL, Git, tư duy logic","Quận Tân Bình, TP.HCM",0930495168,Sẵn sàng đi làm ngay
Lý Bích Lan,Khuyết tật vận động,"Chốt sale qua tin nhắn, quản lý đơn hàng, Excel cơ bản","Quận Bình Thạnh, TP.HCM",0913074636,Sẵn sàng đi làm ngay
Đỗ Thị Hoa,Khiếm thính,"Khéo tay, kiên nhẫn, tỉ mỉ","TP. Nha Trang, Khánh Hòa",0980657083,Sẵn sàng đi làm ngay
Ngô Mỹ Mai,Khiếm thị,"Viết lách, nghiên cứu thông tin, SEO cơ bản","TP. Thủ Đức, TP.HCM",0928977763,Sẵn sàng đi làm ngay
Bùi Xuân Đức,Khuyết tật ngôn ngữ,"Photoshop, Illustrator, Canva, tư duy thẩm mỹ","TP. Thủ Đức, TP.HCM",0995635822,Sẵn sàng đi làm ngay
Dương Diệu Yến,"Khuyết tật thần kinh, tâm thần (ổn định)","Tin học văn phòng, kỹ năng sư phạm, kiên nhẫn","TP. Nha Trang, Khánh Hòa",0929597211,Sẵn sàng đi làm ngay
Đặng Bích Lan,Khiếm thị,"Viết lách, nghiên cứu thông tin, SEO cơ bản",Làm việc từ xa (Remote toàn quốc),0910521062,Sẵn sàng đi làm ngay
Bùi Bích Vy,Khuyết tật ngôn ngữ,"Photoshop, Illustrator, Canva, tư duy thẩm mỹ","TP. Thủ Đức, TP.HCM",0957203710,Sẵn sàng đi làm ngay
Nguyễn Ngọc Hương,Đa khuyết tật nhẹ,"Photoshop, Illustrator, Canva, tư duy thẩm mỹ","TP. Vinh, Nghệ An",0914094384,Sẵn sàng đi làm ngay
Lý Kim Nga,"Khuyết tật thần kinh, tâm thần (ổn định)","Cẩn thận, làm theo quy trình, sức khỏe ổn định","TP. Vinh, Nghệ An",0992635787,Sẵn sàng đi làm ngay
Võ Hữu Nam,Khiếm thị,"Viết lách, nghiên cứu thông tin, SEO cơ bản","Quận Đống Đa, Hà Nội",0991880896,Sẵn sàng đi làm ngay
Lý Thị Nga,Khuyết tật vận động,"Nghe hiểu tốt, gõ phím nhanh, tập trung","Quận Cầu Giấy, Hà Nội",0978681848,Có thể bắt đầu sau 2 tuần
Đỗ Bích Mai,Đa khuyết tật nhẹ,"Cẩn thận, làm theo quy trình, sức khỏe ổn định","Quận 1, TP.HCM",0963611078,Sẵn sàng đi làm ngay
Võ Đình Long,Khuyết tật trí tuệ nhẹ,"Giao tiếp tốt, giọng nói rõ, xử lý tình huống",TP. Cần Thơ,0911717144,Sẵn sàng đi làm ngay
Hoàng Thành Vinh,Khuyết tật vận động,"Giao tiếp tốt, giọng nói rõ, xử lý tình huống",Làm việc từ xa (Remote toàn quốc),0991468439,Có thể bắt đầu sau 2 tuần
Hoàng Bích Mai,Khiếm thính,"Chốt sale qua tin nhắn, quản lý đơn hàng, Excel cơ bản","Quận 1, TP.HCM",0988440014,Sẵn sàng đi làm ngay
Phạm Thành Đức,Khuyết tật trí tuệ nhẹ,"Cẩn thận, làm theo quy trình, sức khỏe ổn định",TP. Đà Nẵng,0994155184,Có thể bắt đầu sau 2 tuần
Võ Kim Mai,Khuyết tật trí tuệ nhẹ,"May công nghiệp, tỉ mỉ, chịu được áp lực dây chuyền","Quận Hai Bà Trưng, Hà Nội",0978511494,Sẵn sàng đi làm ngay
Đỗ Kim Ngọc,Khuyết tật trí tuệ nhẹ,"Khéo tay, kiên nhẫn, tỉ mỉ",TP. Huế,0941897513,Sẵn sàng đi làm ngay
Bùi Đình Bảo,Khuyết tật trí tuệ nhẹ,"Giao tiếp tốt, giọng nói rõ, xử lý tình huống",TP. Huế,0913091047,Có thể bắt đầu sau 2 tuần
Nguyễn Mỹ Ngọc,Khiếm thính,"Viết tin nhắn rõ ràng, kiên nhẫn, hiểu sản phẩm","TP. Nha Trang, Khánh Hòa",0947190954,Sẵn sàng đi làm ngay
Phạm Ngọc Nga,Khuyết tật trí tuệ nhẹ,"Giao tiếp tốt, giọng nói rõ, xử lý tình huống","Quận 1, TP.HCM",0926274328,Có thể bắt đầu sau 2 tuần
Đỗ Đình Vinh,"Khuyết tật thần kinh, tâm thần (ổn định)","Giao tiếp tốt, giọng nói rõ, xử lý tình huống","TP. Biên Hòa, Đồng Nai",0986442071,Sẵn sàng đi làm ngay
Hoàng Văn Đức,Khiếm thính,"Chốt sale qua tin nhắn, quản lý đơn hàng, Excel cơ bản","Quận Tân Bình, TP.HCM",0941320839,Sẵn sàng đi làm ngay
Lý Thành Tuấn,Khiếm thị,"Nghe hiểu tốt, gõ phím nhanh, tập trung","TP. Thủ Dầu Một, Bình Dương",0938863906,Sẵn sàng đi làm ngay
Đỗ Thành Tuấn,Đa khuyết tật nhẹ,"Cẩn thận, làm theo quy trình, sức khỏe ổn định","TP. Biên Hòa, Đồng Nai",0911050459,Có thể bắt đầu sau 2 tuần
Dương Bích Yến,Khuyết tật vận động,"MISA, Excel, nghiệp vụ kế toán","TP. Nha Trang, Khánh Hòa",0954523868,Sẵn sàng đi làm ngay
Huỳnh Bích Mai,"Khuyết tật thần kinh, tâm thần (ổn định)","Python, SQL, Git, tư duy logic","Quận Cầu Giấy, Hà Nội",0999060133,Sẵn sàng đi làm ngay
Ngô Kim Linh,Khiếm thị,"Nghe hiểu tốt, gõ phím nhanh, tập trung","Quận 1, TP.HCM",0930704750,Sẵn sàng đi làm ngay
Lý Thu Yến,Khiếm thị,"Xoa bóp bấm huyệt, cảm nhận cơ thể tốt",TP. Huế,0981830352,Có thể bắt đầu sau 2 tuần
Vũ Bích Thảo,"Khuyết tật thần kinh, tâm thần (ổn định)","Chốt sale qua tin nhắn, quản lý đơn hàng, Excel cơ bản",TP. Huế,0977428547,Sẵn sàng đi làm ngay
Ngô Mỹ Trang,Khuyết tật trí tuệ nhẹ,"Khéo tay, kiên nhẫn, tỉ mỉ","TP. Biên Hòa, Đồng Nai",0947678462,Sẵn sàng đi làm ngay
Huỳnh Quang Đức,Đa khuyết tật nhẹ,"Cẩn thận, làm theo quy trình, sức khỏe ổn định",Làm việc từ xa (Remote toàn quốc),0995386415,Sẵn sàng đi làm ngay
Bùi Thu Ngọc,Khuyết tật trí tuệ nhẹ,"Khéo tay, kiên nhẫn, tỉ mỉ","TP. Thủ Dầu Một, Bình Dương",0994356947,Sẵn sàng đi làm ngay
Hoàng Mỹ Trang,Khuyết tật ngôn ngữ,"MISA, Excel, nghiệp vụ kế toán",Làm việc từ xa (Remote toàn quốc),0921675008,Có thể bắt đầu sau 2 tuần
Võ Đình Phong,Khiếm thính,"Ngôn ngữ ký hiệu, biên tập video cơ bản",TP. Cần Thơ,0969560834,Sẵn sàng đi làm ngay
Ngô Mỹ Yến,Khiếm thính,"Ngôn ngữ ký hiệu, biên tập video cơ bản","Quận Tân Bình, TP.HCM",0944517026,Sẵn sàng đi làm ngay
Huỳnh Thị Nga,Khuyết tật vận động,"Tin học văn phòng, kỹ năng sư phạm, kiên nhẫn",TP. Huế,0996077332,Sẵn sàng đi làm ngay
Vũ Mỹ Linh,Khiếm thính,"Chốt sale qua tin nhắn, quản lý đơn hàng, Excel cơ bản","TP. Nha Trang, Khánh Hòa",0911065188,Có thể bắt đầu sau 2 tuần
Huỳnh Diệu Hương,Khiếm thính,"Chốt sale qua tin nhắn, quản lý đơn hàng, Excel cơ bản","Quận Đống Đa, Hà Nội",0918190711,Có thể bắt đầu sau 2 tuần
Trần Thu Ngọc,Khuyết tật trí tuệ nhẹ,"May công nghiệp, tỉ mỉ, chịu được áp lực dây chuyền","Quận 3, TP.HCM",0973807105,Sẵn sàng đi làm ngay
Lê Minh Khoa,Khiếm thị,"Nghe hiểu tốt, gõ phím nhanh, tập trung",TP. Đà Nẵng,0938852315,Sẵn sàng đi làm ngay
Vũ Văn Bảo,"Khuyết tật thần kinh, tâm thần (ổn định)","Khéo tay, kiên nhẫn, tỉ mỉ","Quận Cầu Giấy, Hà Nội",0994346382,Sẵn sàng đi làm ngay
Trần Diệu Mai,Khuyết tật vận động,"Viết lách, nghiên cứu thông tin, SEO cơ bản","Quận 3, TP.HCM",0914507845,Sẵn sàng đi làm ngay
Lý Văn Sơn,Đa khuyết tật nhẹ,"Photoshop, Illustrator, Canva, tư duy thẩm mỹ","Quận Đống Đa, Hà Nội",0954780924,Có thể bắt đầu sau 2 tuần
Ngô Mỹ Yến,Khuyết tật trí tuệ nhẹ,"May công nghiệp, tỉ mỉ, chịu được áp lực dây chuyền","TP. Thủ Dầu Một, Bình Dương",0975225841,Sẵn sàng đi làm ngay
Hoàng Văn Đức,Khuyết tật vận động,"Nghe hiểu tốt, gõ phím nhanh, tập trung",TP. Đà Nẵng,0942889839,Sẵn sàng đi làm ngay
Vũ Bích Yến,Khuyết tật trí tuệ nhẹ,"Giao tiếp tốt, giọng nói rõ, xử lý tình huống",TP. Huế,0994958755,Có thể bắt đầu sau 2 tuần
Bùi Quang Phong,Khuyết tật trí tuệ nhẹ,"May công nghiệp, tỉ mỉ, chịu được áp lực dây chuyền","Quận 3, TP.HCM",0950119360,Sẵn sàng đi làm ngay
Đỗ Thu Yến,Khiếm thính,"Photoshop, Illustrator, Canva, tư duy thẩm mỹ","TP. Thủ Đức, TP.HCM",0969652731,Có thể bắt đầu sau 2 tuần
Đỗ Hữu Đức,"Khuyết tật thần kinh, tâm thần (ổn định)","Python, SQL, Git, tư duy logic","TP. Thủ Dầu Một, Bình Dương",0953081518,Có thể bắt đầu sau 2 tuần
Võ Văn Kiên,Đa khuyết tật nhẹ,"Cẩn thận, làm theo quy trình, sức khỏe ổn định","Quận Đống Đa, Hà Nội",0976723313,Sẵn sàng đi làm ngay
Trần Mỹ Hương,Đa khuyết tật nhẹ,"Khéo tay, kiên nhẫn, tỉ mỉ","TP. Thủ Đức, TP.HCM",0965939934,Sẵn sàng đi làm ngay
Vũ Thu Trang,Khuyết tật ngôn ngữ,"Python, SQL, Git, tư duy logic","TP. Nha Trang, Khánh Hòa",0963072911,Sẵn sàng đi làm ngay
Dương Anh Sơn,Khuyết tật ngôn ngữ,"Viết lách, nghiên cứu thông tin, SEO cơ bản","Quận 1, TP.HCM",0999429774,Có thể bắt đầu sau 2 tuần
Đặng Mỹ Thảo,Khuyết tật ngôn ngữ,"MISA, Excel, nghiệp vụ kế toán","Quận Tân Bình, TP.HCM",0960283906,Sẵn sàng đi làm ngay
Trần Kim Hương,Khiếm thị,"Viết lách, nghiên cứu thông tin, SEO cơ bản",TP. Cần Thơ,0955506952,Sẵn sàng đi làm ngay
Đặng Kim Vy,Khiếm thính,"Khéo tay, kiên nhẫn, tỉ mỉ",TP. Đà Nẵng,0942821225,Sẵn sàng đi làm ngay
Hoàng Thành Đức,"Khuyết tật thần kinh, tâm thần (ổn định)","Xoa bóp bấm huyệt, cảm nhận cơ thể tốt",Làm việc từ xa (Remote toàn quốc),0960900106,Có thể bắt đầu sau 2 tuần
Nguyễn Minh Vinh,Khuyết tật ngôn ngữ,"Tin học văn phòng, gõ phím nhanh, cẩn thận, tỉ mỉ",Làm việc từ xa (Remote toàn quốc),0992242860,Sẵn sàng đi làm ngay
Bùi Ngọc Yến,Đa khuyết tật nhẹ,"Cẩn thận, làm theo quy trình, sức khỏe ổn định","Quận Đống Đa, Hà Nội",0982080753,Sẵn sàng đi làm ngay
Dương Đình Nam,Khuyết tật trí tuệ nhẹ,"Giao tiếp tốt, giọng nói rõ, xử lý tình huống","TP. Biên Hòa, Đồng Nai",0910358749,Có thể bắt đầu sau 2 tuần
Vũ Quang Long,Khuyết tật vận động,"Tin học văn phòng, kỹ năng sư phạm, kiên nhẫn","Quận 3, TP.HCM",0925106648,Sẵn sàng đi làm ngay
Vũ Văn Kiên,Khuyết tật vận động,"Tin học văn phòng, kỹ năng sư phạm, kiên nhẫn","TP. Vinh, Nghệ An",0916407377,Sẵn sàng đi làm ngay
Vũ Quang Long,Khuyết tật vận động,"Chốt sale qua tin nhắn, quản lý đơn hàng, Excel cơ bản",TP. Đà Nẵng,0992485055,Có thể bắt đầu sau 2 tuần
Đỗ Ngọc Hương,Khiếm thị,"Xoa bóp bấm huyệt, cảm nhận cơ thể tốt",TP. Đà Nẵng,0957298006,Có thể bắt đầu sau 2 tuần
Hoàng Anh Long,Khuyết tật trí tuệ nhẹ,"Khéo tay, kiên nhẫn, tỉ mỉ","TP. Nha Trang, Khánh Hòa",0996994265,Có thể bắt đầu sau 2 tuần
Trần Anh Kiên,"Khuyết tật thần kinh, tâm thần (ổn định)","Viết lách, nghiên cứu thông tin, SEO cơ bản",TP. Cần Thơ,0960209853,Sẵn sàng đi làm ngay
Lê Đình Khoa,Khuyết tật ngôn ngữ,"MISA, Excel, nghiệp vụ kế toán","TP. Biên Hòa, Đồng Nai",0959220130,Có thể bắt đầu sau 2 tuần
Dương Bích Ngọc,Khuyết tật vận động,"MISA, Excel, nghiệp vụ kế toán","Quận 1, TP.HCM",0956172299,Sẵn sàng đi làm ngay
Huỳnh Thị Vy,Khuyết tật ngôn ngữ,"Python, SQL, Git, tư duy logic",Làm việc từ xa (Remote toàn quốc),0964866081,Sẵn sàng đi làm ngay
Ngô Đình Hải,Khiếm thị,"Viết lách, nghiên cứu thông tin, SEO cơ bản","Quận Tân Bình, TP.HCM",0938642727,Có thể bắt đầu sau 2 tuần
Vũ Văn Tuấn,"Khuyết tật thần kinh, tâm thần (ổn định)","Tin học văn phòng, kỹ năng sư phạm, kiên nhẫn",TP. Cần Thơ,0923658263,Sẵn sàng đi làm ngay
Bùi Thu Anh,Đa khuyết tật nhẹ,"Cẩn thận, làm theo quy trình, sức khỏe ổn định","TP. Vinh, Nghệ An",0976129080,Sẵn sàng đi làm ngay
Trần Bích Nga,Khuyết tật trí tuệ nhẹ,"May công nghiệp, tỉ mỉ, chịu được áp lực dây chuyền",TP. Cần Thơ,0986759874,Sẵn sàng đi làm ngay
Vũ Thu Anh,Khiếm thính,"MISA, Excel, nghiệp vụ kế toán","Quận Đống Đa, Hà Nội",0964012161,Sẵn sàng đi làm ngay
Đặng Thị Hoa,Khuyết tật trí tuệ nhẹ,"Giao tiếp tốt, giọng nói rõ, xử lý tình huống","Quận Đống Đa, Hà Nội",0920446579,Sẵn sàng đi làm ngay
Bùi Diệu Lan,Khuyết tật ngôn ngữ,"MISA, Excel, nghiệp vụ kế toán","Quận 1, TP.HCM",0968831581,Có thể bắt đầu sau 2 tuần
Đặng Thành Vinh,Khuyết tật trí tuệ nhẹ,"Cẩn thận, làm theo quy trình, sức khỏe ổn định",TP. Đà Nẵng,0990179314,Sẵn sàng đi làm ngay
Bùi Đình Sơn,Khuyết tật ngôn ngữ,"Python, SQL, Git, tư duy logic","TP. Biên Hòa, Đồng Nai",0959011649,Sẵn sàng đi làm ngay
Vũ Quang Đức,Đa khuyết tật nhẹ,"Photoshop, Illustrator, Canva, tư duy thẩm mỹ",TP. Huế,0936567299,Có thể bắt đầu sau 2 tuần
Lý Thu Anh,Khuyết tật trí tuệ nhẹ,"May công nghiệp, tỉ mỉ, chịu được áp lực dây chuyền","TP. Thủ Dầu Một, Bình Dương",0980757997,Sẵn sàng đi làm ngay
Vũ Quang Long,Khiếm thính,"Cẩn thận, làm theo quy trình, sức khỏe ổn định","Quận 3, TP.HCM",0921458804,Có thể bắt đầu sau 2 tuần
Ngô Văn Sơn,Khiếm thị,"Viết lách, nghiên cứu thông tin, SEO cơ bản","Quận Tân Bình, TP.HCM",0946521309,Sẵn sàng đi làm ngay
Lê Minh Bảo,Khuyết tật ngôn ngữ,"Viết tin nhắn rõ ràng, kiên nhẫn, hiểu sản phẩm",TP. Cần Thơ,0940428633,Sẵn sàng đi làm ngay
Huỳnh Thành Tuấn,Đa khuyết tật nhẹ,"Cẩn thận, làm theo quy trình, sức khỏe ổn định","Quận Hai Bà Trưng, Hà Nội",0918396069,Có thể bắt đầu sau 2 tuần
Phạm Diệu Vy,Khuyết tật vận động,"MISA, Excel, nghiệp vụ kế toán","Quận 1, TP.HCM",0911476916,Sẵn sàng đi làm ngay
Ngô Diệu Nga,Khuyết tật trí tuệ nhẹ,"May công nghiệp, tỉ mỉ, chịu được áp lực dây chuyền","TP. Thủ Dầu Một, Bình Dương",0985258542,Có thể bắt đầu sau 2 tuần
Dương Thành Hải,Khuyết tật trí tuệ nhẹ,"Giao tiếp tốt, giọng nói rõ, xử lý tình huống","Quận Cầu Giấy, Hà Nội",0973199846,Có thể bắt đầu sau 2 tuần
Lý Diệu Mai,Khuyết tật vận động,"Photoshop, Illustrator, Canva, tư duy thẩm mỹ","TP. Thủ Đức, TP.HCM",0962390577,Sẵn sàng đi làm ngay
Ngô Đình Hải,Khuyết tật ngôn ngữ,"Tin học văn phòng, gõ phím nhanh, cẩn thận, tỉ mỉ","Quận Bình Thạnh, TP.HCM",0932313294,Sẵn sàng đi làm ngay
Huỳnh Diệu Yến,"Khuyết tật thần kinh, tâm thần (ổn định)","Cẩn thận, làm theo quy trình, sức khỏe ổn định","Quận Cầu Giấy, Hà Nội",0921087507,Có thể bắt đầu sau 2 tuần
Dương Minh Phong,Khuyết tật ngôn ngữ,"Viết tin nhắn rõ ràng, kiên nhẫn, hiểu sản phẩm","TP. Thủ Đức, TP.HCM",0952744749,Sẵn sàng đi làm ngay
Phan Bích Linh,Khuyết tật vận động,"Chốt sale qua tin nhắn, quản lý đơn hàng, Excel cơ bản",TP. Đà Nẵng,0934275084,Sẵn sàng đi làm ngay
Hoàng Thị Mai,Đa khuyết tật nhẹ,"Khéo tay, kiên nhẫn, tỉ mỉ",TP. Đà Nẵng,0923093709,Có thể bắt đầu sau 2 tuần
Trần Xuân Hải,"Khuyết tật thần kinh, tâm thần (ổn định)","May công nghiệp, tỉ mỉ, chịu được áp lực dây chuyền","TP. Biên Hòa, Đồng Nai",0978613363,Có thể bắt đầu sau 2 tuần
Nguyễn Hữu Vinh,"Khuyết tật thần kinh, tâm thần (ổn định)","Xoa bóp bấm huyệt, cảm nhận cơ thể tốt","TP. Thủ Đức, TP.HCM",0989606147,Sẵn sàng đi làm ngay
Võ Hữu Khoa,Đa khuyết tật nhẹ,"Cẩn thận, làm theo quy trình, sức khỏe ổn định",TP. Huế,0947508261,Có thể bắt đầu sau 2 tuần
Bùi Văn Sơn,Khiếm thính,"Viết lách, nghiên cứu thông tin, SEO cơ bản","TP. Nha Trang, Khánh Hòa",0945035588,Sẵn sàng đi làm ngay
Huỳnh Văn Sơn,Khiếm thị,"Nghe hiểu tốt, gõ phím nhanh, tập trung","Quận Hai Bà Trưng, Hà Nội",0924937373,Sẵn sàng đi làm ngay
Nguyễn Xuân Phong,Khiếm thị,"Nghe hiểu tốt, gõ phím nhanh, tập trung","TP. Nha Trang, Khánh Hòa",0949068079,Sẵn sàng đi làm ngay
Phan Mỹ Yến,Khuyết tật trí tuệ nhẹ,"Giao tiếp tốt, giọng nói rõ, xử lý tình huống","Quận 1, TP.HCM",0924550191,Có thể bắt đầu sau 2 tuần
Lê Thu Hoa,Khiếm thị,"Tin học văn phòng, kỹ năng sư phạm, kiên nhẫn","TP. Nha Trang, Khánh Hòa",0974851704,Sẵn sàng đi làm ngay
Lê Mỹ Hương,Khuyết tật trí tuệ nhẹ,"Giao tiếp tốt, giọng nói rõ, xử lý tình huống",TP. Huế,0915609850,Sẵn sàng đi làm ngay
Võ Minh Sơn,Khuyết tật ngôn ngữ,"Chốt sale qua tin nhắn, quản lý đơn hàng, Excel cơ bản","TP. Nha Trang, Khánh Hòa",0977243601,Sẵn sàng đi làm ngay
Phạm Bích Hương,Khuyết tật ngôn ngữ,"Photoshop, Illustrator, Canva, tư duy thẩm mỹ","Quận 3, TP.HCM",0961958720,Có thể bắt đầu sau 2 tuần
Hoàng Mỹ Trang,"Khuyết tật thần kinh, tâm thần (ổn định)","Xoa bóp bấm huyệt, cảm nhận cơ thể tốt","TP. Nha Trang, Khánh Hòa",0924654999,Sẵn sàng đi làm ngay
Huỳnh Bích Linh,Khiếm thính,"Khéo tay, kiên nhẫn, tỉ mỉ","Quận 3, TP.HCM",0991768943,Sẵn sàng đi làm ngay
Đặng Diệu Thảo,Khuyết tật trí tuệ nhẹ,"Khéo tay, kiên nhẫn, tỉ mỉ","Quận 3, TP.HCM",0996593644,Sẵn sàng đi làm ngay
Dương Thị Anh,Khuyết tật vận động,"Python, SQL, Git, tư duy logic","TP. Biên Hòa, Đồng Nai",0990018334,Sẵn sàng đi làm ngay
Đỗ Kim Ngọc,Khiếm thính,"Photoshop, Illustrator, Canva, tư duy thẩm mỹ","Quận Bình Thạnh, TP.HCM",0923400438,Sẵn sàng đi làm ngay
Vũ Mỹ Trang,Khuyết tật ngôn ngữ,"Photoshop, Illustrator, Canva, tư duy thẩm mỹ","TP. Nha Trang, Khánh Hòa",0933508440,Sẵn sàng đi làm ngay
Đặng Thành Vinh,Khuyết tật vận động,"Viết tin nhắn rõ ràng, kiên nhẫn, hiểu sản phẩm","Quận Bình Thạnh, TP.HCM",0928595489,Có thể bắt đầu sau 2 tuần
Ngô Đình Sơn,Khuyết tật vận động,"Python, SQL, Git, tư duy logic","TP. Nha Trang, Khánh Hòa",0966833639,Sẵn sàng đi làm ngay
Huỳnh Kim Hoa,Đa khuyết tật nhẹ,"Photoshop, Illustrator, Canva, tư duy thẩm mỹ","TP. Vinh, Nghệ An",0929000472,Có thể bắt đầu sau 2 tuần
Ngô Kim Linh,Khuyết tật ngôn ngữ,"Photoshop, Illustrator, Canva, tư duy thẩm mỹ","Quận Đống Đa, Hà Nội",0977576689,Có thể bắt đầu sau 2 tuần
Phan Quang Đức,Khiếm thị,"Xoa bóp bấm huyệt, cảm nhận cơ thể tốt","Quận 1, TP.HCM",0921336167,Sẵn sàng đi làm ngay
Đặng Anh Sơn,Khuyết tật vận động,"Giao tiếp tốt, giọng nói rõ, xử lý tình huống","TP. Nha Trang, Khánh Hòa",0913489432,Có thể bắt đầu sau 2 tuần
Nguyễn Diệu Lan,"Khuyết tật thần kinh, tâm thần (ổn định)","Photoshop, Illustrator, Canva, tư duy thẩm mỹ",TP. Cần Thơ,0930205381,Có thể bắt đầu sau 2 tuần
Đặng Xuân Bảo,Khiếm thị,"Nghe hiểu tốt, gõ phím nhanh, tập trung","Quận Bình Thạnh, TP.HCM",0987603163,Sẵn sàng đi làm ngay
Trần Xuân Sơn,Khiếm thị,"Viết lách, nghiên cứu thông tin, SEO cơ bản","TP. Vinh, Nghệ An",0975220748,Sẵn sàng đi làm ngay
Phan Thị Ngọc,Khiếm thị,"Xoa bóp bấm huyệt, cảm nhận cơ thể tốt","TP. Thủ Dầu Một, Bình Dương",0950730353,Sẵn sàng đi làm ngay
Huỳnh Thành Long,Khuyết tật vận động,"Viết lách, nghiên cứu thông tin, SEO cơ bản","Quận 1, TP.HCM",0982594426,Có thể bắt đầu sau 2 tuần
Phạm Thành Khoa,Đa khuyết tật nhẹ,"Cẩn thận, làm theo quy trình, sức khỏe ổn định","TP. Biên Hòa, Đồng Nai",0944744624,Sẵn sàng đi làm ngay
Vũ Thành Hùng,Khuyết tật ngôn ngữ,"Viết tin nhắn rõ ràng, kiên nhẫn, hiểu sản phẩm","TP. Nha Trang, Khánh Hòa",0911260296,Sẵn sàng đi làm ngay
Bùi Kim Anh,Khiếm thị,"Viết lách, nghiên cứu thông tin, SEO cơ bản","TP. Biên Hòa, Đồng Nai",0971075309,Sẵn sàng đi làm ngay
Dương Xuân Hải,"Khuyết tật thần kinh, tâm thần (ổn định)","Chốt sale qua tin nhắn, quản lý đơn hàng, Excel cơ bản","Quận Hai Bà Trưng, Hà Nội",0915987077,Sẵn sàng đi làm ngay
Đỗ Bích Thảo,Khiếm thị,"Viết lách, nghiên cứu thông tin, SEO cơ bản",TP. Huế,0954738928,Có thể bắt đầu sau 2 tuần
Trần Thu Mai,Khuyết tật trí tuệ nhẹ,"Khéo tay, kiên nhẫn, tỉ mỉ","TP. Biên Hòa, Đồng Nai",0947702585,Có thể bắt đầu sau 2 tuần
Đỗ Mỹ Anh,Đa khuyết tật nhẹ,"Photoshop, Illustrator, Canva, tư duy thẩm mỹ",TP. Cần Thơ,0939154312,Có thể bắt đầu sau 2 tuần
Phan Anh Long,Khuyết tật ngôn ngữ,"Tin học văn phòng, gõ phím nhanh, cẩn thận, tỉ mỉ","TP. Thủ Dầu Một, Bình Dương",0931769838,Sẵn sàng đi làm ngay
Ngô Hữu Sơn,Khuyết tật trí tuệ nhẹ,"Khéo tay, kiên nhẫn, tỉ mỉ",TP. Cần Thơ,0924428751,Sẵn sàng đi làm ngay
Hoàng Thu Trang,Khuyết tật ngôn ngữ,"Viết tin nhắn rõ ràng, kiên nhẫn, hiểu sản phẩm","TP. Nha Trang, Khánh Hòa",0957122944,Sẵn sàng đi làm ngay
Lê Quang Long,Khuyết tật trí tuệ nhẹ,"May công nghiệp, tỉ mỉ, chịu được áp lực dây chuyền","TP. Vinh, Nghệ An",0978036298,Sẵn sàng đi làm ngay
Đặng Minh Kiên,"Khuyết tật thần kinh, tâm thần (ổn định)","Tin học văn phòng, gõ phím nhanh, cẩn thận, tỉ mỉ","Quận Đống Đa, Hà Nội",0961033013,Sẵn sàng đi làm ngay
Dương Đình Kiên,Khuyết tật vận động,"Viết lách, nghiên cứu thông tin, SEO cơ bản","Quận 1, TP.HCM",0964723737,Sẵn sàng đi làm ngay
Ngô Thị Ngọc,Khuyết tật ngôn ngữ,"Photoshop, Illustrator, Canva, tư duy thẩm mỹ",TP. Huế,0969439569,Có thể bắt đầu sau 2 tuần
Vũ Quang Bảo,Khuyết tật trí tuệ nhẹ,"Cẩn thận, làm theo quy trình, sức khỏe ổn định","TP. Thủ Dầu Một, Bình Dương",0985833125,Có thể bắt đầu sau 2 tuần
Phạm Đình Vinh,Khuyết tật trí tuệ nhẹ,"May công nghiệp, tỉ mỉ, chịu được áp lực dây chuyền","TP. Nha Trang, Khánh Hòa",0969597939,Sẵn sàng đi làm ngay
Vũ Thu Lan,Đa khuyết tật nhẹ,"Photoshop, Illustrator, Canva, tư duy thẩm mỹ","Quận 3, TP.HCM",0927450511,Sẵn sàng đi làm ngay
Bùi Mỹ Mai,Khuyết tật trí tuệ nhẹ,"May công nghiệp, tỉ mỉ, chịu được áp lực dây chuyền","Quận Cầu Giấy, Hà Nội",0997665389,Có thể bắt đầu sau 2 tuần
Phạm Quang Hùng,Khuyết tật vận động,"Viết tin nhắn rõ ràng, kiên nhẫn, hiểu sản phẩm","Quận Cầu Giấy, Hà Nội",0929206225,Sẵn sàng đi làm ngay
Hoàng Thành Vinh,Khuyết tật ngôn ngữ,"Photoshop, Illustrator, Canva, tư duy thẩm mỹ",TP. Đà Nẵng,0913695007,Có thể bắt đầu sau 2 tuần
Bùi Mỹ Ngọc,Khuyết tật trí tuệ nhẹ,"Khéo tay, kiên nhẫn, tỉ mỉ","Quận Hai Bà Trưng, Hà Nội",0956142690,Sẵn sàng đi làm ngay
Võ Thu Hương,Khiếm thị,"Viết lách, nghiên cứu thông tin, SEO cơ bản","TP. Vinh, Nghệ An",0990367654,Sẵn sàng đi làm ngay
Vũ Thị Hoa,Khiếm thị,"Viết lách, nghiên cứu thông tin, SEO cơ bản","Quận Hai Bà Trưng, Hà Nội",0961343672,Có thể bắt đầu sau 2 tuần
Hoàng Diệu Nga,Khuyết tật vận động,"Giao tiếp tốt, giọng nói rõ, xử lý tình huống","TP. Biên Hòa, Đồng Nai",0942938229,Sẵn sàng đi làm ngay
Hoàng Anh Long,Khuyết tật ngôn ngữ,"MISA, Excel, nghiệp vụ kế toán","Quận 1, TP.HCM",0929216298,Sẵn sàng đi làm ngay
Vũ Minh Nam,Khiếm thính,"May công nghiệp, tỉ mỉ, chịu được áp lực dây chuyền","Quận Hai Bà Trưng, Hà Nội",0959011418,Sẵn sàng đi làm ngay
Võ Mỹ Mai,Khiếm thính,"Cẩn thận, làm theo quy trình, sức khỏe ổn định",TP. Huế,0963269327,Sẵn sàng đi làm ngay
Đỗ Ngọc Hương,Khiếm thị,"Xoa bóp bấm huyệt, cảm nhận cơ thể tốt","Quận Hai Bà Trưng, Hà Nội",0926420638,Sẵn sàng đi làm ngay
Lý Kim Anh,Khiếm thính,"Cẩn thận, làm theo quy trình, sức khỏe ổn định","Quận 3, TP.HCM",0953758806,Sẵn sàng đi làm ngay
Võ Kim Mai,Khuyết tật trí tuệ nhẹ,"May công nghiệp, tỉ mỉ, chịu được áp lực dây chuyền","TP. Thủ Đức, TP.HCM",0974966232,Sẵn sàng đi làm ngay
Dương Thị Trang,Khuyết tật ngôn ngữ,"Viết tin nhắn rõ ràng, kiên nhẫn, hiểu sản phẩm","Quận Đống Đa, Hà Nội",0931140021,Có thể bắt đầu sau 2 tuần
Lê Thị Thảo,Khuyết tật ngôn ngữ,"Python, SQL, Git, tư duy logic",TP. Huế,0999460547,Sẵn sàng đi làm ngay
Phan Quang Nam,Khuyết tật vận động,"Giao tiếp tốt, giọng nói rõ, xử lý tình huống","Quận Tân Bình, TP.HCM",0982732852,Sẵn sàng đi làm ngay
Nguyễn Văn Nam,Khiếm thính,"Cẩn thận, làm theo quy trình, sức khỏe ổn định","Quận 1, TP.HCM",0980742278,Sẵn sàng đi làm ngay
Lê Ngọc Vy,Khuyết tật vận động,"Chốt sale qua tin nhắn, quản lý đơn hàng, Excel cơ bản","Quận Bình Thạnh, TP.HCM",0931368924,Có thể bắt đầu sau 2 tuần
Trần Mỹ Nga,"Khuyết tật thần kinh, tâm thần (ổn định)","Tin học văn phòng, kỹ năng sư phạm, kiên nhẫn","Quận 1, TP.HCM",0949937484,Sẵn sàng đi làm ngay
Hoàng Kim Hương,Khuyết tật vận động,"Photoshop, Illustrator, Canva, tư duy thẩm mỹ","TP. Nha Trang, Khánh Hòa",0998388886,Có thể bắt đầu sau 2 tuần
Phan Xuân Đức,Khiếm thính,"Tin học văn phòng, gõ phím nhanh, cẩn thận, tỉ mỉ",TP. Đà Nẵng,0997272923,Có thể bắt đầu sau 2 tuần
Lê Xuân Long,Đa khuyết tật nhẹ,"Photoshop, Illustrator, Canva, tư duy thẩm mỹ","TP. Thủ Dầu Một, Bình Dương",0947013885,Sẵn sàng đi làm ngay
Nguyễn Anh Long,Khiếm thính,"Viết tin nhắn rõ ràng, kiên nhẫn, hiểu sản phẩm","TP. Nha Trang, Khánh Hòa",0982860484,Có thể bắt đầu sau 2 tuần
Nguyễn Thu Mai,Đa khuyết tật nhẹ,"Photoshop, Illustrator, Canva, tư duy thẩm mỹ","Quận Đống Đa, Hà Nội",0976224539,Sẵn sàng đi làm ngay
Võ Thị Yến,Khiếm thị,"Nghe hiểu tốt, gõ phím nhanh, tập trung","TP. Nha Trang, Khánh Hòa",0916573227,Có thể bắt đầu sau 2 tuần
Vũ Ngọc Linh,Đa khuyết tật nhẹ,"Khéo tay, kiên nhẫn, tỉ mỉ","TP. Biên Hòa, Đồng Nai",0928063312,Sẵn sàng đi làm ngay
Võ Kim Vy,Khiếm thính,"Viết lách, nghiên cứu thông tin, SEO cơ bản","TP. Biên Hòa, Đồng Nai",0971780876,Sẵn sàng đi làm ngay
Đặng Xuân Kiên,Khuyết tật vận động,"Tin học văn phòng, gõ phím nhanh, cẩn thận, tỉ mỉ","Quận Tân Bình, TP.HCM",0927748209,Sẵn sàng đi làm ngay
Đặng Hữu Khoa,Khiếm thị,"Viết lách, nghiên cứu thông tin, SEO cơ bản","Quận Bình Thạnh, TP.HCM",0930768503,Sẵn sàng đi làm ngay
Phạm Đình Bảo,"Khuyết tật thần kinh, tâm thần (ổn định)","Xoa bóp bấm huyệt, cảm nhận cơ thể tốt","TP. Thủ Đức, TP.HCM",0970393048,Có thể bắt đầu sau 2 tuần
Ngô Anh Khoa,Đa khuyết tật nhẹ,"Khéo tay, kiên nhẫn, tỉ mỉ","Quận Đống Đa, Hà Nội",0931679563,Sẵn sàng đi làm ngay
Lý Hữu Sơn,Khiếm thính,"May công nghiệp, tỉ mỉ, chịu được áp lực dây chuyền","TP. Thủ Dầu Một, Bình Dương",0967627228,Có thể bắt đầu sau 2 tuần
Trần Đình Hùng,Đa khuyết tật nhẹ,"Cẩn thận, làm theo quy trình, sức khỏe ổn định","TP. Vinh, Nghệ An",0972632102,Sẵn sàng đi làm ngay
Ngô Ngọc Trang,Khuyết tật trí tuệ nhẹ,"Khéo tay, kiên nhẫn, tỉ mỉ","Quận Tân Bình, TP.HCM",0985334855,Có thể bắt đầu sau 2 tuần
Lê Anh Bảo,Đa khuyết tật nhẹ,"Photoshop, Illustrator, Canva, tư duy thẩm mỹ",TP. Huế,0920700969,Sẵn sàng đi làm ngay
Lê Xuân Vinh,Khuyết tật ngôn ngữ,"Photoshop, Illustrator, Canva, tư duy thẩm mỹ","Quận Bình Thạnh, TP.HCM",0970335130,Sẵn sàng đi làm ngay
Vũ Minh Long,"Khuyết tật thần kinh, tâm thần (ổn định)","Nghe hiểu tốt, gõ phím nhanh, tập trung","TP. Vinh, Nghệ An",0935671737,Sẵn sàng đi làm ngay
Đặng Kim Thảo,Khiếm thị,"Viết lách, nghiên cứu thông tin, SEO cơ bản",TP. Cần Thơ,0932117862,Sẵn sàng đi làm ngay
Vũ Thành Vinh,Đa khuyết tật nhẹ,"Khéo tay, kiên nhẫn, tỉ mỉ","TP. Thủ Dầu Một, Bình Dương",0951256541,Sẵn sàng đi làm ngay
Dương Văn Hải,Khuyết tật ngôn ngữ,"Chốt sale qua tin nhắn, quản lý đơn hàng, Excel cơ bản","Quận 3, TP.HCM",0946267057,Có thể bắt đầu sau 2 tuần
Lê Thành Hùng,"Khuyết tật thần kinh, tâm thần (ổn định)","Tin học văn phòng, gõ phím nhanh, cẩn thận, tỉ mỉ",TP. Cần Thơ,0994085288,Sẵn sàng đi làm ngay
Nguyễn Mỹ Anh,Khiếm thính,"Chốt sale qua tin nhắn, quản lý đơn hàng, Excel cơ bản",TP. Cần Thơ,0957558261,Sẵn sàng đi làm ngay
Hoàng Mỹ Yến,Khuyết tật trí tuệ nhẹ,"Cẩn thận, làm theo quy trình, sức khỏe ổn định","TP. Thủ Đức, TP.HCM",0928578556,Sẵn sàng đi làm ngay
Lý Thành Bảo,Khuyết tật vận động,"Tin học văn phòng, kỹ năng sư phạm, kiên nhẫn","TP. Thủ Đức, TP.HCM",0940994750,Sẵn sàng đi làm ngay
Lý Thị Lan,Đa khuyết tật nhẹ,"Photoshop, Illustrator, Canva, tư duy thẩm mỹ",TP. Đà Nẵng,0954572063,Sẵn sàng đi làm ngay
Ngô Đình Phong,Khiếm thị,"Xoa bóp bấm huyệt, cảm nhận cơ thể tốt","Quận Tân Bình, TP.HCM",0951706698,Có thể bắt đầu sau 2 tuần
Phan Diệu Hoa,Khuyết tật vận động,"Khéo tay, kiên nhẫn, tỉ mỉ","TP. Biên Hòa, Đồng Nai",0911546923,Sẵn sàng đi làm ngay
Lý Ngọc Linh,Khuyết tật ngôn ngữ,"Python, SQL, Git, tư duy logic","TP. Thủ Đức, TP.HCM",0954286365,Sẵn sàng đi làm ngay
Ngô Đình Bảo,"Khuyết tật thần kinh, tâm thần (ổn định)","Giao tiếp tốt, giọng nói rõ, xử lý tình huống","TP. Vinh, Nghệ An",0982303626,Sẵn sàng đi làm ngay
Đặng Thành Vinh,Đa khuyết tật nhẹ,"Cẩn thận, làm theo quy trình, sức khỏe ổn định","TP. Biên Hòa, Đồng Nai",0974598923,Có thể bắt đầu sau 2 tuần
Phạm Thị Hương,Đa khuyết tật nhẹ,"Photoshop, Illustrator, Canva, tư duy thẩm mỹ","TP. Thủ Dầu Một, Bình Dương",0932302166,Sẵn sàng đi làm ngay
Đỗ Mỹ Nga,Khiếm thị,"Viết lách, nghiên cứu thông tin, SEO cơ bản","TP. Vinh, Nghệ An",0911422409,Sẵn sàng đi làm ngay
Đặng Văn Phong,Khiếm thị,"Nghe hiểu tốt, gõ phím nhanh, tập trung","Quận 1, TP.HCM",0950347727,Có thể bắt đầu sau 2 tuần
Hoàng Xuân Hải,Khuyết tật trí tuệ nhẹ,"Giao tiếp tốt, giọng nói rõ, xử lý tình huống",TP. Cần Thơ,0953605467,Sẵn sàng đi làm ngay
Lê Thị Yến,"Khuyết tật thần kinh, tâm thần (ổn định)","Tin học văn phòng, gõ phím nhanh, cẩn thận, tỉ mỉ",TP. Cần Thơ,0993113415,Sẵn sàng đi làm ngay
Vũ Diệu Trang,Khiếm thị,"Xoa bóp bấm huyệt, cảm nhận cơ thể tốt",TP. Huế,0986625483,Sẵn sàng đi làm ngay
Bùi Kim Hoa,Khiếm thị,"Viết lách, nghiên cứu thông tin, SEO cơ bản","Quận Hai Bà Trưng, Hà Nội",0947202014,Sẵn sàng đi làm ngay
Lê Kim Anh,Khiếm thị,"Nghe hiểu tốt, gõ phím nhanh, tập trung","TP. Thủ Dầu Một, Bình Dương",0939854329,Sẵn sàng đi làm ngay
Lý Văn Tuấn,Khiếm thị,"Nghe hiểu tốt, gõ phím nhanh, tập trung","Quận Tân Bình, TP.HCM",0941198032,Sẵn sàng đi làm ngay
Lê Mỹ Trang,Khiếm thị,"Nghe hiểu tốt, gõ phím nhanh, tập trung","Quận 3, TP.HCM",0923619188,Có thể bắt đầu sau 2 tuần
Lý Anh Hải,Khiếm thị,"Viết lách, nghiên cứu thông tin, SEO cơ bản",Làm việc từ xa (Remote toàn quốc),0971557118,Sẵn sàng đi làm ngay
Nguyễn Hữu Phong,Khiếm thị,"Nghe hiểu tốt, gõ phím nhanh, tập trung","TP. Thủ Dầu Một, Bình Dương",0916468993,Sẵn sàng đi làm ngay
Trần Mỹ Anh,Đa khuyết tật nhẹ,"Photoshop, Illustrator, Canva, tư duy thẩm mỹ","TP. Biên Hòa, Đồng Nai",0922049318,Sẵn sàng đi làm ngay
Nguyễn Thu Vy,Khuyết tật vận động,"Nghe hiểu tốt, gõ phím nhanh, tập trung",Làm việc từ xa (Remote toàn quốc),0917023244,Sẵn sàng đi làm ngay
Phan Hữu Bảo,Khiếm thị,"Viết lách, nghiên cứu thông tin, SEO cơ bản","TP. Biên Hòa, Đồng Nai",0993302209,Sẵn sàng đi làm ngay
Lê Văn Tuấn,Đa khuyết tật nhẹ,"Khéo tay, kiên nhẫn, tỉ mỉ","Quận Bình Thạnh, TP.HCM",0979373453,Sẵn sàng đi làm ngay
Lý Quang Vinh,Khiếm thính,"Viết tin nhắn rõ ràng, kiên nhẫn, hiểu sản phẩm","TP. Thủ Dầu Một, Bình Dương",0951615599,Sẵn sàng đi làm ngay
Trần Xuân Đức,Khuyết tật vận động,"Photoshop, Illustrator, Canva, tư duy thẩm mỹ",Làm việc từ xa (Remote toàn quốc),0958042204,Sẵn sàng đi làm ngay
Ngô Đình Long,Khiếm thính,"Khéo tay, kiên nhẫn, tỉ mỉ",TP. Huế,0964972840,Sẵn sàng đi làm ngay
Đỗ Hữu Kiên,Đa khuyết tật nhẹ,"Khéo tay, kiên nhẫn, tỉ mỉ","Quận Tân Bình, TP.HCM",0999874179,Có thể bắt đầu sau 2 tuần
Phạm Văn Hùng,"Khuyết tật thần kinh, tâm thần (ổn định)","Xoa bóp bấm huyệt, cảm nhận cơ thể tốt",TP. Huế,0971498755,Sẵn sàng đi làm ngay
Hoàng Anh Bảo,Khiếm thính,"May công nghiệp, tỉ mỉ, chịu được áp lực dây chuyền","Quận 3, TP.HCM",0985480965,Sẵn sàng đi làm ngay
Bùi Kim Thảo,Khuyết tật ngôn ngữ,"Chốt sale qua tin nhắn, quản lý đơn hàng, Excel cơ bản","TP. Thủ Dầu Một, Bình Dương",0971817885,Có thể bắt đầu sau 2 tuần
Đỗ Thị Mai,Khuyết tật vận động,"Viết tin nhắn rõ ràng, kiên nhẫn, hiểu sản phẩm","Quận Đống Đa, Hà Nội",0915641553,Có thể bắt đầu sau 2 tuần
Nguyễn Minh Phong,Khuyết tật ngôn ngữ,"Tin học văn phòng, gõ phím nhanh, cẩn thận, tỉ mỉ","Quận Tân Bình, TP.HCM",0922891207,Có thể bắt đầu sau 2 tuần
Vũ Kim Mai,"Khuyết tật thần kinh, tâm thần (ổn định)","Viết tin nhắn rõ ràng, kiên nhẫn, hiểu sản phẩm","TP. Thủ Đức, TP.HCM",0984795262,Sẵn sàng đi làm ngay
Hoàng Mỹ Vy,Khuyết tật ngôn ngữ,"Photoshop, Illustrator, Canva, tư duy thẩm mỹ","Quận 3, TP.HCM",0925378691,Sẵn sàng đi làm ngay
Võ Anh Sơn,Khiếm thị,"Xoa bóp bấm huyệt, cảm nhận cơ thể tốt",TP. Huế,0980792096,Có thể bắt đầu sau 2 tuần
Huỳnh Bích Ngọc,Khuyết tật vận động,"Viết lách, nghiên cứu thông tin, SEO cơ bản","Quận 3, TP.HCM",0961245597,Sẵn sàng đi làm ngay
Vũ Văn Hùng,Khuyết tật trí tuệ nhẹ,"May công nghiệp, tỉ mỉ, chịu được áp lực dây chuyền","TP. Nha Trang, Khánh Hòa",0974312760,Có thể bắt đầu sau 2 tuần
Dương Hữu Kiên,"Khuyết tật thần kinh, tâm thần (ổn định)","Viết lách, nghiên cứu thông tin, SEO cơ bản","Quận Cầu Giấy, Hà Nội",0999760053,Có thể bắt đầu sau 2 tuần
Bùi Quang Đức,Khuyết tật vận động,"Khéo tay, kiên nhẫn, tỉ mỉ","TP. Thủ Đức, TP.HCM",0966368085,Sẵn sàng đi làm ngay
Võ Thành Bảo,Khuyết tật trí tuệ nhẹ,"May công nghiệp, tỉ mỉ, chịu được áp lực dây chuyền","Quận 1, TP.HCM",0969518126,Có thể bắt đầu sau 2 tuần
Trần Thu Trang,Khuyết tật ngôn ngữ,"Chốt sale qua tin nhắn, quản lý đơn hàng, Excel cơ bản","TP. Thủ Dầu Một, Bình Dương",0991545976,Sẵn sàng đi làm ngay
Hoàng Minh Bảo,Khuyết tật trí tuệ nhẹ,"Cẩn thận, làm theo quy trình, sức khỏe ổn định","Quận Bình Thạnh, TP.HCM",0914740382,Có thể bắt đầu sau 2 tuần
Huỳnh Anh Tuấn,Khuyết tật trí tuệ nhẹ,"Cẩn thận, làm theo quy trình, sức khỏe ổn định","TP. Vinh, Nghệ An",0923552803,Sẵn sàng đi làm ngay
Nguyễn Anh Phong,Khuyết tật vận động,"Nghe hiểu tốt, gõ phím nhanh, tập trung",TP. Huế,0937813700,Có thể bắt đầu sau 2 tuần
Lý Mỹ Linh,Khiếm thị,"Xoa bóp bấm huyệt, cảm nhận cơ thể tốt","Quận 3, TP.HCM",0988996698,Có thể bắt đầu sau 2 tuần
Huỳnh Thu Yến,Khiếm thính,"Tin học văn phòng, gõ phím nhanh, cẩn thận, tỉ mỉ","TP. Thủ Đức, TP.HCM",0954463178,Có thể bắt đầu sau 2 tuần
Đỗ Quang Hùng,Khiếm thị,"Nghe hiểu tốt, gõ phím nhanh, tập trung",Làm việc từ xa (Remote toàn quốc),0936851984,Sẵn sàng đi làm ngay
Đặng Diệu Yến,Khuyết tật trí tuệ nhẹ,"Cẩn thận, làm theo quy trình, sức khỏe ổn định","Quận Tân Bình, TP.HCM",0924459435,Sẵn sàng đi làm ngay
Nguyễn Ngọc Trang,Khuyết tật ngôn ngữ,"Viết tin nhắn rõ ràng, kiên nhẫn, hiểu sản phẩm","TP. Thủ Đức, TP.HCM",0999226114,Sẵn sàng đi làm ngay
Huỳnh Văn Đức,Khuyết tật vận động,"Giao tiếp tốt, giọng nói rõ, xử lý tình huống","TP. Biên Hòa, Đồng Nai",0949699912,Sẵn sàng đi làm ngay
Bùi Kim Linh,Khiếm thính,"MISA, Excel, nghiệp vụ kế toán","Quận 3, TP.HCM",0986239493,Có thể bắt đầu sau 2 tuần
Võ Ngọc Trang,Khuyết tật trí tuệ nhẹ,"Cẩn thận, làm theo quy trình, sức khỏe ổn định","Quận Hai Bà Trưng, Hà Nội",0960668069,Sẵn sàng đi làm ngay
Ngô Thu Linh,Khiếm thị,"Xoa bóp bấm huyệt, cảm nhận cơ thể tốt","Quận Đống Đa, Hà Nội",0980618914,Sẵn sàng đi làm ngay
Nguyễn Thu Linh,"Khuyết tật thần kinh, tâm thần (ổn định)","Tin học văn phòng, gõ phím nhanh, cẩn thận, tỉ mỉ","Quận 1, TP.HCM",0951992881,Sẵn sàng đi làm ngay
Nguyễn Minh Sơn,Khuyết tật vận động,"Tin học văn phòng, kỹ năng sư phạm, kiên nhẫn","Quận Hai Bà Trưng, Hà Nội",0968744804,Có thể bắt đầu sau 2 tuần
Huỳnh Mỹ Yến,Khuyết tật ngôn ngữ,"MISA, Excel, nghiệp vụ kế toán",TP. Huế,0930482151,Sẵn sàng đi làm ngay
Trần Diệu Yến,Khuyết tật trí tuệ nhẹ,"May công nghiệp, tỉ mỉ, chịu được áp lực dây chuyền","TP. Thủ Dầu Một, Bình Dương",0931040273,Sẵn sàng đi làm ngay
Bùi Văn Nam,Khiếm thị,"Tin học văn phòng, kỹ năng sư phạm, kiên nhẫn","TP. Biên Hòa, Đồng Nai",0927098634,Sẵn sàng đi làm ngay
Nguyễn Xuân Tuấn,Khiếm thị,"Nghe hiểu tốt, gõ phím nhanh, tập trung",TP. Cần Thơ,0923701553,Sẵn sàng đi làm ngay
Võ Thị Trang,Khiếm thính,"Ngôn ngữ ký hiệu, biên tập video cơ bản","TP. Thủ Dầu Một, Bình Dương",0923728994,Có thể bắt đầu sau 2 tuần
Ngô Thị Nga,Đa khuyết tật nhẹ,"Cẩn thận, làm theo quy trình, sức khỏe ổn định","Quận Cầu Giấy, Hà Nội",0919321385,Sẵn sàng đi làm ngay
Dương Đình Tuấn,Khuyết tật trí tuệ nhẹ,"Giao tiếp tốt, giọng nói rõ, xử lý tình huống","Quận Tân Bình, TP.HCM",0980760176,Sẵn sàng đi làm ngay
Bùi Kim Mai,Đa khuyết tật nhẹ,"Khéo tay, kiên nhẫn, tỉ mỉ",Làm việc từ xa (Remote toàn quốc),0961219817,Có thể bắt đầu sau 2 tuần
Lê Anh Khoa,Khuyết tật trí tuệ nhẹ,"Giao tiếp tốt, giọng nói rõ, xử lý tình huống","TP. Biên Hòa, Đồng Nai",0947829025,Sẵn sàng đi làm ngay
Lê Thu Anh,Khiếm thị,"Xoa bóp bấm huyệt, cảm nhận cơ thể tốt","TP. Thủ Đức, TP.HCM",0984533976,Sẵn sàng đi làm ngay
Phạm Ngọc Thảo,Khuyết tật ngôn ngữ,"Viết lách, nghiên cứu thông tin, SEO cơ bản","TP. Nha Trang, Khánh Hòa",0941501634,Sẵn sàng đi làm ngay
Phạm Diệu Lan,Khuyết tật vận động,"Nghe hiểu tốt, gõ phím nhanh, tập trung","Quận 3, TP.HCM",0981539870,Sẵn sàng đi làm ngay
Bùi Thị Trang,Khiếm thị,"Tin học văn phòng, kỹ năng sư phạm, kiên nhẫn","TP. Nha Trang, Khánh Hòa",0926310364,Sẵn sàng đi làm ngay
Phan Minh Tuấn,Khiếm thị,"Tin học văn phòng, kỹ năng sư phạm, kiên nhẫn","Quận 1, TP.HCM",0922417137,Có thể bắt đầu sau 2 tuần
Dương Đình Vinh,Khuyết tật ngôn ngữ,"Chốt sale qua tin nhắn, quản lý đơn hàng, Excel cơ bản","Quận Tân Bình, TP.HCM",0952322663,Có thể bắt đầu sau 2 tuần
Đỗ Quang Long,Khuyết tật trí tuệ nhẹ,"May công nghiệp, tỉ mỉ, chịu được áp lực dây chuyền",TP. Cần Thơ,0918508133,Có thể bắt đầu sau 2 tuần
Hoàng Hữu Khoa,Khiếm thị,"Viết lách, nghiên cứu thông tin, SEO cơ bản","Quận Bình Thạnh, TP.HCM",0923910943,Sẵn sàng đi làm ngay
Hoàng Anh Sơn,Đa khuyết tật nhẹ,"Cẩn thận, làm theo quy trình, sức khỏe ổn định","Quận Tân Bình, TP.HCM",0941065481,Sẵn sàng đi làm ngay
Dương Thị Trang,"Khuyết tật thần kinh, tâm thần (ổn định)","Photoshop, Illustrator, Canva, tư duy thẩm mỹ","TP. Vinh, Nghệ An",0951851655,Sẵn sàng đi làm ngay
Nguyễn Thu Hoa,Khuyết tật ngôn ngữ,"Python, SQL, Git, tư duy logic",TP. Huế,0961860648,Sẵn sàng đi làm ngay
Võ Văn Hải,Khuyết tật vận động,"Chốt sale qua tin nhắn, quản lý đơn hàng, Excel cơ bản","TP. Vinh, Nghệ An",0924034673,Sẵn sàng đi làm ngay
Hoàng Đình Nam,Đa khuyết tật nhẹ,"Khéo tay, kiên nhẫn, tỉ mỉ","TP. Nha Trang, Khánh Hòa",0971434761,Sẵn sàng đi làm ngay
Vũ Thị Linh,Khuyết tật trí tuệ nhẹ,"Khéo tay, kiên nhẫn, tỉ mỉ","Quận 3, TP.HCM",0938829237,Có thể bắt đầu sau 2 tuần
Đặng Kim Mai,Khuyết tật trí tuệ nhẹ,"Khéo tay, kiên nhẫn, tỉ mỉ",TP. Đà Nẵng,0970368125,Sẵn sàng đi làm ngay
Đỗ Minh Sơn,Khiếm thị,"Nghe hiểu tốt, gõ phím nhanh, tập trung","Quận Tân Bình, TP.HCM",0934940623,Có thể bắt đầu sau 2 tuần
Nguyễn Thị Linh,Khuyết tật trí tuệ nhẹ,"Khéo tay, kiên nhẫn, tỉ mỉ","Quận Bình Thạnh, TP.HCM",0932525718,Sẵn sàng đi làm ngay
Phạm Bích Vy,Đa khuyết tật nhẹ,"Khéo tay, kiên nhẫn, tỉ mỉ","TP. Thủ Dầu Một, Bình Dương",0984695013,Sẵn sàng đi làm ngay
Trần Thị Lan,Khuyết tật trí tuệ nhẹ,"Cẩn thận, làm theo quy trình, sức khỏe ổn định","Quận Hai Bà Trưng, Hà Nội",0913591964,Có thể bắt đầu sau 2 tuần
Hoàng Hữu Nam,Khuyết tật ngôn ngữ,"Viết tin nhắn rõ ràng, kiên nhẫn, hiểu sản phẩm","TP. Biên Hòa, Đồng Nai",0953234102,Sẵn sàng đi làm ngay
Nguyễn Xuân Long,Khiếm thính,"Khéo tay, kiên nhẫn, tỉ mỉ",TP. Cần Thơ,0979934637,Sẵn sàng đi làm ngay
Ngô Kim Mai,Khuyết tật ngôn ngữ,"Python, SQL, Git, tư duy logic","TP. Nha Trang, Khánh Hòa",0989314895,Sẵn sàng đi làm ngay
Vũ Quang Phong,Khuyết tật vận động,"MISA, Excel, nghiệp vụ kế toán","Quận Bình Thạnh, TP.HCM",0924297366,Sẵn sàng đi làm ngay
Nguyễn Mỹ Thảo,Khiếm thính,"Cẩn thận, làm theo quy trình, sức khỏe ổn định","TP. Vinh, Nghệ An",0939786072,Sẵn sàng đi làm ngay
Đặng Quang Hùng,Khuyết tật vận động,"Tin học văn phòng, kỹ năng sư phạm, kiên nhẫn",TP. Cần Thơ,0969612966,Sẵn sàng đi làm ngay
Trần Diệu Yến,Khiếm thính,"Photoshop, Illustrator, Canva, tư duy thẩm mỹ","TP. Vinh, Nghệ An",0916988827,Có thể bắt đầu sau 2 tuần
Lê Thu Trang,Khuyết tật vận động,"Tin học văn phòng, kỹ năng sư phạm, kiên nhẫn","Quận 1, TP.HCM",0949423056,Sẵn sàng đi làm ngay
Dương Mỹ Trang,Đa khuyết tật nhẹ,"Khéo tay, kiên nhẫn, tỉ mỉ","TP. Biên Hòa, Đồng Nai",0940527771,Sẵn sàng đi làm ngay
Bùi Mỹ Anh,"Khuyết tật thần kinh, tâm thần (ổn định)","Cẩn thận, làm theo quy trình, sức khỏe ổn định",TP. Cần Thơ,0955961943,Sẵn sàng đi làm ngay
Vũ Thị Linh,Khiếm thị,"Nghe hiểu tốt, gõ phím nhanh, tập trung","Quận Tân Bình, TP.HCM",0941425510,Sẵn sàng đi làm ngay
Đặng Kim Ngọc,Khiếm thính,"Tin học văn phòng, gõ phím nhanh, cẩn thận, tỉ mỉ",TP. Cần Thơ,0934174266,Sẵn sàng đi làm ngay
Đỗ Hữu Vinh,Khuyết tật trí tuệ nhẹ,"Khéo tay, kiên nhẫn, tỉ mỉ","Quận Đống Đa, Hà Nội",0992332317,Sẵn sàng đi làm ngay
Trần Ngọc Ngọc,Đa khuyết tật nhẹ,"Khéo tay, kiên nhẫn, tỉ mỉ","Quận Hai Bà Trưng, Hà Nội",0950726836,Có thể bắt đầu sau 2 tuần
Hoàng Bích Anh,"Khuyết tật thần kinh, tâm thần (ổn định)","Ngôn ngữ ký hiệu, biên tập video cơ bản","TP. Thủ Đức, TP.HCM",0930432836,Có thể bắt đầu sau 2 tuần
Dương Quang Bảo,Khiếm thị,"Viết lách, nghiên cứu thông tin, SEO cơ bản","TP. Nha Trang, Khánh Hòa",0930593541,Có thể bắt đầu sau 2 tuần
Võ Hữu Long,"Khuyết tật thần kinh, tâm thần (ổn định)","Tin học văn phòng, kỹ năng sư phạm, kiên nhẫn","TP. Nha Trang, Khánh Hòa",0920501313,Có thể bắt đầu sau 2 tuần
Ngô Xuân Bảo,Khiếm thị,"Viết lách, nghiên cứu thông tin, SEO cơ bản","Quận Đống Đa, Hà Nội",0962414294,Sẵn sàng đi làm ngay
Huỳnh Hữu Tuấn,Khiếm thính,"Khéo tay, kiên nhẫn, tỉ mỉ","Quận 1, TP.HCM",0940735255,Có thể bắt đầu sau 2 tuần
Lý Mỹ Hương,Khuyết tật trí tuệ nhẹ,"May công nghiệp, tỉ mỉ, chịu được áp lực dây chuyền","Quận Tân Bình, TP.HCM",0955499968,Sẵn sàng đi làm ngay
Lý Diệu Trang,"Khuyết tật thần kinh, tâm thần (ổn định)","Tin học văn phòng, kỹ năng sư phạm, kiên nhẫn","Quận Đống Đa, Hà Nội",0962767017,Sẵn sàng đi làm ngay
Trần Bích Vy,Khiếm thị,"Tin học văn phòng, kỹ năng sư phạm, kiên nhẫn","Quận 1, TP.HCM",0996689645,Sẵn sàng đi làm ngay
Đặng Thu Vy,Khuyết tật trí tuệ nhẹ,"Giao tiếp tốt, giọng nói rõ, xử lý tình huống","Quận Hai Bà Trưng, Hà Nội",0927759726,Sẵn sàng đi làm ngay
Phan Kim Hương,Đa khuyết tật nhẹ,"Photoshop, Illustrator, Canva, tư duy thẩm mỹ","TP. Nha Trang, Khánh Hòa",0958602368,Sẵn sàng đi làm ngay
Huỳnh Đình Phong,Khuyết tật ngôn ngữ,"Chốt sale qua tin nhắn, quản lý đơn hàng, Excel cơ bản","Quận 3, TP.HCM",0917193528,Sẵn sàng đi làm ngay
Bùi Thị Lan,"Khuyết tật thần kinh, tâm thần (ổn định)","Photoshop, Illustrator, Canva, tư duy thẩm mỹ","Quận Tân Bình, TP.HCM",0953849327,Sẵn sàng đi làm ngay
Phạm Diệu Trang,Khuyết tật trí tuệ nhẹ,"Giao tiếp tốt, giọng nói rõ, xử lý tình huống","TP. Vinh, Nghệ An",0993682955,Sẵn sàng đi làm ngay
Dương Văn Kiên,Khiếm thính,"Python, SQL, Git, tư duy logic","Quận Bình Thạnh, TP.HCM",0984630582,Sẵn sàng đi làm ngay
Võ Bích Yến,"Khuyết tật thần kinh, tâm thần (ổn định)","Tin học văn phòng, kỹ năng sư phạm, kiên nhẫn","Quận Đống Đa, Hà Nội",0986901486,Sẵn sàng đi làm ngay
Vũ Quang Sơn,Đa khuyết tật nhẹ,"Cẩn thận, làm theo quy trình, sức khỏe ổn định","TP. Nha Trang, Khánh Hòa",0918235776,Sẵn sàng đi làm ngay
Vũ Mỹ Vy,Khuyết tật vận động,"MISA, Excel, nghiệp vụ kế toán","Quận Tân Bình, TP.HCM",0942884958,Sẵn sàng đi làm ngay
Đỗ Đình Nam,Khuyết tật trí tuệ nhẹ,"Khéo tay, kiên nhẫn, tỉ mỉ","TP. Biên Hòa, Đồng Nai",0919639744,Có thể bắt đầu sau 2 tuần
Lý Thành Hải,Khuyết tật ngôn ngữ,"Viết lách, nghiên cứu thông tin, SEO cơ bản","TP. Thủ Đức, TP.HCM",0920953672,Sẵn sàng đi làm ngay
Vũ Quang Hùng,Khuyết tật trí tuệ nhẹ,"Khéo tay, kiên nhẫn, tỉ mỉ","Quận Tân Bình, TP.HCM",0930876314,Sẵn sàng đi làm ngay
Đặng Quang Đức,Khuyết tật vận động,"Photoshop, Illustrator, Canva, tư duy thẩm mỹ",TP. Huế,0993976791,Sẵn sàng đi làm ngay
Phan Quang Nam,Khiếm thính,"Khéo tay, kiên nhẫn, tỉ mỉ","TP. Vinh, Nghệ An",0940243036,Có thể bắt đầu sau 2 tuần
Bùi Anh Nam,"Khuyết tật thần kinh, tâm thần (ổn định)","Photoshop, Illustrator, Canva, tư duy thẩm mỹ","Quận Hai Bà Trưng, Hà Nội",0981626676,Sẵn sàng đi làm ngay
Ngô Hữu Nam,"Khuyết tật thần kinh, tâm thần (ổn định)","Tin học văn phòng, kỹ năng sư phạm, kiên nhẫn","TP. Nha Trang, Khánh Hòa",0961074449,Có thể bắt đầu sau 2 tuần
Đặng Kim Nga,Khiếm thị,"Tin học văn phòng, kỹ năng sư phạm, kiên nhẫn",TP. Đà Nẵng,0932201737,Có thể bắt đầu sau 2 tuần
Ngô Minh Kiên,Khuyết tật vận động,"Python, SQL, Git, tư duy logic",TP. Huế,0979824914,Sẵn sàng đi làm ngay
Võ Hữu Sơn,Khiếm thị,"Tin học văn phòng, kỹ năng sư phạm, kiên nhẫn",TP. Huế,0951488074,Có thể bắt đầu sau 2 tuần
Phan Văn Đức,Khiếm thị,"Nghe hiểu tốt, gõ phím nhanh, tập trung","Quận 3, TP.HCM",0985420780,Sẵn sàng đi làm ngay
Đỗ Văn Kiên,Khiếm thính,"May công nghiệp, tỉ mỉ, chịu được áp lực dây chuyền","TP. Biên Hòa, Đồng Nai",0962164584,Sẵn sàng đi làm ngay
Lý Ngọc Nga,Khiếm thị,"Tin học văn phòng, kỹ năng sư phạm, kiên nhẫn",Làm việc từ xa (Remote toàn quốc),0987460714,Sẵn sàng đi làm ngay
Phan Mỹ Hương,Khiếm thị,"Xoa bóp bấm huyệt, cảm nhận cơ thể tốt",TP. Đà Nẵng,0925600105,Sẵn sàng đi làm ngay
Đỗ Đình Hải,"Khuyết tật thần kinh, tâm thần (ổn định)","Nghe hiểu tốt, gõ phím nhanh, tập trung","TP. Nha Trang, Khánh Hòa",0953486662,Sẵn sàng đi làm ngay
Lê Thu Vy,Khiếm thính,"MISA, Excel, nghiệp vụ kế toán","Quận 1, TP.HCM",0993111440,Sẵn sàng đi làm ngay
Đỗ Quang Bảo,Khuyết tật trí tuệ nhẹ,"Cẩn thận, làm theo quy trình, sức khỏe ổn định","Quận Hai Bà Trưng, Hà Nội",0958184565,Có thể bắt đầu sau 2 tuần
Ngô Đình Long,Đa khuyết tật nhẹ,"Cẩn thận, làm theo quy trình, sức khỏe ổn định","TP. Biên Hòa, Đồng Nai",0970591117,Sẵn sàng đi làm ngay
Vũ Mỹ Thảo,Khiếm thính,"Photoshop, Illustrator, Canva, tư duy thẩm mỹ","Quận Bình Thạnh, TP.HCM",0911590407,Sẵn sàng đi làm ngay
Huỳnh Xuân Phong,Khuyết tật ngôn ngữ,"Viết tin nhắn rõ ràng, kiên nhẫn, hiểu sản phẩm","TP. Thủ Đức, TP.HCM",0923968435,Sẵn sàng đi làm ngay
Đỗ Ngọc Linh,Khuyết tật vận động,"MISA, Excel, nghiệp vụ kế toán",TP. Cần Thơ,0914110982,Có thể bắt đầu sau 2 tuần
Phan Thị Anh,Khuyết tật ngôn ngữ,"Tin học văn phòng, gõ phím nhanh, cẩn thận, tỉ mỉ","TP. Thủ Dầu Một, Bình Dương",0978204548,Sẵn sàng đi làm ngay
Bùi Kim Thảo,Khuyết tật ngôn ngữ,"Photoshop, Illustrator, Canva, tư duy thẩm mỹ",TP. Đà Nẵng,0939953588,Có thể bắt đầu sau 2 tuần
Nguyễn Bích Anh,Đa khuyết tật nhẹ,"Photoshop, Illustrator, Canva, tư duy thẩm mỹ","Quận Tân Bình, TP.HCM",0980021715,Sẵn sàng đi làm ngay
Phạm Thu Trang,Khiếm thính,"Python, SQL, Git, tư duy logic","TP. Vinh, Nghệ An",0983117599,Sẵn sàng đi làm ngay
Lê Xuân Hùng,Khiếm thị,"Xoa bóp bấm huyệt, cảm nhận cơ thể tốt",Làm việc từ xa (Remote toàn quốc),0983875207,Sẵn sàng đi làm ngay
Dương Mỹ Vy,Khuyết tật ngôn ngữ,"Viết tin nhắn rõ ràng, kiên nhẫn, hiểu sản phẩm",TP. Đà Nẵng,0931497085,Sẵn sàng đi làm ngay
Bùi Hữu Nam,"Khuyết tật thần kinh, tâm thần (ổn định)","Nghe hiểu tốt, gõ phím nhanh, tập trung","Quận Đống Đa, Hà Nội",0993846569,Có thể bắt đầu sau 2 tuần
Trần Thị Hoa,Khuyết tật vận động,"Nghe hiểu tốt, gõ phím nhanh, tập trung","TP. Biên Hòa, Đồng Nai",0958779040,Có thể bắt đầu sau 2 tuần
Đặng Minh Vinh,Khiếm thính,"MISA, Excel, nghiệp vụ kế toán","Quận Tân Bình, TP.HCM",0927300390,Sẵn sàng đi làm ngay
Nguyễn Văn Tuấn,Khiếm thị,"Nghe hiểu tốt, gõ phím nhanh, tập trung","Quận 3, TP.HCM",0928071125,Sẵn sàng đi làm ngay
Đỗ Ngọc Hoa,Khuyết tật vận động,"Tin học văn phòng, gõ phím nhanh, cẩn thận, tỉ mỉ","TP. Thủ Đức, TP.HCM",0935555144,Sẵn sàng đi làm ngay
Phạm Thu Linh,"Khuyết tật thần kinh, tâm thần (ổn định)","Python, SQL, Git, tư duy logic",TP. Đà Nẵng,0987083341,Sẵn sàng đi làm ngay
Dương Diệu Yến,Khuyết tật trí tuệ nhẹ,"May công nghiệp, tỉ mỉ, chịu được áp lực dây chuyền","Quận 1, TP.HCM",0963203274,Sẵn sàng đi làm ngay
Dương Bích Vy,Khuyết tật trí tuệ nhẹ,"Cẩn thận, làm theo quy trình, sức khỏe ổn định","TP. Nha Trang, Khánh Hòa",0951010058,Sẵn sàng đi làm ngay
Huỳnh Minh Sơn,Khiếm thị,"Xoa bóp bấm huyệt, cảm nhận cơ thể tốt",TP. Đà Nẵng,0912531331,Sẵn sàng đi làm ngay
Đặng Văn Kiên,Khuyết tật trí tuệ nhẹ,"Cẩn thận, làm theo quy trình, sức khỏe ổn định",TP. Đà Nẵng,0983362808,Sẵn sàng đi làm ngay
Võ Anh Vinh,Đa khuyết tật nhẹ,"Cẩn thận, làm theo quy trình, sức khỏe ổn định","TP. Biên Hòa, Đồng Nai",0998031820,Sẵn sàng đi làm ngay
Đặng Diệu Anh,Khuyết tật trí tuệ nhẹ,"Khéo tay, kiên nhẫn, tỉ mỉ","TP. Thủ Đức, TP.HCM",0932811161,Sẵn sàng đi làm ngay
Trần Văn Đức,Khuyết tật ngôn ngữ,"Photoshop, Illustrator, Canva, tư duy thẩm mỹ",TP. Cần Thơ,0912437182,Sẵn sàng đi làm ngay
Trần Diệu Linh,Đa khuyết tật nhẹ,"Khéo tay, kiên nhẫn, tỉ mỉ",TP. Huế,0926397251,Sẵn sàng đi làm ngay
Lê Bích Hương,Khiếm thị,"Viết lách, nghiên cứu thông tin, SEO cơ bản","TP. Thủ Dầu Một, Bình Dương",0927872314,Sẵn sàng đi làm ngay
Võ Ngọc Thảo,Khuyết tật ngôn ngữ,"Tin học văn phòng, gõ phím nhanh, cẩn thận, tỉ mỉ","TP. Biên Hòa, Đồng Nai",0996962570,Sẵn sàng đi làm ngay
Lý Văn Vinh,Khuyết tật vận động,"Viết tin nhắn rõ ràng, kiên nhẫn, hiểu sản phẩm","TP. Thủ Dầu Một, Bình Dương",0951079014,Sẵn sàng đi làm ngay
Đỗ Ngọc Ngọc,Khuyết tật trí tuệ nhẹ,"May công nghiệp, tỉ mỉ, chịu được áp lực dây chuyền","TP. Biên Hòa, Đồng Nai",0958873024,Sẵn sàng đi làm ngay
Lý Đình Đức,Khiếm thính,"Photoshop, Illustrator, Canva, tư duy thẩm mỹ","Quận Tân Bình, TP.HCM",0952861263,Sẵn sàng đi làm ngay
Vũ Kim Mai,Khuyết tật trí tuệ nhẹ,"May công nghiệp, tỉ mỉ, chịu được áp lực dây chuyền","TP. Vinh, Nghệ An",0933779125,Sẵn sàng đi làm ngay
Hoàng Thị Linh,Khiếm thị,"Xoa bóp bấm huyệt, cảm nhận cơ thể tốt","TP. Vinh, Nghệ An",0912667181,Sẵn sàng đi làm ngay
Đỗ Mỹ Lan,Khuyết tật vận động,"MISA, Excel, nghiệp vụ kế toán","Quận 1, TP.HCM",0982956541,Sẵn sàng đi làm ngay
Lê Ngọc Nga,Đa khuyết tật nhẹ,"Khéo tay, kiên nhẫn, tỉ mỉ","TP. Thủ Đức, TP.HCM",0954087406,Có thể bắt đầu sau 2 tuần
Đặng Thị Nga,Đa khuyết tật nhẹ,"Khéo tay, kiên nhẫn, tỉ mỉ","TP. Thủ Dầu Một, Bình Dương",0957328450,Sẵn sàng đi làm ngay
Vũ Diệu Lan,Khuyết tật trí tuệ nhẹ,"Khéo tay, kiên nhẫn, tỉ mỉ","TP. Vinh, Nghệ An",0924357909,Sẵn sàng đi làm ngay
Nguyễn Diệu Nga,Đa khuyết tật nhẹ,"Khéo tay, kiên nhẫn, tỉ mỉ","Quận Hai Bà Trưng, Hà Nội",0972778448,Sẵn sàng đi làm ngay
Huỳnh Bích Lan,Khiếm thị,"Tin học văn phòng, kỹ năng sư phạm, kiên nhẫn",TP. Đà Nẵng,0921779369,Có thể bắt đầu sau 2 tuần
Võ Thị Lan,Khiếm thính,"MISA, Excel, nghiệp vụ kế toán","TP. Thủ Dầu Một, Bình Dương",0956792399,Sẵn sàng đi làm ngay
Ngô Thành Vinh,Khiếm thị,"Nghe hiểu tốt, gõ phím nhanh, tập trung","Quận Tân Bình, TP.HCM",0980019765,Sẵn sàng đi làm ngay
Lý Thu Thảo,Khuyết tật trí tuệ nhẹ,"Giao tiếp tốt, giọng nói rõ, xử lý tình huống","Quận 1, TP.HCM",0968065670,Sẵn sàng đi làm ngay
Nguyễn Mỹ Trang,Khiếm thính,"Python, SQL, Git, tư duy logic","Quận Hai Bà Trưng, Hà Nội",0962400732,Có thể bắt đầu sau 2 tuần
Đỗ Kim Vy,"Khuyết tật thần kinh, tâm thần (ổn định)","Photoshop, Illustrator, Canva, tư duy thẩm mỹ","Quận Hai Bà Trưng, Hà Nội",0974312353,Sẵn sàng đi làm ngay
Vũ Anh Vinh,Đa khuyết tật nhẹ,"Cẩn thận, làm theo quy trình, sức khỏe ổn định","TP. Thủ Đức, TP.HCM",0962874708,Có thể bắt đầu sau 2 tuần
Võ Bích Mai,Đa khuyết tật nhẹ,"Photoshop, Illustrator, Canva, tư duy thẩm mỹ","Quận Đống Đa, Hà Nội",0979665571,Sẵn sàng đi làm ngay
Đỗ Kim Ngọc,Đa khuyết tật nhẹ,"Photoshop, Illustrator, Canva, tư duy thẩm mỹ","TP. Thủ Dầu Một, Bình Dương",0978733140,Sẵn sàng đi làm ngay
Ngô Xuân Phong,"Khuyết tật thần kinh, tâm thần (ổn định)","Photoshop, Illustrator, Canva, tư duy thẩm mỹ",TP. Đà Nẵng,0942576351,Sẵn sàng đi làm ngay
Vũ Minh Bảo,Khuyết tật ngôn ngữ,"Tin học văn phòng, gõ phím nhanh, cẩn thận, tỉ mỉ","Quận 1, TP.HCM",0988167389,Có thể bắt đầu sau 2 tuần
Ngô Xuân Kiên,Đa khuyết tật nhẹ,"Cẩn thận, làm theo quy trình, sức khỏe ổn định",TP. Cần Thơ,0996244314,Sẵn sàng đi làm ngay
Trần Thị Thảo,Đa khuyết tật nhẹ,"Khéo tay, kiên nhẫn, tỉ mỉ",TP. Đà Nẵng,0964088669,Sẵn sàng đi làm ngay
Lê Anh Long,Đa khuyết tật nhẹ,"Photoshop, Illustrator, Canva, tư duy thẩm mỹ",TP. Huế,0997804184,Sẵn sàng đi làm ngay
Đặng Thành Hùng,Đa khuyết tật nhẹ,"Khéo tay, kiên nhẫn, tỉ mỉ","TP. Thủ Dầu Một, Bình Dương",0944777901,Sẵn sàng đi làm ngay
Lý Thu Vy,Khuyết tật ngôn ngữ,"MISA, Excel, nghiệp vụ kế toán","Quận Đống Đa, Hà Nội",0995473930,Có thể bắt đầu sau 2 tuần
Vũ Bích Ngọc,Khuyết tật ngôn ngữ,"MISA, Excel, nghiệp vụ kế toán","Quận 3, TP.HCM",0967605349,Sẵn sàng đi làm ngay
Võ Bích Thảo,Đa khuyết tật nhẹ,"Khéo tay, kiên nhẫn, tỉ mỉ","TP. Vinh, Nghệ An",0954273820,Sẵn sàng đi làm ngay
Phan Minh Hải,Đa khuyết tật nhẹ,"Cẩn thận, làm theo quy trình, sức khỏe ổn định","Quận Bình Thạnh, TP.HCM",0951148878,Sẵn sàng đi làm ngay
Vũ Thị Vy,Khuyết tật trí tuệ nhẹ,"May công nghiệp, tỉ mỉ, chịu được áp lực dây chuyền","Quận 3, TP.HCM",0972541552,Sẵn sàng đi làm ngay
Huỳnh Bích Vy,Khuyết tật trí tuệ nhẹ,"Giao tiếp tốt, giọng nói rõ, xử lý tình huống","Quận Đống Đa, Hà Nội",0910350851,Sẵn sàng đi làm ngay
Đặng Quang Hải,Khuyết tật ngôn ngữ,"Photoshop, Illustrator, Canva, tư duy thẩm mỹ","TP. Nha Trang, Khánh Hòa",0977249703,Sẵn sàng đi làm ngay
Phan Kim Nga,Khiếm thính,"Viết tin nhắn rõ ràng, kiên nhẫn, hiểu sản phẩm","Quận Đống Đa, Hà Nội",0927434323,Có thể bắt đầu sau 2 tuần
Đỗ Hữu Nam,Khuyết tật vận động,"Chốt sale qua tin nhắn, quản lý đơn hàng, Excel cơ bản","Quận 3, TP.HCM",0962692263,Sẵn sàng đi làm ngay
Huỳnh Bích Nga,Khiếm thị,"Tin học văn phòng, kỹ năng sư phạm, kiên nhẫn","Quận Hai Bà Trưng, Hà Nội",0925955956,Sẵn sàng đi làm ngay
Đặng Ngọc Hương,Khuyết tật trí tuệ nhẹ,"May công nghiệp, tỉ mỉ, chịu được áp lực dây chuyền",TP. Đà Nẵng,0927174355,Sẵn sàng đi làm ngay
Hoàng Anh Hùng,Khuyết tật trí tuệ nhẹ,"Cẩn thận, làm theo quy trình, sức khỏe ổn định","Quận Bình Thạnh, TP.HCM",0988538853,Sẵn sàng đi làm ngay
Huỳnh Thị Hương,Khuyết tật vận động,"Nghe hiểu tốt, gõ phím nhanh, tập trung","TP. Thủ Dầu Một, Bình Dương",0914932213,Sẵn sàng đi làm ngay
Trần Minh Long,Khiếm thính,"Cẩn thận, làm theo quy trình, sức khỏe ổn định",TP. Đà Nẵng,0958378939,Sẵn sàng đi làm ngay
Trần Thị Mai,Đa khuyết tật nhẹ,"Khéo tay, kiên nhẫn, tỉ mỉ","TP. Nha Trang, Khánh Hòa",0985661010,Sẵn sàng đi làm ngay
Bùi Văn Phong,"Khuyết tật thần kinh, tâm thần (ổn định)","Khéo tay, kiên nhẫn, tỉ mỉ","Quận Bình Thạnh, TP.HCM",0953611062,Sẵn sàng đi làm ngay
Lý Đình Khoa,"Khuyết tật thần kinh, tâm thần (ổn định)","Nghe hiểu tốt, gõ phím nhanh, tập trung","Quận Tân Bình, TP.HCM",0997121722,Sẵn sàng đi làm ngay
Huỳnh Minh Phong,"Khuyết tật thần kinh, tâm thần (ổn định)","Cẩn thận, làm theo quy trình, sức khỏe ổn định","Quận 1, TP.HCM",0984820644,Sẵn sàng đi làm ngay
Huỳnh Anh Bảo,Khiếm thị,"Xoa bóp bấm huyệt, cảm nhận cơ thể tốt",TP. Đà Nẵng,0954690084,Sẵn sàng đi làm ngay
Phan Xuân Tuấn,Khuyết tật trí tuệ nhẹ,"May công nghiệp, tỉ mỉ, chịu được áp lực dây chuyền","TP. Biên Hòa, Đồng Nai",0982334439,Sẵn sàng đi làm ngay
Phạm Mỹ Yến,"Khuyết tật thần kinh, tâm thần (ổn định)","Giao tiếp tốt, giọng nói rõ, xử lý tình huống","Quận Đống Đa, Hà Nội",0935727682,Sẵn sàng đi làm ngay
Bùi Thị Hoa,Khuyết tật ngôn ngữ,"Tin học văn phòng, gõ phím nhanh, cẩn thận, tỉ mỉ",TP. Đà Nẵng,0979732631,Sẵn sàng đi làm ngay
Phan Bích Vy,"Khuyết tật thần kinh, tâm thần (ổn định)","Chốt sale qua tin nhắn, quản lý đơn hàng, Excel cơ bản","Quận Hai Bà Trưng, Hà Nội",0929074620,Có thể bắt đầu sau 2 tuần
Bùi Văn Bảo,Khuyết tật trí tuệ nhẹ,"Giao tiếp tốt, giọng nói rõ, xử lý tình huống","Quận Cầu Giấy, Hà Nội",0969609128,Sẵn sàng đi làm ngay
Phan Văn Phong,Khuyết tật vận động,"Chốt sale qua tin nhắn, quản lý đơn hàng, Excel cơ bản","Quận 1, TP.HCM",0996344275,Có thể bắt đầu sau 2 tuần
Huỳnh Ngọc Hoa,Khuyết tật trí tuệ nhẹ,"Giao tiếp tốt, giọng nói rõ, xử lý tình huống","Quận Bình Thạnh, TP.HCM",0917491622,Sẵn sàng đi làm ngay
Hoàng Mỹ Yến,Đa khuyết tật nhẹ,"Photoshop, Illustrator, Canva, tư duy thẩm mỹ",TP. Đà Nẵng,0990414219,Sẵn sàng đi làm ngay
Lê Kim Vy,Khiếm thị,"Xoa bóp bấm huyệt, cảm nhận cơ thể tốt","TP. Nha Trang, Khánh Hòa",0935989570,Sẵn sàng đi làm ngay
Đặng Diệu Lan,Đa khuyết tật nhẹ,"Cẩn thận, làm theo quy trình, sức khỏe ổn định","Quận Hai Bà Trưng, Hà Nội",0990029835,Sẵn sàng đi làm ngay
Nguyễn Ngọc Hoa,Khuyết tật trí tuệ nhẹ,"May công nghiệp, tỉ mỉ, chịu được áp lực dây chuyền","Quận Tân Bình, TP.HCM",0974476041,Sẵn sàng đi làm ngay
Dương Đình Nam,Khiếm thị,"Tin học văn phòng, kỹ năng sư phạm, kiên nhẫn","Quận 3, TP.HCM",0978572891,Sẵn sàng đi làm ngay
Lê Văn Đức,Khuyết tật trí tuệ nhẹ,"Cẩn thận, làm theo quy trình, sức khỏe ổn định",TP. Đà Nẵng,0948395922,Sẵn sàng đi làm ngay
Ngô Đình Hùng,Khuyết tật vận động,"Khéo tay, kiên nhẫn, tỉ mỉ","TP. Vinh, Nghệ An",0963717874,Sẵn sàng đi làm ngay
Lê Văn Long,Khiếm thị,"Xoa bóp bấm huyệt, cảm nhận cơ thể tốt","Quận Bình Thạnh, TP.HCM",0944720281,Sẵn sàng đi làm ngay
Lê Thu Thảo,Khuyết tật trí tuệ nhẹ,"Khéo tay, kiên nhẫn, tỉ mỉ","TP. Biên Hòa, Đồng Nai",0964808061,Sẵn sàng đi làm ngay
Bùi Minh Tuấn,Khuyết tật ngôn ngữ,"Viết tin nhắn rõ ràng, kiên nhẫn, hiểu sản phẩm","Quận 1, TP.HCM",0930888505,Sẵn sàng đi làm ngay
Huỳnh Xuân Khoa,Khuyết tật vận động,"Nghe hiểu tốt, gõ phím nhanh, tập trung","Quận Cầu Giấy, Hà Nội",0972515450,Sẵn sàng đi làm ngay
Nguyễn Minh Phong,Khuyết tật trí tuệ nhẹ,"Cẩn thận, làm theo quy trình, sức khỏe ổn định",TP. Đà Nẵng,0952692028,Sẵn sàng đi làm ngay
Trần Xuân Nam,Khuyết tật trí tuệ nhẹ,"Giao tiếp tốt, giọng nói rõ, xử lý tình huống",TP. Huế,0983250114,Sẵn sàng đi làm ngay
Võ Ngọc Yến,Khuyết tật trí tuệ nhẹ,"Giao tiếp tốt, giọng nói rõ, xử lý tình huống","TP. Thủ Đức, TP.HCM",0919556411,Có thể bắt đầu sau 2 tuần
Trần Văn Đức,Đa khuyết tật nhẹ,"Khéo tay, kiên nhẫn, tỉ mỉ",TP. Đà Nẵng,0936289915,Có thể bắt đầu sau 2 tuần
Nguyễn Thành Khoa,Khiếm thính,"Ngôn ngữ ký hiệu, biên tập video cơ bản",TP. Huế,0979163878,Sẵn sàng đi làm ngay
Phan Xuân Bảo,Khiếm thị,"Xoa bóp bấm huyệt, cảm nhận cơ thể tốt","TP. Nha Trang, Khánh Hòa",0959349471,Sẵn sàng đi làm ngay
Lý Đình Long,Khiếm thị,"Tin học văn phòng, kỹ năng sư phạm, kiên nhẫn","Quận Đống Đa, Hà Nội",0927922919,Sẵn sàng đi làm ngay
Bùi Thị Yến,Khuyết tật vận động,"Viết tin nhắn rõ ràng, kiên nhẫn, hiểu sản phẩm","TP. Thủ Dầu Một, Bình Dương",0912416691,Sẵn sàng đi làm ngay
Võ Xuân Hùng,Khuyết tật ngôn ngữ,"Tin học văn phòng, gõ phím nhanh, cẩn thận, tỉ mỉ",TP. Đà Nẵng,0925904783,Sẵn sàng đi làm ngay
Vũ Thị Nga,"Khuyết tật thần kinh, tâm thần (ổn định)","May công nghiệp, tỉ mỉ, chịu được áp lực dây chuyền","TP. Nha Trang, Khánh Hòa",0932890838,Sẵn sàng đi làm ngay
Vũ Thị Trang,Khuyết tật trí tuệ nhẹ,"Giao tiếp tốt, giọng nói rõ, xử lý tình huống","Quận 3, TP.HCM",0940345133,Sẵn sàng đi làm ngay
Đỗ Thành Tuấn,Khuyết tật ngôn ngữ,"Viết lách, nghiên cứu thông tin, SEO cơ bản","TP. Thủ Dầu Một, Bình Dương",0930356298,Sẵn sàng đi làm ngay
Bùi Hữu Sơn,Khuyết tật vận động,"Viết lách, nghiên cứu thông tin, SEO cơ bản","Quận Bình Thạnh, TP.HCM",0914695976,Có thể bắt đầu sau 2 tuần
Bùi Hữu Tuấn,Khuyết tật ngôn ngữ,"Tin học văn phòng, gõ phím nhanh, cẩn thận, tỉ mỉ","Quận 3, TP.HCM",0984526722,Có thể bắt đầu sau 2 tuần
Huỳnh Anh Kiên,Khiếm thính,"Python, SQL, Git, tư duy logic","Quận 1, TP.HCM",0948796960,Sẵn sàng đi làm ngay
Nguyễn Đình Bảo,Khiếm thị,"Nghe hiểu tốt, gõ phím nhanh, tập trung","Quận Cầu Giấy, Hà Nội",0973171984,Sẵn sàng đi làm ngay
Hoàng Bích Anh,Khuyết tật ngôn ngữ,"Chốt sale qua tin nhắn, quản lý đơn hàng, Excel cơ bản",Làm việc từ xa (Remote toàn quốc),0997772059,Sẵn sàng đi làm ngay
Dương Thu Ngọc,Khuyết tật vận động,"Chốt sale qua tin nhắn, quản lý đơn hàng, Excel cơ bản","Quận Hai Bà Trưng, Hà Nội",0970573130,Có thể bắt đầu sau 2 tuần
Lê Minh Kiên,Khuyết tật vận động,"Python, SQL, Git, tư duy logic","TP. Thủ Dầu Một, Bình Dương",0997032971,Sẵn sàng đi làm ngay
Hoàng Quang Tuấn,Khuyết tật vận động,"Photoshop, Illustrator, Canva, tư duy thẩm mỹ","TP. Nha Trang, Khánh Hòa",0949154093,Sẵn sàng đi làm ngay
Trần Ngọc Linh,Đa khuyết tật nhẹ,"Cẩn thận, làm theo quy trình, sức khỏe ổn định","TP. Thủ Dầu Một, Bình Dương",0971550364,Có thể bắt đầu sau 2 tuần
Dương Thành Phong,Khuyết tật ngôn ngữ,"Chốt sale qua tin nhắn, quản lý đơn hàng, Excel cơ bản","Quận Hai Bà Trưng, Hà Nội",0986964296,Có thể bắt đầu sau 2 tuần
Phan Bích Vy,"Khuyết tật thần kinh, tâm thần (ổn định)","Khéo tay, kiên nhẫn, tỉ mỉ","TP. Vinh, Nghệ An",0960563048,Có thể bắt đầu sau 2 tuần
Huỳnh Hữu Tuấn,Khiếm thính,"MISA, Excel, nghiệp vụ kế toán","TP. Biên Hòa, Đồng Nai",0950423511,Sẵn sàng đi làm ngay
Đặng Kim Mai,Khiếm thính,"May công nghiệp, tỉ mỉ, chịu được áp lực dây chuyền",TP. Cần Thơ,0920581831,Sẵn sàng đi làm ngay
Võ Anh Khoa,Khuyết tật ngôn ngữ,"Viết lách, nghiên cứu thông tin, SEO cơ bản","Quận 3, TP.HCM",0963790137,Sẵn sàng đi làm ngay
Vũ Anh Hùng,"Khuyết tật thần kinh, tâm thần (ổn định)","Tin học văn phòng, gõ phím nhanh, cẩn thận, tỉ mỉ","TP. Thủ Dầu Một, Bình Dương",0985824617,Sẵn sàng đi làm ngay
Lê Quang Đức,Khuyết tật ngôn ngữ,"Viết tin nhắn rõ ràng, kiên nhẫn, hiểu sản phẩm","Quận Đống Đa, Hà Nội",0929509503,Có thể bắt đầu sau 2 tuần
Trần Thị Anh,"Khuyết tật thần kinh, tâm thần (ổn định)","Khéo tay, kiên nhẫn, tỉ mỉ","Quận Tân Bình, TP.HCM",0917617358,Có thể bắt đầu sau 2 tuần
Võ Thành Khoa,Khuyết tật ngôn ngữ,"Python, SQL, Git, tư duy logic","Quận Bình Thạnh, TP.HCM",0991830947,Sẵn sàng đi làm ngay
Dương Quang Đức,"Khuyết tật thần kinh, tâm thần (ổn định)","Xoa bóp bấm huyệt, cảm nhận cơ thể tốt","Quận Hai Bà Trưng, Hà Nội",0987426850,Sẵn sàng đi làm ngay
Nguyễn Mỹ Anh,Khuyết tật ngôn ngữ,"MISA, Excel, nghiệp vụ kế toán","Quận Đống Đa, Hà Nội",0936650222,Sẵn sàng đi làm ngay
Lý Ngọc Hương,"Khuyết tật thần kinh, tâm thần (ổn định)","Ngôn ngữ ký hiệu, biên tập video cơ bản","Quận 1, TP.HCM",0998132864,Có thể bắt đầu sau 2 tuần
Đặng Mỹ Vy,Khuyết tật vận động,"Python, SQL, Git, tư duy logic","TP. Thủ Dầu Một, Bình Dương",0928019495,Sẵn sàng đi làm ngay
Võ Diệu Ngọc,Đa khuyết tật nhẹ,"Khéo tay, kiên nhẫn, tỉ mỉ",TP. Cần Thơ,0979396155,Có thể bắt đầu sau 2 tuần
Trần Diệu Trang,Khuyết tật trí tuệ nhẹ,"Giao tiếp tốt, giọng nói rõ, xử lý tình huống","TP. Thủ Đức, TP.HCM",0973146805,Có thể bắt đầu sau 2 tuần
Vũ Văn Long,Khuyết tật vận động,"Tin học văn phòng, kỹ năng sư phạm, kiên nhẫn",TP. Đà Nẵng,0933421654,Sẵn sàng đi làm ngay
Đỗ Thu Vy,Khuyết tật trí tuệ nhẹ,"Giao tiếp tốt, giọng nói rõ, xử lý tình huống",Làm việc từ xa (Remote toàn quốc),0973678218,Có thể bắt đầu sau 2 tuần
Phan Đình Tuấn,Khiếm thị,"Xoa bóp bấm huyệt, cảm nhận cơ thể tốt",TP. Đà Nẵng,0955090315,Sẵn sàng đi làm ngay
Ngô Đình Phong,Đa khuyết tật nhẹ,"Khéo tay, kiên nhẫn, tỉ mỉ","TP. Thủ Dầu Một, Bình Dương",0969863016,Có thể bắt đầu sau 2 tuần
Đặng Kim Thảo,Đa khuyết tật nhẹ,"Khéo tay, kiên nhẫn, tỉ mỉ","TP. Vinh, Nghệ An",0973167846,Sẵn sàng đi làm ngay
Lý Minh Sơn,Khuyết tật vận động,"Nghe hiểu tốt, gõ phím nhanh, tập trung",TP. Đà Nẵng,0941621717,Sẵn sàng đi làm ngay
Đỗ Bích Linh,Khiếm thính,"Chốt sale qua tin nhắn, quản lý đơn hàng, Excel cơ bản","TP. Thủ Đức, TP.HCM",0965827709,Có thể bắt đầu sau 2 tuần
Lê Thu Vy,Khiếm thính,"May công nghiệp, tỉ mỉ, chịu được áp lực dây chuyền",TP. Huế,0918590267,Có thể bắt đầu sau 2 tuần
Phan Kim Ngọc,Khuyết tật ngôn ngữ,"Photoshop, Illustrator, Canva, tư duy thẩm mỹ",TP. Đà Nẵng,0913652784,Sẵn sàng đi làm ngay
Ngô Quang Phong,Đa khuyết tật nhẹ,"Khéo tay, kiên nhẫn, tỉ mỉ",TP. Cần Thơ,0999802365,Sẵn sàng đi làm ngay
Phan Mỹ Hương,Khiếm thính,"Photoshop, Illustrator, Canva, tư duy thẩm mỹ","TP. Thủ Dầu Một, Bình Dương",0927758737,Có thể bắt đầu sau 2 tuần
Nguyễn Thu Ngọc,Khiếm thị,"Xoa bóp bấm huyệt, cảm nhận cơ thể tốt","TP. Vinh, Nghệ An",0943866245,Sẵn sàng đi làm ngay
Trần Đình Vinh,Đa khuyết tật nhẹ,"Khéo tay, kiên nhẫn, tỉ mỉ","Quận Hai Bà Trưng, Hà Nội",0927520289,Sẵn sàng đi làm ngay
Nguyễn Xuân Kiên,Khuyết tật vận động,"Viết tin nhắn rõ ràng, kiên nhẫn, hiểu sản phẩm","Quận Hai Bà Trưng, Hà Nội",0933657334,Có thể bắt đầu sau 2 tuần
Trần Bích Vy,"Khuyết tật thần kinh, tâm thần (ổn định)","MISA, Excel, nghiệp vụ kế toán",Làm việc từ xa (Remote toàn quốc),0931736704,Sẵn sàng đi làm ngay
Phạm Diệu Lan,Khuyết tật trí tuệ nhẹ,"Khéo tay, kiên nhẫn, tỉ mỉ",TP. Huế,0927456155,Sẵn sàng đi làm ngay
Võ Kim Thảo,Khiếm thị,"Xoa bóp bấm huyệt, cảm nhận cơ thể tốt",Làm việc từ xa (Remote toàn quốc),0982422044,Có thể bắt đầu sau 2 tuần
Trần Minh Đức,Khiếm thính,"Khéo tay, kiên nhẫn, tỉ mỉ",TP. Huế,0993561661,Có thể bắt đầu sau 2 tuần
Phan Thành Đức,Khuyết tật vận động,"MISA, Excel, nghiệp vụ kế toán","TP. Nha Trang, Khánh Hòa",0949789085,Sẵn sàng đi làm ngay
Huỳnh Đình Kiên,Khiếm thính,"Python, SQL, Git, tư duy logic","Quận Cầu Giấy, Hà Nội",0980237690,Có thể bắt đầu sau 2 tuần
Lý Diệu Ngọc,Khuyết tật trí tuệ nhẹ,"Cẩn thận, làm theo quy trình, sức khỏe ổn định","Quận 3, TP.HCM",0946575524,Sẵn sàng đi làm ngay
Lê Ngọc Anh,"Khuyết tật thần kinh, tâm thần (ổn định)","Khéo tay, kiên nhẫn, tỉ mỉ",TP. Cần Thơ,0981486463,Có thể bắt đầu sau 2 tuần
Lê Hữu Kiên,Khuyết tật trí tuệ nhẹ,"Giao tiếp tốt, giọng nói rõ, xử lý tình huống","TP. Biên Hòa, Đồng Nai",0939557332,Có thể bắt đầu sau 2 tuần
Ngô Diệu Hương,Khiếm thị,"Tin học văn phòng, kỹ năng sư phạm, kiên nhẫn","Quận Bình Thạnh, TP.HCM",0938133133,Có thể bắt đầu sau 2 tuần
Phan Thu Hương,Khiếm thính,"Viết tin nhắn rõ ràng, kiên nhẫn, hiểu sản phẩm",TP. Huế,0969393218,Có thể bắt đầu sau 2 tuần
Lê Anh Nam,"Khuyết tật thần kinh, tâm thần (ổn định)","Viết lách, nghiên cứu thông tin, SEO cơ bản","TP. Nha Trang, Khánh Hòa",0973243159,Sẵn sàng đi làm ngay
Đỗ Văn Khoa,Khuyết tật trí tuệ nhẹ,"Cẩn thận, làm theo quy trình, sức khỏe ổn định","Quận 1, TP.HCM",0974842882,Sẵn sàng đi làm ngay
Trần Thị Yến,Khiếm thị,"Viết lách, nghiên cứu thông tin, SEO cơ bản","TP. Vinh, Nghệ An",0934427184,Sẵn sàng đi làm ngay
Bùi Diệu Vy,Khiếm thị,"Nghe hiểu tốt, gõ phím nhanh, tập trung",TP. Đà Nẵng,0959430096,Sẵn sàng đi làm ngay
Phạm Ngọc Thảo,Khuyết tật vận động,"Viết lách, nghiên cứu thông tin, SEO cơ bản","Quận Cầu Giấy, Hà Nội",0977069373,Sẵn sàng đi làm ngay
Hoàng Anh Khoa,Đa khuyết tật nhẹ,"Photoshop, Illustrator, Canva, tư duy thẩm mỹ","Quận 3, TP.HCM",0957842293,Có thể bắt đầu sau 2 tuần
Lê Ngọc Anh,Khuyết tật trí tuệ nhẹ,"May công nghiệp, tỉ mỉ, chịu được áp lực dây chuyền","Quận 3, TP.HCM",0995366281,Sẵn sàng đi làm ngay
Dương Mỹ Hoa,Khiếm thị,"Nghe hiểu tốt, gõ phím nhanh, tập trung","TP. Thủ Dầu Một, Bình Dương",0951899078,Có thể bắt đầu sau 2 tuần
Ngô Ngọc Nga,Đa khuyết tật nhẹ,"Khéo tay, kiên nhẫn, tỉ mỉ","Quận 3, TP.HCM",0955927019,Sẵn sàng đi làm ngay
Lý Mỹ Vy,Khuyết tật trí tuệ nhẹ,"May công nghiệp, tỉ mỉ, chịu được áp lực dây chuyền","TP. Vinh, Nghệ An",0915191208,Sẵn sàng đi làm ngay
Võ Thị Nga,Khiếm thính,"Khéo tay, kiên nhẫn, tỉ mỉ",Làm việc từ xa (Remote toàn quốc),0988353801,Sẵn sàng đi làm ngay
Dương Ngọc Mai,Đa khuyết tật nhẹ,"Khéo tay, kiên nhẫn, tỉ mỉ","TP. Nha Trang, Khánh Hòa",0962475664,Có thể bắt đầu sau 2 tuần
Đặng Minh Khoa,Đa khuyết tật nhẹ,"Khéo tay, kiên nhẫn, tỉ mỉ","TP. Nha Trang, Khánh Hòa",0945508199,Có thể bắt đầu sau 2 tuần
Phạm Đình Bảo,Khuyết tật trí tuệ nhẹ,"Cẩn thận, làm theo quy trình, sức khỏe ổn định","Quận Hai Bà Trưng, Hà Nội",0919469477,Có thể bắt đầu sau 2 tuần
Huỳnh Bích Thảo,Khiếm thị,"Viết lách, nghiên cứu thông tin, SEO cơ bản","TP. Biên Hòa, Đồng Nai",0913893310,Sẵn sàng đi làm ngay
Phạm Thu Nga,Đa khuyết tật nhẹ,"Khéo tay, kiên nhẫn, tỉ mỉ","Quận Cầu Giấy, Hà Nội",0988206488,Có thể bắt đầu sau 2 tuần
Lê Văn Tuấn,"Khuyết tật thần kinh, tâm thần (ổn định)","Chốt sale qua tin nhắn, quản lý đơn hàng, Excel cơ bản",TP. Đà Nẵng,0965375607,Sẵn sàng đi làm ngay
Phạm Đình Vinh,Khuyết tật ngôn ngữ,"Viết lách, nghiên cứu thông tin, SEO cơ bản","TP. Biên Hòa, Đồng Nai",0916334872,Sẵn sàng đi làm ngay
Phạm Kim Thảo,Khiếm thị,"Xoa bóp bấm huyệt, cảm nhận cơ thể tốt","Quận Tân Bình, TP.HCM",0922229571,Có thể bắt đầu sau 2 tuần
Phạm Văn Đức,Khuyết tật trí tuệ nhẹ,"May công nghiệp, tỉ mỉ, chịu được áp lực dây chuyền","Quận Hai Bà Trưng, Hà Nội",0983566672,Có thể bắt đầu sau 2 tuần
Trần Quang Hải,Khiếm thính,"Tin học văn phòng, gõ phím nhanh, cẩn thận, tỉ mỉ","Quận 1, TP.HCM",0971342104,Sẵn sàng đi làm ngay
Phan Đình Kiên,Đa khuyết tật nhẹ,"Photoshop, Illustrator, Canva, tư duy thẩm mỹ","TP. Biên Hòa, Đồng Nai",0998038377,Sẵn sàng đi làm ngay
Huỳnh Thu Ngọc,Khiếm thị,"Tin học văn phòng, kỹ năng sư phạm, kiên nhẫn","Quận Bình Thạnh, TP.HCM",0967914063,Sẵn sàng đi làm ngay
Huỳnh Thu Ngọc,Khuyết tật vận động,"Khéo tay, kiên nhẫn, tỉ mỉ",TP. Cần Thơ,0956071537,Sẵn sàng đi làm ngay
Lý Quang Vinh,Khuyết tật vận động,"Nghe hiểu tốt, gõ phím nhanh, tập trung","Quận 1, TP.HCM",0994448949,Sẵn sàng đi làm ngay
Vũ Anh Long,Khuyết tật ngôn ngữ,"MISA, Excel, nghiệp vụ kế toán","Quận Bình Thạnh, TP.HCM",0919973272,Sẵn sàng đi làm ngay
Đỗ Anh Nam,Khuyết tật ngôn ngữ,"Python, SQL, Git, tư duy logic","Quận Cầu Giấy, Hà Nội",0918281633,Có thể bắt đầu sau 2 tuần
Ngô Mỹ Vy,"Khuyết tật thần kinh, tâm thần (ổn định)","Tin học văn phòng, kỹ năng sư phạm, kiên nhẫn","Quận Cầu Giấy, Hà Nội",0952055123,Sẵn sàng đi làm ngay
Trần Anh Tuấn,Khiếm thính,"Chốt sale qua tin nhắn, quản lý đơn hàng, Excel cơ bản","Quận Cầu Giấy, Hà Nội",0949647408,Có thể bắt đầu sau 2 tuần
Ngô Đình Tuấn,Khuyết tật vận động,"Python, SQL, Git, tư duy logic","Quận 3, TP.HCM",0994647773,Sẵn sàng đi làm ngay
Phạm Đình Long,Khuyết tật ngôn ngữ,"Python, SQL, Git, tư duy logic","TP. Vinh, Nghệ An",0917607930,Sẵn sàng đi làm ngay
Lê Thị Hương,"Khuyết tật thần kinh, tâm thần (ổn định)","Xoa bóp bấm huyệt, cảm nhận cơ thể tốt","Quận Hai Bà Trưng, Hà Nội",0948186737,Có thể bắt đầu sau 2 tuần
Đặng Thành Hải,Khuyết tật vận động,"Tin học văn phòng, gõ phím nhanh, cẩn thận, tỉ mỉ","Quận Cầu Giấy, Hà Nội",0948864288,Sẵn sàng đi làm ngay
Trần Hữu Khoa,Đa khuyết tật nhẹ,"Photoshop, Illustrator, Canva, tư duy thẩm mỹ",TP. Đà Nẵng,0915205661,Sẵn sàng đi làm ngay
Huỳnh Anh Bảo,Đa khuyết tật nhẹ,"Cẩn thận, làm theo quy trình, sức khỏe ổn định","Quận Cầu Giấy, Hà Nội",0986260244,Sẵn sàng đi làm ngay
Đặng Thị Hương,Khiếm thính,"Viết lách, nghiên cứu thông tin, SEO cơ bản",Làm việc từ xa (Remote toàn quốc),0997967344,Sẵn sàng đi làm ngay
Phan Hữu Sơn,Khiếm thị,"Viết lách, nghiên cứu thông tin, SEO cơ bản",TP. Cần Thơ,0937373216,Có thể bắt đầu sau 2 tuần
Hoàng Bích Nga,"Khuyết tật thần kinh, tâm thần (ổn định)","MISA, Excel, nghiệp vụ kế toán","Quận Hai Bà Trưng, Hà Nội",0973483848,Sẵn sàng đi làm ngay
Lý Thành Sơn,Khiếm thị,"Tin học văn phòng, kỹ năng sư phạm, kiên nhẫn","Quận Cầu Giấy, Hà Nội",0934916110,Sẵn sàng đi làm ngay
Ngô Văn Nam,Khuyết tật vận động,"Python, SQL, Git, tư duy logic","Quận Tân Bình, TP.HCM",0993113767,Sẵn sàng đi làm ngay
Võ Quang Hùng,"Khuyết tật thần kinh, tâm thần (ổn định)","MISA, Excel, nghiệp vụ kế toán","Quận Đống Đa, Hà Nội",0922383858,Sẵn sàng đi làm ngay
Lê Kim Hoa,Đa khuyết tật nhẹ,"Khéo tay, kiên nhẫn, tỉ mỉ","Quận 3, TP.HCM",0984632841,Sẵn sàng đi làm ngay
Đặng Thành Long,Khuyết tật ngôn ngữ,"MISA, Excel, nghiệp vụ kế toán","Quận Bình Thạnh, TP.HCM",0958380608,Sẵn sàng đi làm ngay
Bùi Kim Hoa,Khiếm thính,"Chốt sale qua tin nhắn, quản lý đơn hàng, Excel cơ bản","Quận Tân Bình, TP.HCM",0978872075,Sẵn sàng đi làm ngay
Huỳnh Quang Sơn,"Khuyết tật thần kinh, tâm thần (ổn định)","Viết tin nhắn rõ ràng, kiên nhẫn, hiểu sản phẩm","Quận Đống Đa, Hà Nội",0969360294,Có thể bắt đầu sau 2 tuần
Vũ Minh Vinh,Khiếm thị,"Tin học văn phòng, kỹ năng sư phạm, kiên nhẫn","TP. Nha Trang, Khánh Hòa",0919288498,Có thể bắt đầu sau 2 tuần
Đỗ Kim Lan,Khiếm thính,"Tin học văn phòng, gõ phím nhanh, cẩn thận, tỉ mỉ","Quận Đống Đa, Hà Nội",0992997646,Sẵn sàng đi làm ngay
Hoàng Văn Sơn,Khuyết tật ngôn ngữ,"Chốt sale qua tin nhắn, quản lý đơn hàng, Excel cơ bản",Làm việc từ xa (Remote toàn quốc),0942101893,Có thể bắt đầu sau 2 tuần
Ngô Ngọc Trang,Đa khuyết tật nhẹ,"Photoshop, Illustrator, Canva, tư duy thẩm mỹ","Quận 1, TP.HCM",0945365918,Sẵn sàng đi làm ngay
Trần Xuân Phong,Khuyết tật trí tuệ nhẹ,"Giao tiếp tốt, giọng nói rõ, xử lý tình huống",Làm việc từ xa (Remote toàn quốc),0956297382,Sẵn sàng đi làm ngay
Huỳnh Ngọc Nga,"Khuyết tật thần kinh, tâm thần (ổn định)","Viết lách, nghiên cứu thông tin, SEO cơ bản","TP. Vinh, Nghệ An",0997646698,Sẵn sàng đi làm ngay
Ngô Thị Yến,Khiếm thị,"Xoa bóp bấm huyệt, cảm nhận cơ thể tốt","TP. Nha Trang, Khánh Hòa",0913502744,Có thể bắt đầu sau 2 tuần
Trần Diệu Vy,"Khuyết tật thần kinh, tâm thần (ổn định)","Viết lách, nghiên cứu thông tin, SEO cơ bản","Quận Bình Thạnh, TP.HCM",0917364562,Sẵn sàng đi làm ngay
Dương Ngọc Ngọc,"Khuyết tật thần kinh, tâm thần (ổn định)","Tin học văn phòng, kỹ năng sư phạm, kiên nhẫn","TP. Vinh, Nghệ An",0992148163,Sẵn sàng đi làm ngay
Phan Xuân Hùng,Đa khuyết tật nhẹ,"Photoshop, Illustrator, Canva, tư duy thẩm mỹ","Quận 3, TP.HCM",0911833987,Sẵn sàng đi làm ngay
Lý Diệu Yến,Khuyết tật ngôn ngữ,"Python, SQL, Git, tư duy logic","TP. Nha Trang, Khánh Hòa",0963313041,Sẵn sàng đi làm ngay
Phạm Thị Hoa,Khiếm thị,"Nghe hiểu tốt, gõ phím nhanh, tập trung","Quận Hai Bà Trưng, Hà Nội",0976189777,Sẵn sàng đi làm ngay
Ngô Xuân Sơn,"Khuyết tật thần kinh, tâm thần (ổn định)","Xoa bóp bấm huyệt, cảm nhận cơ thể tốt","Quận 1, TP.HCM",0946822400,Sẵn sàng đi làm ngay
Phạm Minh Hải,Khuyết tật ngôn ngữ,"Viết tin nhắn rõ ràng, kiên nhẫn, hiểu sản phẩm","Quận Đống Đa, Hà Nội",0914109854,Có thể bắt đầu sau 2 tuần
Hoàng Quang Bảo,Khuyết tật trí tuệ nhẹ,"Khéo tay, kiên nhẫn, tỉ mỉ",Làm việc từ xa (Remote toàn quốc),0997387904,Sẵn sàng đi làm ngay
Dương Ngọc Hương,Khuyết tật trí tuệ nhẹ,"Khéo tay, kiên nhẫn, tỉ mỉ","Quận 1, TP.HCM",0980410475,Có thể bắt đầu sau 2 tuần
Bùi Anh Vinh,Khuyết tật vận động,"MISA, Excel, nghiệp vụ kế toán","TP. Thủ Đức, TP.HCM",0946822320,Sẵn sàng đi làm ngay
Đặng Kim Yến,Đa khuyết tật nhẹ,"Photoshop, Illustrator, Canva, tư duy thẩm mỹ","Quận Đống Đa, Hà Nội",0913211324,Có thể bắt đầu sau 2 tuần
Ngô Mỹ Thảo,Khuyết tật vận động,"MISA, Excel, nghiệp vụ kế toán","Quận Cầu Giấy, Hà Nội",0982834723,Sẵn sàng đi làm ngay
Phan Diệu Vy,Khiếm thị,"Tin học văn phòng, kỹ năng sư phạm, kiên nhẫn","Quận Đống Đa, Hà Nội",0935838057,Sẵn sàng đi làm ngay
Hoàng Mỹ Trang,Khiếm thị,"Xoa bóp bấm huyệt, cảm nhận cơ thể tốt","Quận 3, TP.HCM",0968918324,Sẵn sàng đi làm ngay
Lý Kim Yến,Khuyết tật vận động,"Viết lách, nghiên cứu thông tin, SEO cơ bản",TP. Huế,0974371900,Có thể bắt đầu sau 2 tuần
Phạm Hữu Nam,Khuyết tật vận động,"Photoshop, Illustrator, Canva, tư duy thẩm mỹ","TP. Nha Trang, Khánh Hòa",0915179613,Sẵn sàng đi làm ngay
Huỳnh Kim Thảo,Khiếm thính,"Cẩn thận, làm theo quy trình, sức khỏe ổn định","TP. Biên Hòa, Đồng Nai",0974529989,Sẵn sàng đi làm ngay
Võ Hữu Sơn,Khiếm thính,"Viết lách, nghiên cứu thông tin, SEO cơ bản","TP. Thủ Dầu Một, Bình Dương",0946152183,Sẵn sàng đi làm ngay
Lê Bích Trang,Khiếm thính,"May công nghiệp, tỉ mỉ, chịu được áp lực dây chuyền","TP. Vinh, Nghệ An",0938746200,Có thể bắt đầu sau 2 tuần
Võ Hữu Long,Khiếm thính,"Photoshop, Illustrator, Canva, tư duy thẩm mỹ",TP. Huế,0961903399,Có thể bắt đầu sau 2 tuần
Trần Đình Phong,Đa khuyết tật nhẹ,"Photoshop, Illustrator, Canva, tư duy thẩm mỹ","TP. Nha Trang, Khánh Hòa",0912970946,Có thể bắt đầu sau 2 tuần
Phan Thu Hương,Khuyết tật vận động,"Nghe hiểu tốt, gõ phím nhanh, tập trung",TP. Đà Nẵng,0963450403,Sẵn sàng đi làm ngay
Lý Diệu Linh,Khiếm thị,"Tin học văn phòng, kỹ năng sư phạm, kiên nhẫn",TP. Đà Nẵng,0977086297,Sẵn sàng đi làm ngay
Hoàng Bích Trang,Khuyết tật vận động,"Tin học văn phòng, gõ phím nhanh, cẩn thận, tỉ mỉ","Quận Đống Đa, Hà Nội",0994809946,Sẵn sàng đi làm ngay
Bùi Thành Hùng,Khuyết tật vận động,"Nghe hiểu tốt, gõ phím nhanh, tập trung","TP. Thủ Dầu Một, Bình Dương",0911190069,Sẵn sàng đi làm ngay
Đặng Bích Hương,Khiếm thính,"Photoshop, Illustrator, Canva, tư duy thẩm mỹ","Quận Bình Thạnh, TP.HCM",0930426294,Sẵn sàng đi làm ngay
Ngô Thu Vy,Khiếm thị,"Nghe hiểu tốt, gõ phím nhanh, tập trung","TP. Nha Trang, Khánh Hòa",0926872196,Sẵn sàng đi làm ngay
Đỗ Ngọc Yến,"Khuyết tật thần kinh, tâm thần (ổn định)","Chốt sale qua tin nhắn, quản lý đơn hàng, Excel cơ bản","TP. Vinh, Nghệ An",0981185991,Sẵn sàng đi làm ngay
Đặng Xuân Hùng,Khuyết tật vận động,"Chốt sale qua tin nhắn, quản lý đơn hàng, Excel cơ bản","Quận 3, TP.HCM",0988581388,Sẵn sàng đi làm ngay
Phan Thu Hoa,Khiếm thính,"Chốt sale qua tin nhắn, quản lý đơn hàng, Excel cơ bản","Quận Bình Thạnh, TP.HCM",0982960192,Sẵn sàng đi làm ngay
Dương Diệu Hoa,Khiếm thị,"Tin học văn phòng, kỹ năng sư phạm, kiên nhẫn",TP. Đà Nẵng,0942285817,Sẵn sàng đi làm ngay
Võ Xuân Tuấn,Khuyết tật ngôn ngữ,"MISA, Excel, nghiệp vụ kế toán",TP. Đà Nẵng,0914553490,Sẵn sàng đi làm ngay
Lý Bích Vy,Khuyết tật trí tuệ nhẹ,"May công nghiệp, tỉ mỉ, chịu được áp lực dây chuyền",Làm việc từ xa (Remote toàn quốc),0987363316,Sẵn sàng đi làm ngay
Ngô Anh Long,"Khuyết tật thần kinh, tâm thần (ổn định)","Photoshop, Illustrator, Canva, tư duy thẩm mỹ",TP. Cần Thơ,0948263303,Sẵn sàng đi làm ngay
Hoàng Hữu Vinh,Khuyết tật trí tuệ nhẹ,"Cẩn thận, làm theo quy trình, sức khỏe ổn định","TP. Biên Hòa, Đồng Nai",0973884837,Có thể bắt đầu sau 2 tuần
Lê Đình Khoa,"Khuyết tật thần kinh, tâm thần (ổn định)","Xoa bóp bấm huyệt, cảm nhận cơ thể tốt",TP. Huế,0911040510,Có thể bắt đầu sau 2 tuần
Bùi Ngọc Trang,Khiếm thính,"Khéo tay, kiên nhẫn, tỉ mỉ","Quận Bình Thạnh, TP.HCM",0951075050,Sẵn sàng đi làm ngay
Đỗ Kim Hương,"Khuyết tật thần kinh, tâm thần (ổn định)","Tin học văn phòng, kỹ năng sư phạm, kiên nhẫn",TP. Cần Thơ,0941438475,Sẵn sàng đi làm ngay
Võ Đình Phong,Khiếm thính,"Khéo tay, kiên nhẫn, tỉ mỉ","Quận Đống Đa, Hà Nội",0947379354,Có thể bắt đầu sau 2 tuần
Đỗ Văn Hùng,Khuyết tật ngôn ngữ,"Viết lách, nghiên cứu thông tin, SEO cơ bản",Làm việc từ xa (Remote toàn quốc),0922146359,Sẵn sàng đi làm ngay
Bùi Thu Vy,Khuyết tật trí tuệ nhẹ,"Giao tiếp tốt, giọng nói rõ, xử lý tình huống","TP. Thủ Đức, TP.HCM",0998062019,Sẵn sàng đi làm ngay
Nguyễn Diệu Ngọc,Khuyết tật trí tuệ nhẹ,"Giao tiếp tốt, giọng nói rõ, xử lý tình huống","Quận Hai Bà Trưng, Hà Nội",0950498263,Sẵn sàng đi làm ngay
Bùi Bích Linh,Khiếm thính,"Viết lách, nghiên cứu thông tin, SEO cơ bản","Quận Cầu Giấy, Hà Nội",0952061050,Có thể bắt đầu sau 2 tuần
Bùi Đình Kiên,Đa khuyết tật nhẹ,"Photoshop, Illustrator, Canva, tư duy thẩm mỹ","Quận Đống Đa, Hà Nội",0981789730,Có thể bắt đầu sau 2 tuần
Bùi Hữu Kiên,"Khuyết tật thần kinh, tâm thần (ổn định)","Xoa bóp bấm huyệt, cảm nhận cơ thể tốt","TP. Nha Trang, Khánh Hòa",0937933216,Sẵn sàng đi làm ngay
Phan Xuân Vinh,Khiếm thị,"Tin học văn phòng, kỹ năng sư phạm, kiên nhẫn","TP. Biên Hòa, Đồng Nai",0973398160,Sẵn sàng đi làm ngay
Lý Thị Mai,Khiếm thính,"May công nghiệp, tỉ mỉ, chịu được áp lực dây chuyền","TP. Thủ Đức, TP.HCM",0972913729,Có thể bắt đầu sau 2 tuần
Trần Thị Thảo,"Khuyết tật thần kinh, tâm thần (ổn định)","Ngôn ngữ ký hiệu, biên tập video cơ bản",TP. Đà Nẵng,0987424535,Sẵn sàng đi làm ngay
Hoàng Thu Trang,Khuyết tật trí tuệ nhẹ,"Giao tiếp tốt, giọng nói rõ, xử lý tình huống","Quận Bình Thạnh, TP.HCM",0961247641,Có thể bắt đầu sau 2 tuần
Nguyễn Mỹ Nga,Khiếm thính,"Photoshop, Illustrator, Canva, tư duy thẩm mỹ","Quận Hai Bà Trưng, Hà Nội",0950725845,Sẵn sàng đi làm ngay
Phạm Diệu Vy,Đa khuyết tật nhẹ,"Khéo tay, kiên nhẫn, tỉ mỉ",Làm việc từ xa (Remote toàn quốc),0979280545,Có thể bắt đầu sau 2 tuần
Đỗ Xuân Vinh,Đa khuyết tật nhẹ,"Cẩn thận, làm theo quy trình, sức khỏe ổn định","TP. Biên Hòa, Đồng Nai",0999805802,Sẵn sàng đi làm ngay
Vũ Xuân Khoa,Khuyết tật vận động,"MISA, Excel, nghiệp vụ kế toán",Làm việc từ xa (Remote toàn quốc),0985230324,Có thể bắt đầu sau 2 tuần
Phạm Hữu Nam,"Khuyết tật thần kinh, tâm thần (ổn định)","Python, SQL, Git, tư duy logic","TP. Biên Hòa, Đồng Nai",0921616030,Có thể bắt đầu sau 2 tuần
Võ Diệu Hương,"Khuyết tật thần kinh, tâm thần (ổn định)","Tin học văn phòng, kỹ năng sư phạm, kiên nhẫn","Quận 1, TP.HCM",0964516413,Sẵn sàng đi làm ngay
Bùi Văn Nam,Khuyết tật ngôn ngữ,"Tin học văn phòng, gõ phím nhanh, cẩn thận, tỉ mỉ",TP. Huế,0982630931,Sẵn sàng đi làm ngay
Võ Diệu Ngọc,"Khuyết tật thần kinh, tâm thần (ổn định)","Chốt sale qua tin nhắn, quản lý đơn hàng, Excel cơ bản","Quận Đống Đa, Hà Nội",0996783467,Có thể bắt đầu sau 2 tuần
Hoàng Đình Sơn,Khuyết tật trí tuệ nhẹ,"Giao tiếp tốt, giọng nói rõ, xử lý tình huống",TP. Huế,0910156208,Có thể bắt đầu sau 2 tuần
Dương Kim Hoa,Khiếm thị,"Tin học văn phòng, kỹ năng sư phạm, kiên nhẫn","Quận 1, TP.HCM",0969997737,Sẵn sàng đi làm ngay
Võ Diệu Anh,Khiếm thị,"Tin học văn phòng, kỹ năng sư phạm, kiên nhẫn","Quận 3, TP.HCM",0965957373,Có thể bắt đầu sau 2 tuần
Ngô Kim Linh,"Khuyết tật thần kinh, tâm thần (ổn định)","Tin học văn phòng, kỹ năng sư phạm, kiên nhẫn",TP. Huế,0932041419,Sẵn sàng đi làm ngay
Đặng Kim Linh,Đa khuyết tật nhẹ,"Cẩn thận, làm theo quy trình, sức khỏe ổn định","Quận 3, TP.HCM",0946636396,Sẵn sàng đi làm ngay
Vũ Kim Thảo,Khuyết tật ngôn ngữ,"Photoshop, Illustrator, Canva, tư duy thẩm mỹ",TP. Huế,0964944172,Có thể bắt đầu sau 2 tuần
Nguyễn Diệu Trang,Khiếm thị,"Tin học văn phòng, kỹ năng sư phạm, kiên nhẫn","TP. Thủ Dầu Một, Bình Dương",0946107447,Có thể bắt đầu sau 2 tuần
Lê Thành Đức,Khuyết tật trí tuệ nhẹ,"Khéo tay, kiên nhẫn, tỉ mỉ","TP. Vinh, Nghệ An",0947067805,Sẵn sàng đi làm ngay
Võ Minh Tuấn,Khuyết tật ngôn ngữ,"Viết lách, nghiên cứu thông tin, SEO cơ bản","Quận Cầu Giấy, Hà Nội",0973972066,Sẵn sàng đi làm ngay
Hoàng Đình Nam,Khiếm thính,"Tin học văn phòng, gõ phím nhanh, cẩn thận, tỉ mỉ","Quận Đống Đa, Hà Nội",0918188640,Sẵn sàng đi làm ngay
Nguyễn Thành Kiên,Khiếm thị,"Tin học văn phòng, kỹ năng sư phạm, kiên nhẫn","Quận Hai Bà Trưng, Hà Nội",0944318015,Sẵn sàng đi làm ngay
Phạm Văn Tuấn,Khuyết tật vận động,"Khéo tay, kiên nhẫn, tỉ mỉ","Quận Hai Bà Trưng, Hà Nội",0944616150,Có thể bắt đầu sau 2 tuần
Huỳnh Anh Nam,Khiếm thính,"Khéo tay, kiên nhẫn, tỉ mỉ","Quận Hai Bà Trưng, Hà Nội",0996878614,Sẵn sàng đi làm ngay
Huỳnh Anh Vinh,Khuyết tật trí tuệ nhẹ,"Cẩn thận, làm theo quy trình, sức khỏe ổn định",Làm việc từ xa (Remote toàn quốc),0984890807,Sẵn sàng đi làm ngay
Nguyễn Thu Linh,Đa khuyết tật nhẹ,"Cẩn thận, làm theo quy trình, sức khỏe ổn định","Quận 1, TP.HCM",0963611988,Có thể bắt đầu sau 2 tuần
Phạm Thành Hải,Đa khuyết tật nhẹ,"Khéo tay, kiên nhẫn, tỉ mỉ","Quận Đống Đa, Hà Nội",0939138583,Có thể bắt đầu sau 2 tuần
Đỗ Quang Tuấn,Khiếm thị,"Nghe hiểu tốt, gõ phím nhanh, tập trung","TP. Thủ Dầu Một, Bình Dương",0928765362,Có thể bắt đầu sau 2 tuần
Bùi Anh Bảo,Đa khuyết tật nhẹ,"Photoshop, Illustrator, Canva, tư duy thẩm mỹ",Làm việc từ xa (Remote toàn quốc),0937903550,Sẵn sàng đi làm ngay
Dương Bích Anh,Khiếm thị,"Nghe hiểu tốt, gõ phím nhanh, tập trung",Làm việc từ xa (Remote toàn quốc),0917141275,Sẵn sàng đi làm ngay
Lê Thu Hoa,"Khuyết tật thần kinh, tâm thần (ổn định)","Khéo tay, kiên nhẫn, tỉ mỉ",TP. Cần Thơ,0937435977,Có thể bắt đầu sau 2 tuần
Phạm Quang Kiên,Khiếm thính,"Viết lách, nghiên cứu thông tin, SEO cơ bản","Quận Đống Đa, Hà Nội",0926614750,Sẵn sàng đi làm ngay
Võ Thành Kiên,Khuyết tật ngôn ngữ,"Chốt sale qua tin nhắn, quản lý đơn hàng, Excel cơ bản","Quận Đống Đa, Hà Nội",0921071555,Sẵn sàng đi làm ngay
Hoàng Xuân Sơn,"Khuyết tật thần kinh, tâm thần (ổn định)","Viết lách, nghiên cứu thông tin, SEO cơ bản","Quận 1, TP.HCM",0989516192,Sẵn sàng đi làm ngay
Ngô Bích Lan,"Khuyết tật thần kinh, tâm thần (ổn định)","Cẩn thận, làm theo quy trình, sức khỏe ổn định","TP. Thủ Dầu Một, Bình Dương",0974091448,Có thể bắt đầu sau 2 tuần
Võ Thành Long,Khuyết tật ngôn ngữ,"MISA, Excel, nghiệp vụ kế toán","TP. Nha Trang, Khánh Hòa",0959597354,Có thể bắt đầu sau 2 tuần
Đỗ Ngọc Lan,Khuyết tật vận động,"Giao tiếp tốt, giọng nói rõ, xử lý tình huống",TP. Cần Thơ,0959345025,Sẵn sàng đi làm ngay
Vũ Ngọc Yến,"Khuyết tật thần kinh, tâm thần (ổn định)","May công nghiệp, tỉ mỉ, chịu được áp lực dây chuyền","Quận Hai Bà Trưng, Hà Nội",0948838001,Sẵn sàng đi làm ngay
Phạm Kim Yến,Khiếm thị,"Nghe hiểu tốt, gõ phím nhanh, tập trung","TP. Vinh, Nghệ An",0980114635,Sẵn sàng đi làm ngay
Đỗ Kim Mai,Khuyết tật ngôn ngữ,"Photoshop, Illustrator, Canva, tư duy thẩm mỹ",TP. Đà Nẵng,0938640008,Sẵn sàng đi làm ngay
Đặng Xuân Kiên,Khuyết tật ngôn ngữ,"Tin học văn phòng, gõ phím nhanh, cẩn thận, tỉ mỉ","Quận Hai Bà Trưng, Hà Nội",0979508892,Có thể bắt đầu sau 2 tuần
Đỗ Quang Nam,"Khuyết tật thần kinh, tâm thần (ổn định)","Viết tin nhắn rõ ràng, kiên nhẫn, hiểu sản phẩm","Quận Bình Thạnh, TP.HCM",0922697413,Sẵn sàng đi làm ngay
Huỳnh Diệu Lan,Khuyết tật vận động,"Tin học văn phòng, kỹ năng sư phạm, kiên nhẫn",TP. Huế,0914006860,Sẵn sàng đi làm ngay
Phan Bích Vy,Khiếm thính,"Khéo tay, kiên nhẫn, tỉ mỉ",TP. Huế,0980331177,Sẵn sàng đi làm ngay
Phan Ngọc Trang,"Khuyết tật thần kinh, tâm thần (ổn định)","Tin học văn phòng, kỹ năng sư phạm, kiên nhẫn","Quận 3, TP.HCM",0976332051,Sẵn sàng đi làm ngay
Phạm Anh Vinh,Khiếm thính,"Viết lách, nghiên cứu thông tin, SEO cơ bản",TP. Huế,0992629508,Sẵn sàng đi làm ngay
Võ Minh Nam,"Khuyết tật thần kinh, tâm thần (ổn định)","Tin học văn phòng, gõ phím nhanh, cẩn thận, tỉ mỉ","Quận Hai Bà Trưng, Hà Nội",0973042437,Sẵn sàng đi làm ngay
Huỳnh Mỹ Linh,Khiếm thị,"Xoa bóp bấm huyệt, cảm nhận cơ thể tốt","TP. Biên Hòa, Đồng Nai",0969292856,Sẵn sàng đi làm ngay
Phạm Thu Ngọc,Khuyết tật ngôn ngữ,"MISA, Excel, nghiệp vụ kế toán",TP. Huế,0955206796,Có thể bắt đầu sau 2 tuần
Võ Thu Anh,Khuyết tật vận động,"Tin học văn phòng, gõ phím nhanh, cẩn thận, tỉ mỉ","Quận Đống Đa, Hà Nội",0948385817,Sẵn sàng đi làm ngay
Trần Xuân Hải,Khuyết tật trí tuệ nhẹ,"Khéo tay, kiên nhẫn, tỉ mỉ","Quận Đống Đa, Hà Nội",0914202542,Sẵn sàng đi làm ngay
Nguyễn Bích Thảo,"Khuyết tật thần kinh, tâm thần (ổn định)","Chốt sale qua tin nhắn, quản lý đơn hàng, Excel cơ bản","Quận Bình Thạnh, TP.HCM",0937383624,Sẵn sàng đi làm ngay
Huỳnh Bích Thảo,Khuyết tật trí tuệ nhẹ,"May công nghiệp, tỉ mỉ, chịu được áp lực dây chuyền","Quận Cầu Giấy, Hà Nội",0937499569,Có thể bắt đầu sau 2 tuần
Đỗ Xuân Long,Đa khuyết tật nhẹ,"Photoshop, Illustrator, Canva, tư duy thẩm mỹ","Quận Cầu Giấy, Hà Nội",0985736415,Sẵn sàng đi làm ngay
Nguyễn Kim Lan,Khiếm thính,"Khéo tay, kiên nhẫn, tỉ mỉ","TP. Nha Trang, Khánh Hòa",0914480895,Sẵn sàng đi làm ngay
Phan Bích Hoa,Khuyết tật vận động,"MISA, Excel, nghiệp vụ kế toán",TP. Huế,0969373245,Sẵn sàng đi làm ngay
Phan Xuân Khoa,Đa khuyết tật nhẹ,"Cẩn thận, làm theo quy trình, sức khỏe ổn định","TP. Thủ Đức, TP.HCM",0986640968,Sẵn sàng đi làm ngay
Đặng Minh Sơn,Khiếm thị,"Tin học văn phòng, kỹ năng sư phạm, kiên nhẫn","TP. Thủ Dầu Một, Bình Dương",0975007530,Có thể bắt đầu sau 2 tuần
Đặng Hữu Phong,Đa khuyết tật nhẹ,"Photoshop, Illustrator, Canva, tư duy thẩm mỹ","Quận 1, TP.HCM",0949276900,Có thể bắt đầu sau 2 tuần
Bùi Thị Hoa,Đa khuyết tật nhẹ,"Cẩn thận, làm theo quy trình, sức khỏe ổn định","TP. Thủ Dầu Một, Bình Dương",0948327768,Sẵn sàng đi làm ngay
Phan Minh Long,Khuyết tật trí tuệ nhẹ,"May công nghiệp, tỉ mỉ, chịu được áp lực dây chuyền",TP. Đà Nẵng,0976271017,Có thể bắt đầu sau 2 tuần
Ngô Thị Anh,"Khuyết tật thần kinh, tâm thần (ổn định)","Viết tin nhắn rõ ràng, kiên nhẫn, hiểu sản phẩm","TP. Vinh, Nghệ An",0953698864,Sẵn sàng đi làm ngay
Phan Hữu Khoa,Khuyết tật ngôn ngữ,"Tin học văn phòng, gõ phím nhanh, cẩn thận, tỉ mỉ","TP. Biên Hòa, Đồng Nai",0935686922,Sẵn sàng đi làm ngay
Vũ Quang Tuấn,Đa khuyết tật nhẹ,"Khéo tay, kiên nhẫn, tỉ mỉ","TP. Vinh, Nghệ An",0946700350,Sẵn sàng đi làm ngay
Đặng Kim Nga,Khuyết tật vận động,"Nghe hiểu tốt, gõ phím nhanh, tập trung","Quận 3, TP.HCM",0993076699,Sẵn sàng đi làm ngay
Đỗ Đình Hải,Khiếm thính,"Khéo tay, kiên nhẫn, tỉ mỉ","Quận Cầu Giấy, Hà Nội",0916050375,Sẵn sàng đi làm ngay
Hoàng Đình Long,Khuyết tật ngôn ngữ,"MISA, Excel, nghiệp vụ kế toán","TP. Nha Trang, Khánh Hòa",0939835439,Sẵn sàng đi làm ngay
Hoàng Kim Nga,Đa khuyết tật nhẹ,"Photoshop, Illustrator, Canva, tư duy thẩm mỹ","TP. Thủ Dầu Một, Bình Dương",0933730245,Có thể bắt đầu sau 2 tuần
Phan Quang Khoa,Khiếm thị,"Xoa bóp bấm huyệt, cảm nhận cơ thể tốt","TP. Thủ Dầu Một, Bình Dương",0970649423,Sẵn sàng đi làm ngay
Phạm Minh Phong,Khuyết tật ngôn ngữ,"Viết lách, nghiên cứu thông tin, SEO cơ bản","Quận 3, TP.HCM",0993469706,Sẵn sàng đi làm ngay
Đặng Ngọc Thảo,Khuyết tật trí tuệ nhẹ,"Giao tiếp tốt, giọng nói rõ, xử lý tình huống",TP. Cần Thơ,0964004006,Sẵn sàng đi làm ngay
Đỗ Thị Vy,Khuyết tật vận động,"Khéo tay, kiên nhẫn, tỉ mỉ",TP. Huế,0920994925,Sẵn sàng đi làm ngay
Ngô Quang Vinh,Khiếm thị,"Nghe hiểu tốt, gõ phím nhanh, tập trung","Quận Tân Bình, TP.HCM",0987115184,Có thể bắt đầu sau 2 tuần
Võ Bích Mai,Khuyết tật trí tuệ nhẹ,"Khéo tay, kiên nhẫn, tỉ mỉ","TP. Thủ Dầu Một, Bình Dương",0919412672,Sẵn sàng đi làm ngay
Ngô Thị Nga,"Khuyết tật thần kinh, tâm thần (ổn định)","Tin học văn phòng, gõ phím nhanh, cẩn thận, tỉ mỉ","Quận 3, TP.HCM",0979945393,Sẵn sàng đi làm ngay
Lê Mỹ Anh,Khiếm thị,"Nghe hiểu tốt, gõ phím nhanh, tập trung","TP. Thủ Dầu Một, Bình Dương",0998786055,Sẵn sàng đi làm ngay
Huỳnh Diệu Hoa,Khiếm thính,"Viết tin nhắn rõ ràng, kiên nhẫn, hiểu sản phẩm","TP. Biên Hòa, Đồng Nai",0932461373,Sẵn sàng đi làm ngay
Ngô Thị Hoa,Đa khuyết tật nhẹ,"Khéo tay, kiên nhẫn, tỉ mỉ","Quận Đống Đa, Hà Nội",0919204640,Sẵn sàng đi làm ngay
Trần Thị Nga,Khuyết tật vận động,"Nghe hiểu tốt, gõ phím nhanh, tập trung","TP. Vinh, Nghệ An",0985019197,Sẵn sàng đi làm ngay
Đặng Hữu Hải,"Khuyết tật thần kinh, tâm thần (ổn định)","Ngôn ngữ ký hiệu, biên tập video cơ bản","Quận Bình Thạnh, TP.HCM",0963844378,Sẵn sàng đi làm ngay
Lý Hữu Bảo,"Khuyết tật thần kinh, tâm thần (ổn định)","Xoa bóp bấm huyệt, cảm nhận cơ thể tốt","Quận 3, TP.HCM",0922735770,Sẵn sàng đi làm ngay
Dương Mỹ Mai,"Khuyết tật thần kinh, tâm thần (ổn định)","Tin học văn phòng, kỹ năng sư phạm, kiên nhẫn","Quận Hai Bà Trưng, Hà Nội",0968790343,Sẵn sàng đi làm ngay
Vũ Văn Kiên,Khuyết tật trí tuệ nhẹ,"Cẩn thận, làm theo quy trình, sức khỏe ổn định","Quận Bình Thạnh, TP.HCM",0951767062,Sẵn sàng đi làm ngay
Ngô Diệu Mai,Khiếm thị,"Nghe hiểu tốt, gõ phím nhanh, tập trung","Quận Cầu Giấy, Hà Nội",0959075413,Sẵn sàng đi làm ngay
Trần Quang Hải,"Khuyết tật thần kinh, tâm thần (ổn định)","Photoshop, Illustrator, Canva, tư duy thẩm mỹ",TP. Huế,0928857212,Sẵn sàng đi làm ngay
Lê Thị Ngọc,Khiếm thị,"Viết lách, nghiên cứu thông tin, SEO cơ bản","TP. Thủ Dầu Một, Bình Dương",0945592724,Sẵn sàng đi làm ngay
Dương Mỹ Thảo,Khiếm thính,"Viết tin nhắn rõ ràng, kiên nhẫn, hiểu sản phẩm",Làm việc từ xa (Remote toàn quốc),0958749952,Sẵn sàng đi làm ngay
Đỗ Văn Phong,Khuyết tật vận động,"Viết lách, nghiên cứu thông tin, SEO cơ bản","TP. Thủ Đức, TP.HCM",0963610121,Sẵn sàng đi làm ngay
Lý Đình Vinh,"Khuyết tật thần kinh, tâm thần (ổn định)","Ngôn ngữ ký hiệu, biên tập video cơ bản","Quận Cầu Giấy, Hà Nội",0914405694,Sẵn sàng đi làm ngay
Trần Xuân Kiên,Khiếm thính,"Khéo tay, kiên nhẫn, tỉ mỉ","TP. Thủ Dầu Một, Bình Dương",0922522836,Sẵn sàng đi làm ngay
Nguyễn Thị Mai,Khiếm thính,"MISA, Excel, nghiệp vụ kế toán",TP. Huế,0920988242,Có thể bắt đầu sau 2 tuần
Dương Bích Linh,"Khuyết tật thần kinh, tâm thần (ổn định)","MISA, Excel, nghiệp vụ kế toán","TP. Thủ Đức, TP.HCM",0992487685,Có thể bắt đầu sau 2 tuần
Lê Xuân Bảo,Khiếm thị,"Nghe hiểu tốt, gõ phím nhanh, tập trung","Quận 3, TP.HCM",0928207714,Sẵn sàng đi làm ngay
Trần Diệu Vy,Đa khuyết tật nhẹ,"Photoshop, Illustrator, Canva, tư duy thẩm mỹ","Quận Hai Bà Trưng, Hà Nội",0955747258,Sẵn sàng đi làm ngay
Dương Thành Kiên,Khuyết tật ngôn ngữ,"MISA, Excel, nghiệp vụ kế toán","Quận Tân Bình, TP.HCM",0924460272,Sẵn sàng đi làm ngay
Huỳnh Đình Sơn,Khuyết tật trí tuệ nhẹ,"Giao tiếp tốt, giọng nói rõ, xử lý tình huống",TP. Cần Thơ,0918737868,Sẵn sàng đi làm ngay
Nguyễn Mỹ Trang,Khiếm thính,"Viết tin nhắn rõ ràng, kiên nhẫn, hiểu sản phẩm",TP. Huế,0923853768,Có thể bắt đầu sau 2 tuần
Hoàng Thành Hùng,Khuyết tật ngôn ngữ,"Chốt sale qua tin nhắn, quản lý đơn hàng, Excel cơ bản","Quận 1, TP.HCM",0982627272,Có thể bắt đầu sau 2 tuần
Lý Văn Khoa,"Khuyết tật thần kinh, tâm thần (ổn định)","Khéo tay, kiên nhẫn, tỉ mỉ",Làm việc từ xa (Remote toàn quốc),0941686897,Sẵn sàng đi làm ngay
Hoàng Thu Hoa,Khuyết tật ngôn ngữ,"Python, SQL, Git, tư duy logic",TP. Đà Nẵng,0964215919,Sẵn sàng đi làm ngay
Dương Kim Hoa,"Khuyết tật thần kinh, tâm thần (ổn định)","Tin học văn phòng, kỹ năng sư phạm, kiên nhẫn","TP. Biên Hòa, Đồng Nai",0965562234,Có thể bắt đầu sau 2 tuần
Huỳnh Quang Kiên,"Khuyết tật thần kinh, tâm thần (ổn định)","Viết lách, nghiên cứu thông tin, SEO cơ bản",TP. Đà Nẵng,0992978451,Sẵn sàng đi làm ngay
Vũ Minh Sơn,Đa khuyết tật nhẹ,"Khéo tay, kiên nhẫn, tỉ mỉ","Quận 3, TP.HCM",0950942997,Sẵn sàng đi làm ngay
Hoàng Mỹ Vy,Khuyết tật ngôn ngữ,"MISA, Excel, nghiệp vụ kế toán","Quận 1, TP.HCM",0969466854,Có thể bắt đầu sau 2 tuần
Bùi Kim Trang,Khiếm thị,"Viết lách, nghiên cứu thông tin, SEO cơ bản","Quận Đống Đa, Hà Nội",0970953552,Sẵn sàng đi làm ngay
Phạm Thành Long,Khuyết tật trí tuệ nhẹ,"Giao tiếp tốt, giọng nói rõ, xử lý tình huống","TP. Thủ Dầu Một, Bình Dương",0976487310,Sẵn sàng đi làm ngay
Vũ Bích Anh,"Khuyết tật thần kinh, tâm thần (ổn định)","Nghe hiểu tốt, gõ phím nhanh, tập trung","Quận Tân Bình, TP.HCM",0960375248,Có thể bắt đầu sau 2 tuần
Lê Bích Yến,Khuyết tật vận động,"Tin học văn phòng, kỹ năng sư phạm, kiên nhẫn","Quận 1, TP.HCM",0927378136,Sẵn sàng đi làm ngay
Trần Mỹ Hương,Khuyết tật trí tuệ nhẹ,"Cẩn thận, làm theo quy trình, sức khỏe ổn định","Quận Bình Thạnh, TP.HCM",0982496804,Sẵn sàng đi làm ngay
Đặng Thu Yến,Khiếm thính,"Viết tin nhắn rõ ràng, kiên nhẫn, hiểu sản phẩm",TP. Cần Thơ,0983603879,Sẵn sàng đi làm ngay
Vũ Thị Yến,"Khuyết tật thần kinh, tâm thần (ổn định)","Tin học văn phòng, kỹ năng sư phạm, kiên nhẫn",TP. Huế,0959603886,Sẵn sàng đi làm ngay
Dương Thị Hương,Đa khuyết tật nhẹ,"Khéo tay, kiên nhẫn, tỉ mỉ",Làm việc từ xa (Remote toàn quốc),0918443031,Có thể bắt đầu sau 2 tuần
Phạm Đình Đức,Đa khuyết tật nhẹ,"Khéo tay, kiên nhẫn, tỉ mỉ","TP. Thủ Đức, TP.HCM",0929858736,Sẵn sàng đi làm ngay
Huỳnh Mỹ Hoa,Khiếm thị,"Viết lách, nghiên cứu thông tin, SEO cơ bản","TP. Thủ Đức, TP.HCM",0910092296,Sẵn sàng đi làm ngay
Đặng Hữu Tuấn,"Khuyết tật thần kinh, tâm thần (ổn định)","Chốt sale qua tin nhắn, quản lý đơn hàng, Excel cơ bản",TP. Cần Thơ,0934126013,Sẵn sàng đi làm ngay
Ngô Anh Vinh,Đa khuyết tật nhẹ,"Photoshop, Illustrator, Canva, tư duy thẩm mỹ","TP. Biên Hòa, Đồng Nai",0940556252,Sẵn sàng đi làm ngay
Đỗ Minh Đức,Đa khuyết tật nhẹ,"Photoshop, Illustrator, Canva, tư duy thẩm mỹ","Quận Đống Đa, Hà Nội",0965527069,Sẵn sàng đi làm ngay
Hoàng Ngọc Hương,Khuyết tật ngôn ngữ,"Chốt sale qua tin nhắn, quản lý đơn hàng, Excel cơ bản","Quận Hai Bà Trưng, Hà Nội",0927028924,Có thể bắt đầu sau 2 tuần
Đặng Đình Bảo,"Khuyết tật thần kinh, tâm thần (ổn định)","Photoshop, Illustrator, Canva, tư duy thẩm mỹ","Quận 1, TP.HCM",0946355213,Có thể bắt đầu sau 2 tuần
Ngô Bích Vy,"Khuyết tật thần kinh, tâm thần (ổn định)","Viết tin nhắn rõ ràng, kiên nhẫn, hiểu sản phẩm","Quận Tân Bình, TP.HCM",0920080400,Sẵn sàng đi làm ngay
Võ Quang Kiên,Khiếm thính,"MISA, Excel, nghiệp vụ kế toán",Làm việc từ xa (Remote toàn quốc),0995251763,Sẵn sàng đi làm ngay
Đỗ Thị Hương,Đa khuyết tật nhẹ,"Khéo tay, kiên nhẫn, tỉ mỉ","TP. Thủ Đức, TP.HCM",0922974675,Có thể bắt đầu sau 2 tuần
Trần Hữu Khoa,Khuyết tật trí tuệ nhẹ,"May công nghiệp, tỉ mỉ, chịu được áp lực dây chuyền","Quận Hai Bà Trưng, Hà Nội",0924636346,Sẵn sàng đi làm ngay
Lê Ngọc Yến,Khiếm thính,"Ngôn ngữ ký hiệu, biên tập video cơ bản","TP. Nha Trang, Khánh Hòa",0956144542,Có thể bắt đầu sau 2 tuần
Ngô Anh Đức,Khuyết tật ngôn ngữ,"Chốt sale qua tin nhắn, quản lý đơn hàng, Excel cơ bản",TP. Huế,0977636982,Sẵn sàng đi làm ngay
Phan Minh Khoa,Khuyết tật vận động,"Nghe hiểu tốt, gõ phím nhanh, tập trung","TP. Thủ Đức, TP.HCM",0980152714,Có thể bắt đầu sau 2 tuần
Dương Thu Trang,Khiếm thị,"Nghe hiểu tốt, gõ phím nhanh, tập trung",Làm việc từ xa (Remote toàn quốc),0949651627,Có thể bắt đầu sau 2 tuần
Huỳnh Xuân Khoa,Khiếm thị,"Viết lách, nghiên cứu thông tin, SEO cơ bản","Quận Đống Đa, Hà Nội",0984772521,Có thể bắt đầu sau 2 tuần
Nguyễn Thu Nga,Khuyết tật ngôn ngữ,"Tin học văn phòng, gõ phím nhanh, cẩn thận, tỉ mỉ","TP. Biên Hòa, Đồng Nai",0959059716,Sẵn sàng đi làm ngay
Võ Ngọc Hoa,"Khuyết tật thần kinh, tâm thần (ổn định)","May công nghiệp, tỉ mỉ, chịu được áp lực dây chuyền","Quận Cầu Giấy, Hà Nội",0945164479,Sẵn sàng đi làm ngay
Lý Văn Khoa,Khuyết tật trí tuệ nhẹ,"Cẩn thận, làm theo quy trình, sức khỏe ổn định","TP. Nha Trang, Khánh Hòa",0927247526,Sẵn sàng đi làm ngay
Đỗ Kim Thảo,Khuyết tật trí tuệ nhẹ,"Khéo tay, kiên nhẫn, tỉ mỉ","TP. Biên Hòa, Đồng Nai",0920607284,Có thể bắt đầu sau 2 tuần
Huỳnh Quang Vinh,Khiếm thị,"Xoa bóp bấm huyệt, cảm nhận cơ thể tốt",Làm việc từ xa (Remote toàn quốc),0962348398,Sẵn sàng đi làm ngay
Huỳnh Bích Hương,Khuyết tật ngôn ngữ,"Photoshop, Illustrator, Canva, tư duy thẩm mỹ","Quận Tân Bình, TP.HCM",0963167996,Sẵn sàng đi làm ngay
Vũ Bích Lan,"Khuyết tật thần kinh, tâm thần (ổn định)","Cẩn thận, làm theo quy trình, sức khỏe ổn định","Quận 3, TP.HCM",0944483834,Có thể bắt đầu sau 2 tuần
Bùi Thị Yến,Khuyết tật vận động,"Viết tin nhắn rõ ràng, kiên nhẫn, hiểu sản phẩm","Quận 1, TP.HCM",0920954788,Sẵn sàng đi làm ngay
Đặng Kim Yến,Khuyết tật vận động,"Nghe hiểu tốt, gõ phím nhanh, tập trung","TP. Thủ Đức, TP.HCM",0951056009,Sẵn sàng đi làm ngay
Lý Hữu Bảo,Khuyết tật trí tuệ nhẹ,"Khéo tay, kiên nhẫn, tỉ mỉ",TP. Đà Nẵng,0992185579,Có thể bắt đầu sau 2 tuần
Phạm Quang Long,Khiếm thính,"Photoshop, Illustrator, Canva, tư duy thẩm mỹ","TP. Thủ Dầu Một, Bình Dương",0987930625,Có thể bắt đầu sau 2 tuần
Nguyễn Văn Vinh,Khiếm thị,"Tin học văn phòng, kỹ năng sư phạm, kiên nhẫn","TP. Vinh, Nghệ An",0937651781,Có thể bắt đầu sau 2 tuần
Hoàng Mỹ Nga,Khuyết tật vận động,"Viết tin nhắn rõ ràng, kiên nhẫn, hiểu sản phẩm",TP. Cần Thơ,0982845036,Có thể bắt đầu sau 2 tuần
Bùi Hữu Tuấn,Đa khuyết tật nhẹ,"Cẩn thận, làm theo quy trình, sức khỏe ổn định",TP. Huế,0978683959,Sẵn sàng đi làm ngay
Trần Đình Tuấn,"Khuyết tật thần kinh, tâm thần (ổn định)","Ngôn ngữ ký hiệu, biên tập video cơ bản","TP. Thủ Đức, TP.HCM",0991470757,Sẵn sàng đi làm ngay
Võ Minh Bảo,Khuyết tật trí tuệ nhẹ,"Cẩn thận, làm theo quy trình, sức khỏe ổn định","Quận Hai Bà Trưng, Hà Nội",0916044658,Có thể bắt đầu sau 2 tuần
Lê Quang Bảo,Khiếm thị,"Nghe hiểu tốt, gõ phím nhanh, tập trung","Quận Tân Bình, TP.HCM",0953150061,Sẵn sàng đi làm ngay
Hoàng Hữu Long,Khiếm thính,"Cẩn thận, làm theo quy trình, sức khỏe ổn định","Quận 1, TP.HCM",0980512681,Sẵn sàng đi làm ngay
Vũ Xuân Long,Khuyết tật trí tuệ nhẹ,"Cẩn thận, làm theo quy trình, sức khỏe ổn định",TP. Cần Thơ,0910855998,Sẵn sàng đi làm ngay
Phan Diệu Nga,Khiếm thị,"Tin học văn phòng, kỹ năng sư phạm, kiên nhẫn","TP. Nha Trang, Khánh Hòa",0963984612,Sẵn sàng đi làm ngay
Đỗ Đình Sơn,"Khuyết tật thần kinh, tâm thần (ổn định)","Viết lách, nghiên cứu thông tin, SEO cơ bản","TP. Nha Trang, Khánh Hòa",0934291448,Có thể bắt đầu sau 2 tuần
Trần Ngọc Mai,"Khuyết tật thần kinh, tâm thần (ổn định)","May công nghiệp, tỉ mỉ, chịu được áp lực dây chuyền","TP. Thủ Đức, TP.HCM",0965745736,Có thể bắt đầu sau 2 tuần
Võ Diệu Thảo,Khuyết tật ngôn ngữ,"Photoshop, Illustrator, Canva, tư duy thẩm mỹ",Làm việc từ xa (Remote toàn quốc),0927939984,Sẵn sàng đi làm ngay
Đặng Văn Long,"Khuyết tật thần kinh, tâm thần (ổn định)","Tin học văn phòng, kỹ năng sư phạm, kiên nhẫn","Quận Đống Đa, Hà Nội",0958338942,Sẵn sàng đi làm ngay
Bùi Mỹ Yến,Đa khuyết tật nhẹ,"Khéo tay, kiên nhẫn, tỉ mỉ","Quận Cầu Giấy, Hà Nội",0998601536,Có thể bắt đầu sau 2 tuần
Phạm Quang Long,Khiếm thính,"Viết lách, nghiên cứu thông tin, SEO cơ bản","TP. Thủ Dầu Một, Bình Dương",0997702135,Có thể bắt đầu sau 2 tuần
Đặng Kim Lan,Khiếm thị,"Viết lách, nghiên cứu thông tin, SEO cơ bản",TP. Đà Nẵng,0925094815,Có thể bắt đầu sau 2 tuần
Huỳnh Minh Nam,"Khuyết tật thần kinh, tâm thần (ổn định)","Giao tiếp tốt, giọng nói rõ, xử lý tình huống",TP. Huế,0925884898,Sẵn sàng đi làm ngay
Võ Mỹ Anh,Khuyết tật trí tuệ nhẹ,"May công nghiệp, tỉ mỉ, chịu được áp lực dây chuyền","TP. Vinh, Nghệ An",0912547060,Sẵn sàng đi làm ngay
Ngô Hữu Sơn,"Khuyết tật thần kinh, tâm thần (ổn định)","MISA, Excel, nghiệp vụ kế toán","Quận Hai Bà Trưng, Hà Nội",0965132577,Có thể bắt đầu sau 2 tuần
Đỗ Kim Vy,Khuyết tật ngôn ngữ,"Python, SQL, Git, tư duy logic","TP. Thủ Dầu Một, Bình Dương",0959965553,Sẵn sàng đi làm ngay
Đặng Quang Sơn,Khuyết tật vận động,"Python, SQL, Git, tư duy logic","Quận Bình Thạnh, TP.HCM",0937994299,Có thể bắt đầu sau 2 tuần
Huỳnh Ngọc Thảo,Khuyết tật trí tuệ nhẹ,"May công nghiệp, tỉ mỉ, chịu được áp lực dây chuyền","TP. Nha Trang, Khánh Hòa",0963653415,Sẵn sàng đi làm ngay
Vũ Quang Đức,Khuyết tật ngôn ngữ,"Viết tin nhắn rõ ràng, kiên nhẫn, hiểu sản phẩm",Làm việc từ xa (Remote toàn quốc),0985027630,Sẵn sàng đi làm ngay
Vũ Hữu Bảo,Khiếm thị,"Viết lách, nghiên cứu thông tin, SEO cơ bản","Quận Bình Thạnh, TP.HCM",0956445508,Sẵn sàng đi làm ngay
Võ Diệu Trang,Đa khuyết tật nhẹ,"Cẩn thận, làm theo quy trình, sức khỏe ổn định","Quận 1, TP.HCM",0934045937,Sẵn sàng đi làm ngay
Phạm Thị Vy,Khuyết tật trí tuệ nhẹ,"May công nghiệp, tỉ mỉ, chịu được áp lực dây chuyền","Quận Đống Đa, Hà Nội",0975767828,Có thể bắt đầu sau 2 tuần
Nguyễn Hữu Hải,Khiếm thính,"May công nghiệp, tỉ mỉ, chịu được áp lực dây chuyền","Quận 1, TP.HCM",0991844569,Sẵn sàng đi làm ngay
Hoàng Quang Phong,Khuyết tật vận động,"MISA, Excel, nghiệp vụ kế toán","Quận 1, TP.HCM",0943703984,Sẵn sàng đi làm ngay
Đặng Thị Hoa,Khiếm thị,"Xoa bóp bấm huyệt, cảm nhận cơ thể tốt",TP. Đà Nẵng,0980407193,Có thể bắt đầu sau 2 tuần
Dương Văn Long,Khiếm thính,"Khéo tay, kiên nhẫn, tỉ mỉ",TP. Đà Nẵng,0994401551,Có thể bắt đầu sau 2 tuần
Huỳnh Mỹ Linh,"Khuyết tật thần kinh, tâm thần (ổn định)","Khéo tay, kiên nhẫn, tỉ mỉ","Quận Bình Thạnh, TP.HCM",0981177751,Sẵn sàng đi làm ngay
Đặng Mỹ Thảo,Khiếm thính,"Khéo tay, kiên nhẫn, tỉ mỉ","TP. Vinh, Nghệ An",0999430174,Sẵn sàng đi làm ngay
Đặng Thị Hoa,Khuyết tật trí tuệ nhẹ,"May công nghiệp, tỉ mỉ, chịu được áp lực dây chuyền","Quận 3, TP.HCM",0934323666,Có thể bắt đầu sau 2 tuần
Hoàng Đình Hùng,Khuyết tật trí tuệ nhẹ,"May công nghiệp, tỉ mỉ, chịu được áp lực dây chuyền",TP. Huế,0958832895,Sẵn sàng đi làm ngay
Lý Anh Bảo,Khuyết tật trí tuệ nhẹ,"Cẩn thận, làm theo quy trình, sức khỏe ổn định","Quận Cầu Giấy, Hà Nội",0972944417,Sẵn sàng đi làm ngay
Huỳnh Mỹ Ngọc,Đa khuyết tật nhẹ,"Cẩn thận, làm theo quy trình, sức khỏe ổn định","TP. Thủ Dầu Một, Bình Dương",0936235439,Sẵn sàng đi làm ngay
Trần Anh Long,Khuyết tật trí tuệ nhẹ,"Cẩn thận, làm theo quy trình, sức khỏe ổn định","Quận 1, TP.HCM",0993023930,Sẵn sàng đi làm ngay
Bùi Bích Yến,Khuyết tật trí tuệ nhẹ,"Cẩn thận, làm theo quy trình, sức khỏe ổn định","Quận Đống Đa, Hà Nội",0910617717,Có thể bắt đầu sau 2 tuần
Phan Bích Mai,Khuyết tật ngôn ngữ,"Viết tin nhắn rõ ràng, kiên nhẫn, hiểu sản phẩm","TP. Biên Hòa, Đồng Nai",0996013558,Sẵn sàng đi làm ngay
Lý Thu Vy,Khuyết tật trí tuệ nhẹ,"Giao tiếp tốt, giọng nói rõ, xử lý tình huống","Quận 3, TP.HCM",0991195046,Sẵn sàng đi làm ngay
Vũ Diệu Ngọc,Khuyết tật vận động,"MISA, Excel, nghiệp vụ kế toán","TP. Nha Trang, Khánh Hòa",0949371830,Có thể bắt đầu sau 2 tuần
Dương Minh Tuấn,"Khuyết tật thần kinh, tâm thần (ổn định)","Ngôn ngữ ký hiệu, biên tập video cơ bản","Quận Đống Đa, Hà Nội",0916853204,Sẵn sàng đi làm ngay
Phan Bích Yến,Khiếm thị,"Nghe hiểu tốt, gõ phím nhanh, tập trung",Làm việc từ xa (Remote toàn quốc),0957063469,Sẵn sàng đi làm ngay
Võ Thành Phong,Đa khuyết tật nhẹ,"Khéo tay, kiên nhẫn, tỉ mỉ","TP. Biên Hòa, Đồng Nai",0993083524,Sẵn sàng đi làm ngay
Vũ Thu Nga,Khuyết tật ngôn ngữ,"MISA, Excel, nghiệp vụ kế toán",TP. Đà Nẵng,0994336667,Có thể bắt đầu sau 2 tuần
Lý Anh Kiên,Khiếm thị,"Viết lách, nghiên cứu thông tin, SEO cơ bản","TP. Vinh, Nghệ An",0914842428,Có thể bắt đầu sau 2 tuần
Ngô Xuân Tuấn,Khiếm thị,"Viết lách, nghiên cứu thông tin, SEO cơ bản","Quận 1, TP.HCM",0932770448,Sẵn sàng đi làm ngay
Bùi Kim Ngọc,Khiếm thính,"MISA, Excel, nghiệp vụ kế toán",TP. Đà Nẵng,0963467481,Sẵn sàng đi làm ngay
Lý Xuân Đức,Khiếm thị,"Viết lách, nghiên cứu thông tin, SEO cơ bản","TP. Biên Hòa, Đồng Nai",0947535023,Sẵn sàng đi làm ngay
Huỳnh Quang Hải,Khiếm thính,"Cẩn thận, làm theo quy trình, sức khỏe ổn định","Quận 1, TP.HCM",0981629042,Sẵn sàng đi làm ngay
Đỗ Ngọc Yến,Khuyết tật trí tuệ nhẹ,"May công nghiệp, tỉ mỉ, chịu được áp lực dây chuyền","Quận Cầu Giấy, Hà Nội",0990642791,Sẵn sàng đi làm ngay
Đỗ Diệu Hoa,"Khuyết tật thần kinh, tâm thần (ổn định)","May công nghiệp, tỉ mỉ, chịu được áp lực dây chuyền","Quận 3, TP.HCM",0973715648,Sẵn sàng đi làm ngay
Trần Thành Hải,Khiếm thị,"Xoa bóp bấm huyệt, cảm nhận cơ thể tốt",TP. Đà Nẵng,0933713307,Có thể bắt đầu sau 2 tuần
Huỳnh Đình Phong,"Khuyết tật thần kinh, tâm thần (ổn định)","Giao tiếp tốt, giọng nói rõ, xử lý tình huống","Quận 1, TP.HCM",0958447788,Sẵn sàng đi làm ngay
Bùi Ngọc Linh,Đa khuyết tật nhẹ,"Cẩn thận, làm theo quy trình, sức khỏe ổn định","TP. Vinh, Nghệ An",0949104517,Có thể bắt đầu sau 2 tuần
Hoàng Diệu Yến,Khuyết tật trí tuệ nhẹ,"Khéo tay, kiên nhẫn, tỉ mỉ",TP. Huế,0967966437,Có thể bắt đầu sau 2 tuần
Lý Xuân Long,Khiếm thị,"Nghe hiểu tốt, gõ phím nhanh, tập trung","TP. Thủ Đức, TP.HCM",0924959821,Sẵn sàng đi làm ngay
Dương Thị Lan,Khiếm thị,"Xoa bóp bấm huyệt, cảm nhận cơ thể tốt",TP. Cần Thơ,0912838477,Sẵn sàng đi làm ngay
Vũ Thị Vy,Khuyết tật trí tuệ nhẹ,"Cẩn thận, làm theo quy trình, sức khỏe ổn định","Quận 3, TP.HCM",0990037318,Sẵn sàng đi làm ngay
Đặng Mỹ Ngọc,Khuyết tật trí tuệ nhẹ,"Khéo tay, kiên nhẫn, tỉ mỉ",TP. Đà Nẵng,0995073580,Sẵn sàng đi làm ngay
Dương Mỹ Lan,Khuyết tật ngôn ngữ,"Photoshop, Illustrator, Canva, tư duy thẩm mỹ","Quận Hai Bà Trưng, Hà Nội",0945377880,Sẵn sàng đi làm ngay
Hoàng Mỹ Mai,Khuyết tật vận động,"Khéo tay, kiên nhẫn, tỉ mỉ","TP. Thủ Dầu Một, Bình Dương",0989194111,Sẵn sàng đi làm ngay
Bùi Bích Vy,Khuyết tật vận động,"Tin học văn phòng, gõ phím nhanh, cẩn thận, tỉ mỉ","TP. Thủ Dầu Một, Bình Dương",0934618684,Sẵn sàng đi làm ngay
Đỗ Xuân Đức,Khiếm thị,"Tin học văn phòng, kỹ năng sư phạm, kiên nhẫn","Quận 1, TP.HCM",0968077776,Có thể bắt đầu sau 2 tuần
Bùi Bích Mai,Khiếm thính,"Cẩn thận, làm theo quy trình, sức khỏe ổn định","Quận Bình Thạnh, TP.HCM",0926072589,Có thể bắt đầu sau 2 tuần
Lý Thị Linh,Khuyết tật ngôn ngữ,"Photoshop, Illustrator, Canva, tư duy thẩm mỹ","Quận Hai Bà Trưng, Hà Nội",0986502138,Sẵn sàng đi làm ngay
Hoàng Minh Kiên,Khiếm thị,"Tin học văn phòng, kỹ năng sư phạm, kiên nhẫn","TP. Vinh, Nghệ An",0923751148,Sẵn sàng đi làm ngay
Phan Mỹ Hoa,Khiếm thị,"Nghe hiểu tốt, gõ phím nhanh, tập trung",Làm việc từ xa (Remote toàn quốc),0954891281,Có thể bắt đầu sau 2 tuần
Vũ Diệu Hoa,Khuyết tật ngôn ngữ,"Chốt sale qua tin nhắn, quản lý đơn hàng, Excel cơ bản","Quận 1, TP.HCM",0994284505,Có thể bắt đầu sau 2 tuần
Lý Thành Long,Khuyết tật trí tuệ nhẹ,"Khéo tay, kiên nhẫn, tỉ mỉ","Quận Tân Bình, TP.HCM",0915480001,Sẵn sàng đi làm ngay
Vũ Thu Mai,Khuyết tật trí tuệ nhẹ,"May công nghiệp, tỉ mỉ, chịu được áp lực dây chuyền",TP. Cần Thơ,0936343945,Có thể bắt đầu sau 2 tuần
Vũ Anh Kiên,Khiếm thị,"Viết lách, nghiên cứu thông tin, SEO cơ bản","TP. Thủ Dầu Một, Bình Dương",0948218265,Sẵn sàng đi làm ngay
Đặng Đình Khoa,Khiếm thính,"Viết lách, nghiên cứu thông tin, SEO cơ bản",TP. Đà Nẵng,0917751842,Sẵn sàng đi làm ngay
Võ Kim Linh,Khiếm thị,"Xoa bóp bấm huyệt, cảm nhận cơ thể tốt","TP. Vinh, Nghệ An",0999015917,Có thể bắt đầu sau 2 tuần
Đỗ Mỹ Thảo,Đa khuyết tật nhẹ,"Khéo tay, kiên nhẫn, tỉ mỉ","Quận Hai Bà Trưng, Hà Nội",0979693550,Sẵn sàng đi làm ngay
Hoàng Thị Mai,Khuyết tật ngôn ngữ,"Viết lách, nghiên cứu thông tin, SEO cơ bản",TP. Đà Nẵng,0985426099,Sẵn sàng đi làm ngay
Nguyễn Đình Kiên,Khuyết tật vận động,"Tin học văn phòng, kỹ năng sư phạm, kiên nhẫn","Quận Đống Đa, Hà Nội",0914519690,Sẵn sàng đi làm ngay
Dương Thu Hương,Khuyết tật vận động,"Viết lách, nghiên cứu thông tin, SEO cơ bản","Quận 1, TP.HCM",0966817791,Sẵn sàng đi làm ngay
Đỗ Quang Kiên,Đa khuyết tật nhẹ,"Photoshop, Illustrator, Canva, tư duy thẩm mỹ","Quận Tân Bình, TP.HCM",0915068618,Có thể bắt đầu sau 2 tuần
Phan Văn Bảo,Khuyết tật ngôn ngữ,"Viết lách, nghiên cứu thông tin, SEO cơ bản","TP. Nha Trang, Khánh Hòa",0932163704,Có thể bắt đầu sau 2 tuần
Hoàng Ngọc Hoa,Khuyết tật vận động,"Viết lách, nghiên cứu thông tin, SEO cơ bản","TP. Thủ Dầu Một, Bình Dương",0969078199,Sẵn sàng đi làm ngay
Hoàng Diệu Hoa,Khuyết tật ngôn ngữ,"Tin học văn phòng, gõ phím nhanh, cẩn thận, tỉ mỉ","TP. Thủ Dầu Một, Bình Dương",0934159266,Sẵn sàng đi làm ngay
Trần Anh Hải,Khiếm thị,"Nghe hiểu tốt, gõ phím nhanh, tập trung","Quận 1, TP.HCM",0922538351,Sẵn sàng đi làm ngay
Hoàng Hữu Kiên,Khuyết tật vận động,"Tin học văn phòng, gõ phím nhanh, cẩn thận, tỉ mỉ","Quận 1, TP.HCM",0981363574,Sẵn sàng đi làm ngay
Ngô Thu Mai,Khiếm thính,"Khéo tay, kiên nhẫn, tỉ mỉ","TP. Thủ Đức, TP.HCM",0926702843,Có thể bắt đầu sau 2 tuần
Lý Thu Trang,Khiếm thính,"Chốt sale qua tin nhắn, quản lý đơn hàng, Excel cơ bản","Quận Hai Bà Trưng, Hà Nội",0981227559,Sẵn sàng đi làm ngay
Vũ Mỹ Ngọc,Khuyết tật trí tuệ nhẹ,"May công nghiệp, tỉ mỉ, chịu được áp lực dây chuyền","TP. Thủ Dầu Một, Bình Dương",0970004839,Có thể bắt đầu sau 2 tuần
Hoàng Thu Vy,Khuyết tật ngôn ngữ,"Chốt sale qua tin nhắn, quản lý đơn hàng, Excel cơ bản","TP. Thủ Đức, TP.HCM",0953945212,Sẵn sàng đi làm ngay
Dương Đình Tuấn,Đa khuyết tật nhẹ,"Photoshop, Illustrator, Canva, tư duy thẩm mỹ","TP. Thủ Dầu Một, Bình Dương",0929507157,Có thể bắt đầu sau 2 tuần
Lý Đình Bảo,Khiếm thị,"Nghe hiểu tốt, gõ phím nhanh, tập trung",TP. Huế,0957652099,Có thể bắt đầu sau 2 tuần
Lê Thu Vy,Khiếm thính,"MISA, Excel, nghiệp vụ kế toán","TP. Biên Hòa, Đồng Nai",0972684768,Sẵn sàng đi làm ngay
Huỳnh Kim Hoa,Đa khuyết tật nhẹ,"Cẩn thận, làm theo quy trình, sức khỏe ổn định","Quận Bình Thạnh, TP.HCM",0942705956,Sẵn sàng đi làm ngay
Đỗ Diệu Ngọc,Khuyết tật ngôn ngữ,"Tin học văn phòng, gõ phím nhanh, cẩn thận, tỉ mỉ",TP. Huế,0954069691,Có thể bắt đầu sau 2 tuần
Phan Anh Hùng,Khuyết tật vận động,"MISA, Excel, nghiệp vụ kế toán","TP. Vinh, Nghệ An",0949482988,Sẵn sàng đi làm ngay
Lý Thu Anh,Khuyết tật vận động,"Tin học văn phòng, kỹ năng sư phạm, kiên nhẫn","Quận Tân Bình, TP.HCM",0914086791,Sẵn sàng đi làm ngay
Phan Thị Linh,Khiếm thị,"Viết lách, nghiên cứu thông tin, SEO cơ bản",TP. Cần Thơ,0954618828,Sẵn sàng đi làm ngay
Huỳnh Kim Anh,Đa khuyết tật nhẹ,"Khéo tay, kiên nhẫn, tỉ mỉ","TP. Thủ Dầu Một, Bình Dương",0938230024,Sẵn sàng đi làm ngay
Dương Đình Kiên,Khuyết tật vận động,"MISA, Excel, nghiệp vụ kế toán","Quận Bình Thạnh, TP.HCM",0930474029,Sẵn sàng đi làm ngay
Vũ Mỹ Vy,Đa khuyết tật nhẹ,"Khéo tay, kiên nhẫn, tỉ mỉ",TP. Cần Thơ,0976659617,Có thể bắt đầu sau 2 tuần
Huỳnh Hữu Nam,Khuyết tật vận động,"Nghe hiểu tốt, gõ phím nhanh, tập trung","Quận Cầu Giấy, Hà Nội",0939101773,Sẵn sàng đi làm ngay
Vũ Kim Hoa,Khiếm thị,"Viết lách, nghiên cứu thông tin, SEO cơ bản","Quận Hai Bà Trưng, Hà Nội",0912285307,Sẵn sàng đi làm ngay
Lý Minh Khoa,"Khuyết tật thần kinh, tâm thần (ổn định)","Giao tiếp tốt, giọng nói rõ, xử lý tình huống","TP. Biên Hòa, Đồng Nai",0951679917,Sẵn sàng đi làm ngay
Lý Hữu Phong,"Khuyết tật thần kinh, tâm thần (ổn định)","Nghe hiểu tốt, gõ phím nhanh, tập trung","TP. Vinh, Nghệ An",0967226620,Sẵn sàng đi làm ngay
Ngô Xuân Sơn,"Khuyết tật thần kinh, tâm thần (ổn định)","Khéo tay, kiên nhẫn, tỉ mỉ","TP. Biên Hòa, Đồng Nai",0930674632,Sẵn sàng đi làm ngay
Lý Đình Tuấn,Khuyết tật ngôn ngữ,"Photoshop, Illustrator, Canva, tư duy thẩm mỹ","TP. Biên Hòa, Đồng Nai",0967837879,Sẵn sàng đi làm ngay
Phan Đình Nam,Khuyết tật ngôn ngữ,"MISA, Excel, nghiệp vụ kế toán","Quận 1, TP.HCM",0975876620,Sẵn sàng đi làm ngay
Phạm Thu Nga,Khuyết tật trí tuệ nhẹ,"Cẩn thận, làm theo quy trình, sức khỏe ổn định","TP. Thủ Dầu Một, Bình Dương",0925190188,Sẵn sàng đi làm ngay
Vũ Bích Hoa,Khiếm thị,"Viết lách, nghiên cứu thông tin, SEO cơ bản","Quận Tân Bình, TP.HCM",0917500377,Sẵn sàng đi làm ngay
Ngô Anh Bảo,Khuyết tật vận động,"Nghe hiểu tốt, gõ phím nhanh, tập trung","Quận Hai Bà Trưng, Hà Nội",0955125593,Có thể bắt đầu sau 2 tuần
Trần Quang Hải,Khuyết tật vận động,"Viết lách, nghiên cứu thông tin, SEO cơ bản","Quận Cầu Giấy, Hà Nội",0960064794,Có thể bắt đầu sau 2 tuần
Phan Kim Ngọc,"Khuyết tật thần kinh, tâm thần (ổn định)","Viết lách, nghiên cứu thông tin, SEO cơ bản",TP. Huế,0957797801,Có thể bắt đầu sau 2 tuần
Nguyễn Diệu Anh,Khuyết tật vận động,"Tin học văn phòng, kỹ năng sư phạm, kiên nhẫn","Quận Bình Thạnh, TP.HCM",0916820288,Sẵn sàng đi làm ngay
Huỳnh Bích Thảo,Khiếm thính,"Cẩn thận, làm theo quy trình, sức khỏe ổn định","Quận Bình Thạnh, TP.HCM",0985048570,Sẵn sàng đi làm ngay
Đặng Thành Khoa,Khiếm thị,"Xoa bóp bấm huyệt, cảm nhận cơ thể tốt","TP. Vinh, Nghệ An",0961501427,Có thể bắt đầu sau 2 tuần
Dương Thành Hùng,Đa khuyết tật nhẹ,"Cẩn thận, làm theo quy trình, sức khỏe ổn định","Quận Hai Bà Trưng, Hà Nội",0980264613,Sẵn sàng đi làm ngay
Bùi Thị Hoa,Khuyết tật ngôn ngữ,"Viết lách, nghiên cứu thông tin, SEO cơ bản","TP. Thủ Dầu Một, Bình Dương",0959466458,Sẵn sàng đi làm ngay
Đặng Hữu Đức,Đa khuyết tật nhẹ,"Cẩn thận, làm theo quy trình, sức khỏe ổn định","Quận Đống Đa, Hà Nội",0937462187,Sẵn sàng đi làm ngay
Nguyễn Quang Kiên,Khiếm thị,"Tin học văn phòng, kỹ năng sư phạm, kiên nhẫn",TP. Cần Thơ,0941858513,Có thể bắt đầu sau 2 tuần
Vũ Ngọc Hoa,Khuyết tật ngôn ngữ,"Viết tin nhắn rõ ràng, kiên nhẫn, hiểu sản phẩm","Quận Hai Bà Trưng, Hà Nội",0999347323,Sẵn sàng đi làm ngay
Bùi Thị Mai,Khiếm thị,"Tin học văn phòng, kỹ năng sư phạm, kiên nhẫn","Quận Cầu Giấy, Hà Nội",0981443530,Sẵn sàng đi làm ngay
Vũ Diệu Yến,Khuyết tật ngôn ngữ,"Python, SQL, Git, tư duy logic",TP. Cần Thơ,0970774562,Sẵn sàng đi làm ngay
Đỗ Quang Long,Khiếm thị,"Viết lách, nghiên cứu thông tin, SEO cơ bản","TP. Thủ Đức, TP.HCM",0978787071,Sẵn sàng đi làm ngay
Đỗ Mỹ Trang,Khiếm thị,"Viết lách, nghiên cứu thông tin, SEO cơ bản","Quận Cầu Giấy, Hà Nội",0974523112,Sẵn sàng đi làm ngay
Hoàng Văn Long,"Khuyết tật thần kinh, tâm thần (ổn định)","Chốt sale qua tin nhắn, quản lý đơn hàng, Excel cơ bản",TP. Huế,0972156233,Sẵn sàng đi làm ngay
Đặng Mỹ Linh,Khiếm thị,"Nghe hiểu tốt, gõ phím nhanh, tập trung",Làm việc từ xa (Remote toàn quốc),0969370312,Sẵn sàng đi làm ngay
Bùi Mỹ Thảo,"Khuyết tật thần kinh, tâm thần (ổn định)","Xoa bóp bấm huyệt, cảm nhận cơ thể tốt","Quận Bình Thạnh, TP.HCM",0950581094,Sẵn sàng đi làm ngay
Phan Bích Lan,Khuyết tật ngôn ngữ,"Photoshop, Illustrator, Canva, tư duy thẩm mỹ",TP. Cần Thơ,0951064636,Có thể bắt đầu sau 2 tuần
Ngô Bích Nga,Khuyết tật vận động,"Viết lách, nghiên cứu thông tin, SEO cơ bản","Quận Đống Đa, Hà Nội",0943463349,Sẵn sàng đi làm ngay
Phan Đình Hải,Khuyết tật vận động,"Nghe hiểu tốt, gõ phím nhanh, tập trung",TP. Huế,0992550617,Sẵn sàng đi làm ngay
Dương Kim Yến,Khiếm thị,"Tin học văn phòng, kỹ năng sư phạm, kiên nhẫn","Quận 1, TP.HCM",0946006451,Có thể bắt đầu sau 2 tuần
Phan Diệu Mai,Khuyết tật ngôn ngữ,"Viết tin nhắn rõ ràng, kiên nhẫn, hiểu sản phẩm","TP. Nha Trang, Khánh Hòa",0918573349,Có thể bắt đầu sau 2 tuần
Dương Đình Hải,Khiếm thính,"Ngôn ngữ ký hiệu, biên tập video cơ bản","Quận Cầu Giấy, Hà Nội",0999253318,Có thể bắt đầu sau 2 tuần
Hoàng Xuân Nam,"Khuyết tật thần kinh, tâm thần (ổn định)","Ngôn ngữ ký hiệu, biên tập video cơ bản","TP. Thủ Đức, TP.HCM",0934929441,Có thể bắt đầu sau 2 tuần
Phạm Minh Hùng,Khiếm thị,"Tin học văn phòng, kỹ năng sư phạm, kiên nhẫn","Quận Đống Đa, Hà Nội",0961916238,Sẵn sàng đi làm ngay
Vũ Bích Mai,Khiếm thính,"Viết tin nhắn rõ ràng, kiên nhẫn, hiểu sản phẩm",TP. Huế,0953859928,Sẵn sàng đi làm ngay
Ngô Thành Kiên,Khiếm thị,"Xoa bóp bấm huyệt, cảm nhận cơ thể tốt",TP. Đà Nẵng,0953694820,Sẵn sàng đi làm ngay
Dương Kim Yến,Khuyết tật trí tuệ nhẹ,"Cẩn thận, làm theo quy trình, sức khỏe ổn định","TP. Thủ Dầu Một, Bình Dương",0985379690,Sẵn sàng đi làm ngay
Trần Ngọc Yến,Khiếm thính,"May công nghiệp, tỉ mỉ, chịu được áp lực dây chuyền","TP. Biên Hòa, Đồng Nai",0995523717,Có thể bắt đầu sau 2 tuần
Bùi Minh Hải,"Khuyết tật thần kinh, tâm thần (ổn định)","Nghe hiểu tốt, gõ phím nhanh, tập trung",TP. Đà Nẵng,0965597155,Có thể bắt đầu sau 2 tuần
Huỳnh Minh Phong,Khiếm thị,"Tin học văn phòng, kỹ năng sư phạm, kiên nhẫn","Quận 3, TP.HCM",0957664965,Sẵn sàng đi làm ngay
Nguyễn Đình Sơn,Khuyết tật vận động,"Giao tiếp tốt, giọng nói rõ, xử lý tình huống","Quận Cầu Giấy, Hà Nội",0978464673,Sẵn sàng đi làm ngay
Dương Văn Hải,Khuyết tật vận động,"Khéo tay, kiên nhẫn, tỉ mỉ","Quận Tân Bình, TP.HCM",0953727750,Sẵn sàng đi làm ngay
Bùi Thị Nga,Khuyết tật ngôn ngữ,"Tin học văn phòng, gõ phím nhanh, cẩn thận, tỉ mỉ","TP. Thủ Dầu Một, Bình Dương",0964874638,Sẵn sàng đi làm ngay
Huỳnh Kim Nga,Khiếm thính,"Viết tin nhắn rõ ràng, kiên nhẫn, hiểu sản phẩm","Quận Hai Bà Trưng, Hà Nội",0916665531,Sẵn sàng đi làm ngay
Lý Đình Vinh,"Khuyết tật thần kinh, tâm thần (ổn định)","Giao tiếp tốt, giọng nói rõ, xử lý tình huống","Quận Đống Đa, Hà Nội",0985518225,Sẵn sàng đi làm ngay
Đỗ Ngọc Thảo,Khuyết tật trí tuệ nhẹ,"Cẩn thận, làm theo quy trình, sức khỏe ổn định",TP. Huế,0989328563,Sẵn sàng đi làm ngay
Phạm Hữu Hùng,Khiếm thính,"Viết lách, nghiên cứu thông tin, SEO cơ bản","TP. Thủ Đức, TP.HCM",0963983945,Sẵn sàng đi làm ngay
Đỗ Thị Hoa,"Khuyết tật thần kinh, tâm thần (ổn định)","Tin học văn phòng, kỹ năng sư phạm, kiên nhẫn","Quận Bình Thạnh, TP.HCM",0958805644,Sẵn sàng đi làm ngay
Huỳnh Minh Bảo,Khuyết tật ngôn ngữ,"Tin học văn phòng, gõ phím nhanh, cẩn thận, tỉ mỉ",TP. Đà Nẵng,0964550003,Sẵn sàng đi làm ngay
Dương Văn Vinh,Khuyết tật ngôn ngữ,"Tin học văn phòng, gõ phím nhanh, cẩn thận, tỉ mỉ","TP. Biên Hòa, Đồng Nai",0934184736,Sẵn sàng đi làm ngay
Trần Ngọc Nga,Khuyết tật ngôn ngữ,"Viết tin nhắn rõ ràng, kiên nhẫn, hiểu sản phẩm","Quận Tân Bình, TP.HCM",0977618917,Có thể bắt đầu sau 2 tuần
Bùi Anh Sơn,Khiếm thính,"Viết lách, nghiên cứu thông tin, SEO cơ bản","Quận 1, TP.HCM",0939638669,Sẵn sàng đi làm ngay
Lý Ngọc Lan,Khiếm thính,"Tin học văn phòng, gõ phím nhanh, cẩn thận, tỉ mỉ","TP. Thủ Đức, TP.HCM",0963882171,Sẵn sàng đi làm ngay
Ngô Diệu Thảo,Khuyết tật trí tuệ nhẹ,"Khéo tay, kiên nhẫn, tỉ mỉ","TP. Biên Hòa, Đồng Nai",0924794966,Sẵn sàng đi làm ngay
Nguyễn Hữu Bảo,Khuyết tật trí tuệ nhẹ,"May công nghiệp, tỉ mỉ, chịu được áp lực dây chuyền","TP. Thủ Đức, TP.HCM",0926946190,Sẵn sàng đi làm ngay
Phan Anh Phong,Khiếm thị,"Xoa bóp bấm huyệt, cảm nhận cơ thể tốt","Quận Cầu Giấy, Hà Nội",0915803003,Sẵn sàng đi làm ngay
Lý Anh Đức,Khiếm thị,"Tin học văn phòng, kỹ năng sư phạm, kiên nhẫn","Quận Bình Thạnh, TP.HCM",0978476884,Sẵn sàng đi làm ngay
Vũ Anh Nam,Đa khuyết tật nhẹ,"Photoshop, Illustrator, Canva, tư duy thẩm mỹ",TP. Đà Nẵng,0966503837,Sẵn sàng đi làm ngay
Phan Mỹ Anh,Khiếm thị,"Xoa bóp bấm huyệt, cảm nhận cơ thể tốt","Quận Hai Bà Trưng, Hà Nội",0917709878,Sẵn sàng đi làm ngay
Nguyễn Anh Vinh,"Khuyết tật thần kinh, tâm thần (ổn định)","Xoa bóp bấm huyệt, cảm nhận cơ thể tốt","Quận Tân Bình, TP.HCM",0968602595,Sẵn sàng đi làm ngay
Huỳnh Hữu Sơn,Khiếm thính,"Khéo tay, kiên nhẫn, tỉ mỉ","Quận 1, TP.HCM",0933868034,Sẵn sàng đi làm ngay
Vũ Kim Linh,Khuyết tật ngôn ngữ,"Tin học văn phòng, gõ phím nhanh, cẩn thận, tỉ mỉ","TP. Nha Trang, Khánh Hòa",0934189826,Có thể bắt đầu sau 2 tuần
Ngô Ngọc Hoa,Khuyết tật vận động,"Viết tin nhắn rõ ràng, kiên nhẫn, hiểu sản phẩm","Quận Hai Bà Trưng, Hà Nội",0994509364,Có thể bắt đầu sau 2 tuần
Đỗ Thu Lan,Khuyết tật vận động,"MISA, Excel, nghiệp vụ kế toán",TP. Cần Thơ,0966184000,Sẵn sàng đi làm ngay
Đặng Đình Sơn,Đa khuyết tật nhẹ,"Photoshop, Illustrator, Canva, tư duy thẩm mỹ","TP. Vinh, Nghệ An",0980868705,Sẵn sàng đi làm ngay
Phan Mỹ Anh,Khiếm thị,"Viết lách, nghiên cứu thông tin, SEO cơ bản","Quận Cầu Giấy, Hà Nội",0980909990,Có thể bắt đầu sau 2 tuần
Đỗ Văn Nam,"Khuyết tật thần kinh, tâm thần (ổn định)","Ngôn ngữ ký hiệu, biên tập video cơ bản","TP. Biên Hòa, Đồng Nai",0914633367,Sẵn sàng đi làm ngay
Huỳnh Kim Mai,Đa khuyết tật nhẹ,"Cẩn thận, làm theo quy trình, sức khỏe ổn định","Quận Bình Thạnh, TP.HCM",0914399274,Có thể bắt đầu sau 2 tuần
Phạm Anh Vinh,Khiếm thính,"Tin học văn phòng, gõ phím nhanh, cẩn thận, tỉ mỉ","Quận Hai Bà Trưng, Hà Nội",0943260898,Sẵn sàng đi làm ngay
Nguyễn Anh Vinh,Khuyết tật trí tuệ nhẹ,"May công nghiệp, tỉ mỉ, chịu được áp lực dây chuyền","Quận Hai Bà Trưng, Hà Nội",0950621672,Sẵn sàng đi làm ngay
Nguyễn Kim Trang,"Khuyết tật thần kinh, tâm thần (ổn định)","Chốt sale qua tin nhắn, quản lý đơn hàng, Excel cơ bản","Quận 3, TP.HCM",0926041432,Sẵn sàng đi làm ngay
Lý Đình Sơn,Khuyết tật vận động,"Viết tin nhắn rõ ràng, kiên nhẫn, hiểu sản phẩm","TP. Vinh, Nghệ An",0972065244,Sẵn sàng đi làm ngay
Nguyễn Đình Đức,"Khuyết tật thần kinh, tâm thần (ổn định)","Giao tiếp tốt, giọng nói rõ, xử lý tình huống","TP. Vinh, Nghệ An",0993536989,Sẵn sàng đi làm ngay
Dương Xuân Sơn,"Khuyết tật thần kinh, tâm thần (ổn định)","Chốt sale qua tin nhắn, quản lý đơn hàng, Excel cơ bản","Quận Hai Bà Trưng, Hà Nội",0970274604,Sẵn sàng đi làm ngay
Phan Mỹ Yến,Đa khuyết tật nhẹ,"Cẩn thận, làm theo quy trình, sức khỏe ổn định","TP. Thủ Dầu Một, Bình Dương",0991219190,Sẵn sàng đi làm ngay
Vũ Ngọc Anh,Khiếm thính,"May công nghiệp, tỉ mỉ, chịu được áp lực dây chuyền","Quận Tân Bình, TP.HCM",0985538332,Sẵn sàng đi làm ngay
Nguyễn Bích Nga,Đa khuyết tật nhẹ,"Cẩn thận, làm theo quy trình, sức khỏe ổn định","Quận Bình Thạnh, TP.HCM",0989143084,Sẵn sàng đi làm ngay
Đỗ Mỹ Ngọc,Khuyết tật trí tuệ nhẹ,"May công nghiệp, tỉ mỉ, chịu được áp lực dây chuyền","Quận Hai Bà Trưng, Hà Nội",0938438367,Có thể bắt đầu sau 2 tuần
Nguyễn Bích Trang,Khuyết tật trí tuệ nhẹ,"Khéo tay, kiên nhẫn, tỉ mỉ",Làm việc từ xa (Remote toàn quốc),0950262298,Sẵn sàng đi làm ngay
Lý Thu Hương,Khuyết tật vận động,"Chốt sale qua tin nhắn, quản lý đơn hàng, Excel cơ bản",TP. Cần Thơ,0954835291,Sẵn sàng đi làm ngay
Nguyễn Diệu Yến,Đa khuyết tật nhẹ,"Khéo tay, kiên nhẫn, tỉ mỉ","TP. Vinh, Nghệ An",0959482210,Sẵn sàng đi làm ngay
Dương Anh Phong,Khuyết tật vận động,"Viết lách, nghiên cứu thông tin, SEO cơ bản","Quận Cầu Giấy, Hà Nội",0929757508,Sẵn sàng đi làm ngay
Trần Diệu Hương,"Khuyết tật thần kinh, tâm thần (ổn định)","Python, SQL, Git, tư duy logic","TP. Vinh, Nghệ An",0965119183,Sẵn sàng đi làm ngay
Trần Kim Hoa,Khiếm thị,"Tin học văn phòng, kỹ năng sư phạm, kiên nhẫn","Quận Bình Thạnh, TP.HCM",0925775968,Sẵn sàng đi làm ngay
Phan Kim Vy,Khuyết tật ngôn ngữ,"Chốt sale qua tin nhắn, quản lý đơn hàng, Excel cơ bản","Quận Hai Bà Trưng, Hà Nội",0919127237,Sẵn sàng đi làm ngay
Dương Bích Thảo,Đa khuyết tật nhẹ,"Cẩn thận, làm theo quy trình, sức khỏe ổn định","Quận 1, TP.HCM",0916571117,Sẵn sàng đi làm ngay
Đỗ Đình Khoa,Khiếm thị,"Nghe hiểu tốt, gõ phím nhanh, tập trung",Làm việc từ xa (Remote toàn quốc),0913237762,Sẵn sàng đi làm ngay
Vũ Diệu Thảo,Đa khuyết tật nhẹ,"Cẩn thận, làm theo quy trình, sức khỏe ổn định","TP. Vinh, Nghệ An",0916677667,Sẵn sàng đi làm ngay
Lê Kim Hương,"Khuyết tật thần kinh, tâm thần (ổn định)","Khéo tay, kiên nhẫn, tỉ mỉ","TP. Vinh, Nghệ An",0923496493,Sẵn sàng đi làm ngay
Hoàng Xuân Tuấn,Khuyết tật vận động,"Viết lách, nghiên cứu thông tin, SEO cơ bản","TP. Nha Trang, Khánh Hòa",0937149608,Sẵn sàng đi làm ngay
Đỗ Bích Lan,Khuyết tật ngôn ngữ,"Python, SQL, Git, tư duy logic","TP. Nha Trang, Khánh Hòa",0989569937,Có thể bắt đầu sau 2 tuần
Dương Diệu Lan,Khiếm thị,"Xoa bóp bấm huyệt, cảm nhận cơ thể tốt","TP. Thủ Dầu Một, Bình Dương",0937467964,Sẵn sàng đi làm ngay
Đỗ Bích Ngọc,Khiếm thị,"Tin học văn phòng, kỹ năng sư phạm, kiên nhẫn",TP. Cần Thơ,0933448916,Sẵn sàng đi làm ngay
Trần Minh Vinh,Khiếm thính,"Cẩn thận, làm theo quy trình, sức khỏe ổn định","TP. Thủ Dầu Một, Bình Dương",0980456417,Sẵn sàng đi làm ngay
Võ Đình Vinh,Khuyết tật trí tuệ nhẹ,"May công nghiệp, tỉ mỉ, chịu được áp lực dây chuyền","TP. Thủ Dầu Một, Bình Dương",0925167361,Sẵn sàng đi làm ngay
Hoàng Quang Đức,Khuyết tật trí tuệ nhẹ,"Khéo tay, kiên nhẫn, tỉ mỉ","TP. Vinh, Nghệ An",0992439044,Có thể bắt đầu sau 2 tuần
Bùi Ngọc Mai,"Khuyết tật thần kinh, tâm thần (ổn định)","Cẩn thận, làm theo quy trình, sức khỏe ổn định","TP. Biên Hòa, Đồng Nai",0941567549,Sẵn sàng đi làm ngay
Ngô Anh Nam,Khuyết tật ngôn ngữ,"Viết lách, nghiên cứu thông tin, SEO cơ bản",Làm việc từ xa (Remote toàn quốc),0914844793,Có thể bắt đầu sau 2 tuần
Đỗ Minh Phong,Khuyết tật ngôn ngữ,"Photoshop, Illustrator, Canva, tư duy thẩm mỹ","Quận 3, TP.HCM",0995954647,Sẵn sàng đi làm ngay
Trần Kim Yến,Khiếm thị,"Tin học văn phòng, kỹ năng sư phạm, kiên nhẫn",Làm việc từ xa (Remote toàn quốc),0988553358,Sẵn sàng đi làm ngay
Bùi Hữu Hải,Khiếm thị,"Viết lách, nghiên cứu thông tin, SEO cơ bản","Quận Hai Bà Trưng, Hà Nội",0984506012,Sẵn sàng đi làm ngay
Bùi Đình Khoa,Khiếm thị,"Xoa bóp bấm huyệt, cảm nhận cơ thể tốt","TP. Biên Hòa, Đồng Nai",0974081087,Sẵn sàng đi làm ngay
Lê Đình Hùng,Khiếm thị,"Viết lách, nghiên cứu thông tin, SEO cơ bản","TP. Biên Hòa, Đồng Nai",0928220251,Sẵn sàng đi làm ngay
Hoàng Hữu Sơn,Khuyết tật vận động,"MISA, Excel, nghiệp vụ kế toán",Làm việc từ xa (Remote toàn quốc),0935004300,Sẵn sàng đi làm ngay
Đỗ Xuân Hải,Khuyết tật trí tuệ nhẹ,"May công nghiệp, tỉ mỉ, chịu được áp lực dây chuyền",TP. Cần Thơ,0986582679,Có thể bắt đầu sau 2 tuần
Đặng Xuân Kiên,Đa khuyết tật nhẹ,"Photoshop, Illustrator, Canva, tư duy thẩm mỹ","TP. Thủ Đức, TP.HCM",0971752240,Sẵn sàng đi làm ngay
Đặng Bích Anh,Khuyết tật vận động,"Tin học văn phòng, gõ phím nhanh, cẩn thận, tỉ mỉ","Quận Hai Bà Trưng, Hà Nội",0968972193,Sẵn sàng đi làm ngay
Huỳnh Xuân Vinh,Đa khuyết tật nhẹ,"Cẩn thận, làm theo quy trình, sức khỏe ổn định","Quận 3, TP.HCM",0998606079,Sẵn sàng đi làm ngay
Hoàng Đình Kiên,Khuyết tật trí tuệ nhẹ,"Giao tiếp tốt, giọng nói rõ, xử lý tình huống","TP. Vinh, Nghệ An",0950435523,Sẵn sàng đi làm ngay
Huỳnh Hữu Sơn,"Khuyết tật thần kinh, tâm thần (ổn định)","Xoa bóp bấm huyệt, cảm nhận cơ thể tốt","Quận Đống Đa, Hà Nội",0954348953,Sẵn sàng đi làm ngay
Lý Ngọc Hoa,Khiếm thính,"Chốt sale qua tin nhắn, quản lý đơn hàng, Excel cơ bản","TP. Thủ Đức, TP.HCM",0993067471,Sẵn sàng đi làm ngay
Đặng Thu Thảo,Khiếm thính,"Viết tin nhắn rõ ràng, kiên nhẫn, hiểu sản phẩm","TP. Nha Trang, Khánh Hòa",0996389518,Sẵn sàng đi làm ngay
Phạm Hữu Phong,Khuyết tật trí tuệ nhẹ,"May công nghiệp, tỉ mỉ, chịu được áp lực dây chuyền",TP. Đà Nẵng,0981919345,Sẵn sàng đi làm ngay
Ngô Thu Nga,Đa khuyết tật nhẹ,"Khéo tay, kiên nhẫn, tỉ mỉ","Quận 1, TP.HCM",0912224351,Sẵn sàng đi làm ngay
Ngô Bích Trang,Đa khuyết tật nhẹ,"Khéo tay, kiên nhẫn, tỉ mỉ","Quận Hai Bà Trưng, Hà Nội",0945704930,Có thể bắt đầu sau 2 tuần
Hoàng Xuân Vinh,Khiếm thính,"Photoshop, Illustrator, Canva, tư duy thẩm mỹ","Quận 1, TP.HCM",0989591729,Sẵn sàng đi làm ngay
Hoàng Ngọc Lan,Khuyết tật ngôn ngữ,"Photoshop, Illustrator, Canva, tư duy thẩm mỹ","TP. Thủ Dầu Một, Bình Dương",0910187483,Sẵn sàng đi làm ngay
Võ Bích Ngọc,Khuyết tật ngôn ngữ,"Chốt sale qua tin nhắn, quản lý đơn hàng, Excel cơ bản","Quận Bình Thạnh, TP.HCM",0965788797,Sẵn sàng đi làm ngay
Phạm Diệu Vy,Khuyết tật ngôn ngữ,"MISA, Excel, nghiệp vụ kế toán","Quận Tân Bình, TP.HCM",0988681607,Sẵn sàng đi làm ngay
Võ Hữu Sơn,Khuyết tật trí tuệ nhẹ,"Khéo tay, kiên nhẫn, tỉ mỉ","Quận Đống Đa, Hà Nội",0921965848,Sẵn sàng đi làm ngay
Hoàng Thành Hùng,Khuyết tật trí tuệ nhẹ,"Giao tiếp tốt, giọng nói rõ, xử lý tình huống","Quận Đống Đa, Hà Nội",0996305446,Sẵn sàng đi làm ngay
Dương Bích Hương,Đa khuyết tật nhẹ,"Khéo tay, kiên nhẫn, tỉ mỉ",TP. Cần Thơ,0961586351,Sẵn sàng đi làm ngay
Hoàng Đình Hùng,Đa khuyết tật nhẹ,"Khéo tay, kiên nhẫn, tỉ mỉ","TP. Biên Hòa, Đồng Nai",0933873133,Có thể bắt đầu sau 2 tuần
Đỗ Thành Bảo,Đa khuyết tật nhẹ,"Photoshop, Illustrator, Canva, tư duy thẩm mỹ","TP. Biên Hòa, Đồng Nai",0932765630,Sẵn sàng đi làm ngay
Vũ Thị Thảo,Khiếm thị,"Viết lách, nghiên cứu thông tin, SEO cơ bản","Quận 1, TP.HCM",0943033676,Sẵn sàng đi làm ngay
Phan Diệu Ngọc,Khiếm thị,"Viết lách, nghiên cứu thông tin, SEO cơ bản","TP. Nha Trang, Khánh Hòa",0955703940,Có thể bắt đầu sau 2 tuần
Đỗ Mỹ Hoa,Khuyết tật vận động,"Khéo tay, kiên nhẫn, tỉ mỉ","Quận 3, TP.HCM",0943532332,Có thể bắt đầu sau 2 tuần
Nguyễn Anh Sơn,Khuyết tật ngôn ngữ,"Chốt sale qua tin nhắn, quản lý đơn hàng, Excel cơ bản","Quận Bình Thạnh, TP.HCM",0962503681,Sẵn sàng đi làm ngay
Bùi Thị Anh,Khiếm thị,"Xoa bóp bấm huyệt, cảm nhận cơ thể tốt",TP. Đà Nẵng,0933799645,Sẵn sàng đi làm ngay
Bùi Anh Phong,Khiếm thị,"Nghe hiểu tốt, gõ phím nhanh, tập trung",TP. Cần Thơ,0919042921,Sẵn sàng đi làm ngay
Phan Hữu Khoa,Khiếm thính,"Chốt sale qua tin nhắn, quản lý đơn hàng, Excel cơ bản","TP. Biên Hòa, Đồng Nai",0955067101,Sẵn sàng đi làm ngay
Phan Văn Nam,Khiếm thị,"Nghe hiểu tốt, gõ phím nhanh, tập trung","Quận Đống Đa, Hà Nội",0979509831,Sẵn sàng đi làm ngay
Huỳnh Bích Nga,Khuyết tật ngôn ngữ,"Chốt sale qua tin nhắn, quản lý đơn hàng, Excel cơ bản","Quận Bình Thạnh, TP.HCM",0984078153,Sẵn sàng đi làm ngay
Bùi Xuân Khoa,"Khuyết tật thần kinh, tâm thần (ổn định)","Khéo tay, kiên nhẫn, tỉ mỉ","Quận Tân Bình, TP.HCM",0932875453,Sẵn sàng đi làm ngay
Đỗ Kim Hương,"Khuyết tật thần kinh, tâm thần (ổn định)","Xoa bóp bấm huyệt, cảm nhận cơ thể tốt","Quận Cầu Giấy, Hà Nội",0932841704,Sẵn sàng đi làm ngay
Bùi Bích Trang,Khuyết tật ngôn ngữ,"Chốt sale qua tin nhắn, quản lý đơn hàng, Excel cơ bản","Quận Tân Bình, TP.HCM",0931479183,Sẵn sàng đi làm ngay
Hoàng Văn Sơn,Khuyết tật ngôn ngữ,"Python, SQL, Git, tư duy logic","Quận Tân Bình, TP.HCM",0939044596,Có thể bắt đầu sau 2 tuần
Đặng Đình Phong,Khuyết tật vận động,"Viết lách, nghiên cứu thông tin, SEO cơ bản","Quận Đống Đa, Hà Nội",0953143944,Sẵn sàng đi làm ngay
Trần Văn Nam,Khiếm thính,"Python, SQL, Git, tư duy logic","Quận 1, TP.HCM",0916931154,Sẵn sàng đi làm ngay
Đỗ Thành Phong,Khuyết tật ngôn ngữ,"MISA, Excel, nghiệp vụ kế toán",TP. Cần Thơ,0958853523,Sẵn sàng đi làm ngay
Vũ Hữu Hải,Khuyết tật ngôn ngữ,"Tin học văn phòng, gõ phím nhanh, cẩn thận, tỉ mỉ","TP. Thủ Đức, TP.HCM",0998862110,Sẵn sàng đi làm ngay
Lý Minh Vinh,"Khuyết tật thần kinh, tâm thần (ổn định)","Xoa bóp bấm huyệt, cảm nhận cơ thể tốt","Quận Tân Bình, TP.HCM",0995800609,Sẵn sàng đi làm ngay
Đỗ Văn Sơn,Khuyết tật vận động,"Viết tin nhắn rõ ràng, kiên nhẫn, hiểu sản phẩm","TP. Thủ Đức, TP.HCM",0923203527,Sẵn sàng đi làm ngay
Phạm Thành Khoa,Khuyết tật ngôn ngữ,"Python, SQL, Git, tư duy logic","TP. Thủ Đức, TP.HCM",0932927797,Có thể bắt đầu sau 2 tuần
Võ Văn Vinh,Khiếm thị,"Viết lách, nghiên cứu thông tin, SEO cơ bản","Quận Cầu Giấy, Hà Nội",0926828790,Sẵn sàng đi làm ngay
Phan Thành Tuấn,"Khuyết tật thần kinh, tâm thần (ổn định)","Ngôn ngữ ký hiệu, biên tập video cơ bản",TP. Đà Nẵng,0920961980,Sẵn sàng đi làm ngay
Lê Minh Nam,Đa khuyết tật nhẹ,"Photoshop, Illustrator, Canva, tư duy thẩm mỹ","Quận 1, TP.HCM",0942446006,Sẵn sàng đi làm ngay
Vũ Minh Nam,Khuyết tật trí tuệ nhẹ,"Giao tiếp tốt, giọng nói rõ, xử lý tình huống","TP. Vinh, Nghệ An",0993091442,Có thể bắt đầu sau 2 tuần
Đỗ Xuân Long,Khiếm thị,"Tin học văn phòng, kỹ năng sư phạm, kiên nhẫn",TP. Huế,0916953684,Có thể bắt đầu sau 2 tuần
Vũ Thị Hoa,"Khuyết tật thần kinh, tâm thần (ổn định)","Ngôn ngữ ký hiệu, biên tập video cơ bản",Làm việc từ xa (Remote toàn quốc),0970239777,Sẵn sàng đi làm ngay
Nguyễn Quang Vinh,Khiếm thị,"Viết lách, nghiên cứu thông tin, SEO cơ bản","Quận 3, TP.HCM",0914804397,Có thể bắt đầu sau 2 tuần
Đỗ Diệu Ngọc,Khuyết tật vận động,"Photoshop, Illustrator, Canva, tư duy thẩm mỹ","Quận 1, TP.HCM",0976175581,Có thể bắt đầu sau 2 tuần
Ngô Thu Trang,Khiếm thị,"Viết lách, nghiên cứu thông tin, SEO cơ bản","TP. Vinh, Nghệ An",0934541291,Sẵn sàng đi làm ngay
Đỗ Kim Ngọc,Khuyết tật vận động,"Photoshop, Illustrator, Canva, tư duy thẩm mỹ",TP. Huế,0937832419,Sẵn sàng đi làm ngay
Đặng Bích Hương,Khuyết tật trí tuệ nhẹ,"Cẩn thận, làm theo quy trình, sức khỏe ổn định","Quận Hai Bà Trưng, Hà Nội",0939464877,Sẵn sàng đi làm ngay
Ngô Kim Linh,Khiếm thính,"MISA, Excel, nghiệp vụ kế toán","Quận Cầu Giấy, Hà Nội",0961180814,Sẵn sàng đi làm ngay
Ngô Kim Vy,"Khuyết tật thần kinh, tâm thần (ổn định)","Cẩn thận, làm theo quy trình, sức khỏe ổn định","Quận Cầu Giấy, Hà Nội",0967241086,Sẵn sàng đi làm ngay
Lê Ngọc Nga,Khuyết tật trí tuệ nhẹ,"Giao tiếp tốt, giọng nói rõ, xử lý tình huống",TP. Đà Nẵng,0971284923,Có thể bắt đầu sau 2 tuần
Đặng Hữu Vinh,Khiếm thị,"Xoa bóp bấm huyệt, cảm nhận cơ thể tốt","TP. Thủ Dầu Một, Bình Dương",0967227960,Sẵn sàng đi làm ngay
Bùi Quang Long,Khuyết tật ngôn ngữ,"Photoshop, Illustrator, Canva, tư duy thẩm mỹ","Quận Bình Thạnh, TP.HCM",0972757426,Có thể bắt đầu sau 2 tuần
Dương Thị Thảo,Khuyết tật vận động,"Tin học văn phòng, gõ phím nhanh, cẩn thận, tỉ mỉ",Làm việc từ xa (Remote toàn quốc),0974355531,Sẵn sàng đi làm ngay
Đặng Thành Hải,"Khuyết tật thần kinh, tâm thần (ổn định)","May công nghiệp, tỉ mỉ, chịu được áp lực dây chuyền",TP. Cần Thơ,0956506859,Sẵn sàng đi làm ngay
Lê Ngọc Mai,Khuyết tật ngôn ngữ,"Viết tin nhắn rõ ràng, kiên nhẫn, hiểu sản phẩm",TP. Huế,0911541456,Có thể bắt đầu sau 2 tuần
Đặng Thu Mai,Khuyết tật ngôn ngữ,"Python, SQL, Git, tư duy logic","Quận Bình Thạnh, TP.HCM",0947510315,Có thể bắt đầu sau 2 tuần
Lý Anh Đức,Khuyết tật vận động,"Python, SQL, Git, tư duy logic","Quận Cầu Giấy, Hà Nội",0923532049,Sẵn sàng đi làm ngay
Đỗ Hữu Đức,Đa khuyết tật nhẹ,"Photoshop, Illustrator, Canva, tư duy thẩm mỹ","Quận 3, TP.HCM",0949479509,Sẵn sàng đi làm ngay
Trần Bích Lan,Khuyết tật trí tuệ nhẹ,"May công nghiệp, tỉ mỉ, chịu được áp lực dây chuyền","TP. Thủ Dầu Một, Bình Dương",0913477539,Sẵn sàng đi làm ngay
Trần Diệu Yến,Khuyết tật trí tuệ nhẹ,"Khéo tay, kiên nhẫn, tỉ mỉ","TP. Biên Hòa, Đồng Nai",0940786648,Sẵn sàng đi làm ngay
Dương Văn Long,Khuyết tật vận động,"Tin học văn phòng, kỹ năng sư phạm, kiên nhẫn","Quận 1, TP.HCM",0918708786,Sẵn sàng đi làm ngay
Phạm Thành Vinh,Khuyết tật trí tuệ nhẹ,"May công nghiệp, tỉ mỉ, chịu được áp lực dây chuyền","TP. Thủ Đức, TP.HCM",0975345837,Có thể bắt đầu sau 2 tuần
Đỗ Đình Hải,Đa khuyết tật nhẹ,"Khéo tay, kiên nhẫn, tỉ mỉ","Quận 3, TP.HCM",0995000213,Có thể bắt đầu sau 2 tuần
Vũ Quang Đức,Khiếm thính,"Python, SQL, Git, tư duy logic","Quận Bình Thạnh, TP.HCM",0951232684,Sẵn sàng đi làm ngay
Lý Hữu Sơn,"Khuyết tật thần kinh, tâm thần (ổn định)","Cẩn thận, làm theo quy trình, sức khỏe ổn định","TP. Biên Hòa, Đồng Nai",0931640113,Sẵn sàng đi làm ngay
Phạm Mỹ Linh,Khuyết tật vận động,"Tin học văn phòng, kỹ năng sư phạm, kiên nhẫn",TP. Huế,0919439565,Sẵn sàng đi làm ngay
Phạm Thị Hoa,Khuyết tật ngôn ngữ,"Chốt sale qua tin nhắn, quản lý đơn hàng, Excel cơ bản","Quận Đống Đa, Hà Nội",0981811723,Sẵn sàng đi làm ngay
Dương Anh Bảo,Khiếm thị,"Nghe hiểu tốt, gõ phím nhanh, tập trung","Quận 3, TP.HCM",0944818205,Sẵn sàng đi làm ngay
Dương Thị Mai,Khiếm thính,"Tin học văn phòng, gõ phím nhanh, cẩn thận, tỉ mỉ","Quận Hai Bà Trưng, Hà Nội",0912511542,Sẵn sàng đi làm ngay
Đỗ Văn Hùng,Khuyết tật trí tuệ nhẹ,"Khéo tay, kiên nhẫn, tỉ mỉ","TP. Thủ Dầu Một, Bình Dương",0927312636,Sẵn sàng đi làm ngay
Đỗ Hữu Tuấn,Khiếm thị,"Viết lách, nghiên cứu thông tin, SEO cơ bản","Quận Bình Thạnh, TP.HCM",0916112433,Sẵn sàng đi làm ngay
Phan Mỹ Mai,Khuyết tật vận động,"Viết lách, nghiên cứu thông tin, SEO cơ bản","Quận Bình Thạnh, TP.HCM",0969809445,Sẵn sàng đi làm ngay
Ngô Xuân Hùng,"Khuyết tật thần kinh, tâm thần (ổn định)","Viết tin nhắn rõ ràng, kiên nhẫn, hiểu sản phẩm","Quận Cầu Giấy, Hà Nội",0938135317,Sẵn sàng đi làm ngay
Bùi Xuân Long,Khiếm thính,"Viết lách, nghiên cứu thông tin, SEO cơ bản","Quận Đống Đa, Hà Nội",0938594436,Có thể bắt đầu sau 2 tuần
Trần Anh Sơn,Khuyết tật vận động,"Giao tiếp tốt, giọng nói rõ, xử lý tình huống","TP. Thủ Đức, TP.HCM",0916037713,Có thể bắt đầu sau 2 tuần
Trần Minh Sơn,Khuyết tật vận động,"Viết lách, nghiên cứu thông tin, SEO cơ bản","Quận 1, TP.HCM",0936746598,Sẵn sàng đi làm ngay
Đỗ Minh Nam,Khuyết tật vận động,"Nghe hiểu tốt, gõ phím nhanh, tập trung","TP. Biên Hòa, Đồng Nai",0916351870,Có thể bắt đầu sau 2 tuần
Bùi Anh Phong,Đa khuyết tật nhẹ,"Photoshop, Illustrator, Canva, tư duy thẩm mỹ","TP. Thủ Đức, TP.HCM",0972310967,Sẵn sàng đi làm ngay
Ngô Bích Mai,Khiếm thính,"Cẩn thận, làm theo quy trình, sức khỏe ổn định","TP. Nha Trang, Khánh Hòa",0990518543,Có thể bắt đầu sau 2 tuần
Đỗ Diệu Thảo,Khuyết tật ngôn ngữ,"Viết lách, nghiên cứu thông tin, SEO cơ bản",Làm việc từ xa (Remote toàn quốc),0975915202,Sẵn sàng đi làm ngay
Dương Xuân Tuấn,"Khuyết tật thần kinh, tâm thần (ổn định)","Viết lách, nghiên cứu thông tin, SEO cơ bản","TP. Thủ Dầu Một, Bình Dương",0998084649,Sẵn sàng đi làm ngay
Võ Ngọc Ngọc,Đa khuyết tật nhẹ,"Photoshop, Illustrator, Canva, tư duy thẩm mỹ","Quận Bình Thạnh, TP.HCM",0971266572,Sẵn sàng đi làm ngay
Hoàng Ngọc Hoa,Đa khuyết tật nhẹ,"Photoshop, Illustrator, Canva, tư duy thẩm mỹ","Quận 3, TP.HCM",0946897895,Sẵn sàng đi làm ngay
Huỳnh Mỹ Mai,Khuyết tật ngôn ngữ,"Python, SQL, Git, tư duy logic","TP. Biên Hòa, Đồng Nai",0921340637,Sẵn sàng đi làm ngay
Hoàng Văn Tuấn,Đa khuyết tật nhẹ,"Khéo tay, kiên nhẫn, tỉ mỉ","Quận Hai Bà Trưng, Hà Nội",0987677027,Sẵn sàng đi làm ngay
Phạm Diệu Lan,Đa khuyết tật nhẹ,"Khéo tay, kiên nhẫn, tỉ mỉ","Quận 3, TP.HCM",0956685753,Có thể bắt đầu sau 2 tuần
Đặng Hữu Khoa,Đa khuyết tật nhẹ,"Khéo tay, kiên nhẫn, tỉ mỉ","TP. Biên Hòa, Đồng Nai",0995571863,Sẵn sàng đi làm ngay
Nguyễn Minh Long,"Khuyết tật thần kinh, tâm thần (ổn định)","Nghe hiểu tốt, gõ phím nhanh, tập trung","TP. Thủ Đức, TP.HCM",0990658233,Sẵn sàng đi làm ngay
Trần Thu Trang,Khiếm thị,"Nghe hiểu tốt, gõ phím nhanh, tập trung","TP. Vinh, Nghệ An",0914173734,Có thể bắt đầu sau 2 tuần
Lý Đình Hùng,Khiếm thị,"Viết lách, nghiên cứu thông tin, SEO cơ bản",TP. Huế,0972848904,Có thể bắt đầu sau 2 tuần
Vũ Thu Hương,Khiếm thính,"May công nghiệp, tỉ mỉ, chịu được áp lực dây chuyền","Quận Đống Đa, Hà Nội",0917404767,Sẵn sàng đi làm ngay
Đỗ Quang Kiên,Khuyết tật vận động,"Nghe hiểu tốt, gõ phím nhanh, tập trung","TP. Thủ Dầu Một, Bình Dương",0952897398,Sẵn sàng đi làm ngay
Ngô Kim Anh,Đa khuyết tật nhẹ,"Photoshop, Illustrator, Canva, tư duy thẩm mỹ","TP. Vinh, Nghệ An",0989655735,Sẵn sàng đi làm ngay
Bùi Bích Hương,Khuyết tật trí tuệ nhẹ,"Cẩn thận, làm theo quy trình, sức khỏe ổn định","Quận Cầu Giấy, Hà Nội",0924207364,Có thể bắt đầu sau 2 tuần
Ngô Văn Long,Khiếm thính,"Tin học văn phòng, gõ phím nhanh, cẩn thận, tỉ mỉ","TP. Vinh, Nghệ An",0912907711,Có thể bắt đầu sau 2 tuần
Ngô Thị Hương,Khuyết tật ngôn ngữ,"Python, SQL, Git, tư duy logic",Làm việc từ xa (Remote toàn quốc),0949600291,Sẵn sàng đi làm ngay
Bùi Văn Long,"Khuyết tật thần kinh, tâm thần (ổn định)","Viết lách, nghiên cứu thông tin, SEO cơ bản","TP. Thủ Dầu Một, Bình Dương",0922720935,Có thể bắt đầu sau 2 tuần
Phan Thành Long,Khiếm thính,"Viết lách, nghiên cứu thông tin, SEO cơ bản",TP. Huế,0946698001,Sẵn sàng đi làm ngay
Hoàng Mỹ Hoa,Khuyết tật trí tuệ nhẹ,"May công nghiệp, tỉ mỉ, chịu được áp lực dây chuyền",TP. Cần Thơ,0944730338,Sẵn sàng đi làm ngay
Trần Thị Mai,Khuyết tật trí tuệ nhẹ,"Cẩn thận, làm theo quy trình, sức khỏe ổn định","Quận Bình Thạnh, TP.HCM",0972167758,Sẵn sàng đi làm ngay
Lê Văn Vinh,Khiếm thính,"Viết tin nhắn rõ ràng, kiên nhẫn, hiểu sản phẩm","Quận Hai Bà Trưng, Hà Nội",0948287696,Sẵn sàng đi làm ngay
Phạm Thành Kiên,Khiếm thị,"Xoa bóp bấm huyệt, cảm nhận cơ thể tốt","TP. Vinh, Nghệ An",0966793504,Có thể bắt đầu sau 2 tuần
Bùi Kim Vy,Khuyết tật ngôn ngữ,"Viết lách, nghiên cứu thông tin, SEO cơ bản",Làm việc từ xa (Remote toàn quốc),0918031842,Có thể bắt đầu sau 2 tuần
Hoàng Ngọc Mai,"Khuyết tật thần kinh, tâm thần (ổn định)","Tin học văn phòng, kỹ năng sư phạm, kiên nhẫn","Quận 3, TP.HCM",0923569523,Có thể bắt đầu sau 2 tuần
Phan Ngọc Trang,Khuyết tật trí tuệ nhẹ,"May công nghiệp, tỉ mỉ, chịu được áp lực dây chuyền",TP. Đà Nẵng,0972695253,Sẵn sàng đi làm ngay
Trần Bích Linh,Đa khuyết tật nhẹ,"Cẩn thận, làm theo quy trình, sức khỏe ổn định","Quận Tân Bình, TP.HCM",0917944059,Sẵn sàng đi làm ngay
Lê Minh Đức,Khuyết tật trí tuệ nhẹ,"Khéo tay, kiên nhẫn, tỉ mỉ","Quận Hai Bà Trưng, Hà Nội",0960862538,Có thể bắt đầu sau 2 tuần
Lê Hữu Tuấn,Khiếm thính,"MISA, Excel, nghiệp vụ kế toán","Quận Tân Bình, TP.HCM",0917632895,Sẵn sàng đi làm ngay
Hoàng Đình Đức,Khuyết tật vận động,"Viết tin nhắn rõ ràng, kiên nhẫn, hiểu sản phẩm","TP. Vinh, Nghệ An",0961181649,Có thể bắt đầu sau 2 tuần
Dương Diệu Anh,Khuyết tật trí tuệ nhẹ,"Khéo tay, kiên nhẫn, tỉ mỉ","Quận 1, TP.HCM",0954372878,Sẵn sàng đi làm ngay
Lý Ngọc Linh,Khiếm thị,"Viết lách, nghiên cứu thông tin, SEO cơ bản","Quận Bình Thạnh, TP.HCM",0926572154,Sẵn sàng đi làm ngay
Bùi Văn Kiên,Khuyết tật vận động,"Giao tiếp tốt, giọng nói rõ, xử lý tình huống","Quận Tân Bình, TP.HCM",0928456097,Sẵn sàng đi làm ngay
Phạm Bích Ngọc,Khiếm thính,"Cẩn thận, làm theo quy trình, sức khỏe ổn định","Quận Tân Bình, TP.HCM",0937367373,Sẵn sàng đi làm ngay
Lê Minh Long,Khiếm thính,"May công nghiệp, tỉ mỉ, chịu được áp lực dây chuyền","TP. Thủ Đức, TP.HCM",0932005020,Sẵn sàng đi làm ngay
Đỗ Diệu Linh,Khuyết tật trí tuệ nhẹ,"Cẩn thận, làm theo quy trình, sức khỏe ổn định","Quận Hai Bà Trưng, Hà Nội",0985234156,Sẵn sàng đi làm ngay
Trần Thành Sơn,Khiếm thị,"Viết lách, nghiên cứu thông tin, SEO cơ bản",TP. Huế,0951965869,Sẵn sàng đi làm ngay
Hoàng Mỹ Anh,Khuyết tật ngôn ngữ,"Viết lách, nghiên cứu thông tin, SEO cơ bản",TP. Cần Thơ,0921444897,Sẵn sàng đi làm ngay
Phạm Anh Khoa,Đa khuyết tật nhẹ,"Khéo tay, kiên nhẫn, tỉ mỉ","TP. Biên Hòa, Đồng Nai",0930699565,Sẵn sàng đi làm ngay
Võ Minh Hùng,Khiếm thị,"Viết lách, nghiên cứu thông tin, SEO cơ bản","Quận 3, TP.HCM",0934558142,Có thể bắt đầu sau 2 tuần
Võ Quang Đức,Khiếm thị,"Nghe hiểu tốt, gõ phím nhanh, tập trung","TP. Thủ Dầu Một, Bình Dương",0978608892,Sẵn sàng đi làm ngay
Võ Thu Hoa,Khiếm thị,"Viết lách, nghiên cứu thông tin, SEO cơ bản","Quận Cầu Giấy, Hà Nội",0976550163,Sẵn sàng đi làm ngay
Đặng Bích Thảo,Đa khuyết tật nhẹ,"Khéo tay, kiên nhẫn, tỉ mỉ","Quận Bình Thạnh, TP.HCM",0938429808,Sẵn sàng đi làm ngay
Huỳnh Xuân Tuấn,Đa khuyết tật nhẹ,"Khéo tay, kiên nhẫn, tỉ mỉ","TP. Thủ Đức, TP.HCM",0975586428,Sẵn sàng đi làm ngay
Hoàng Ngọc Hoa,Khuyết tật vận động,"Giao tiếp tốt, giọng nói rõ, xử lý tình huống","TP. Nha Trang, Khánh Hòa",0951086615,Sẵn sàng đi làm ngay
Phan Đình Phong,Đa khuyết tật nhẹ,"Photoshop, Illustrator, Canva, tư duy thẩm mỹ","Quận 3, TP.HCM",0949950093,Sẵn sàng đi làm ngay
Ngô Quang Tuấn,Khiếm thị,"Tin học văn phòng, kỹ năng sư phạm, kiên nhẫn","TP. Thủ Dầu Một, Bình Dương",0972094090,Sẵn sàng đi làm ngay
Lý Thu Vy,Đa khuyết tật nhẹ,"Cẩn thận, làm theo quy trình, sức khỏe ổn định","TP. Thủ Dầu Một, Bình Dương",0960981142,Sẵn sàng đi làm ngay
Nguyễn Thu Hoa,Khiếm thính,"Python, SQL, Git, tư duy logic","Quận Tân Bình, TP.HCM",0972785505,Sẵn sàng đi làm ngay
Đỗ Thành Hùng,Khuyết tật vận động,"Giao tiếp tốt, giọng nói rõ, xử lý tình huống","TP. Thủ Dầu Một, Bình Dương",0922425857,Có thể bắt đầu sau 2 tuần
Lê Bích Trang,Khiếm thính,"Chốt sale qua tin nhắn, quản lý đơn hàng, Excel cơ bản","Quận Hai Bà Trưng, Hà Nội",0972912509,Sẵn sàng đi làm ngay
Lê Hữu Vinh,Khuyết tật ngôn ngữ,"Photoshop, Illustrator, Canva, tư duy thẩm mỹ","TP. Nha Trang, Khánh Hòa",0974011670,Sẵn sàng đi làm ngay
Ngô Đình Đức,Khiếm thính,"Ngôn ngữ ký hiệu, biên tập video cơ bản","TP. Nha Trang, Khánh Hòa",0917880918,Sẵn sàng đi làm ngay
Bùi Kim Mai,Khiếm thị,"Viết lách, nghiên cứu thông tin, SEO cơ bản","Quận Hai Bà Trưng, Hà Nội",0944716309,Có thể bắt đầu sau 2 tuần
Lê Ngọc Yến,Khiếm thị,"Tin học văn phòng, kỹ năng sư phạm, kiên nhẫn","TP. Thủ Dầu Một, Bình Dương",0922187690,Có thể bắt đầu sau 2 tuần
Đỗ Minh Bảo,Khuyết tật trí tuệ nhẹ,"Khéo tay, kiên nhẫn, tỉ mỉ",TP. Huế,0957559274,Có thể bắt đầu sau 2 tuần
Lê Quang Vinh,Khuyết tật vận động,"Khéo tay, kiên nhẫn, tỉ mỉ","Quận Tân Bình, TP.HCM",0924655853,Sẵn sàng đi làm ngay
Vũ Kim Linh,Đa khuyết tật nhẹ,"Khéo tay, kiên nhẫn, tỉ mỉ","TP. Thủ Đức, TP.HCM",0927813746,Có thể bắt đầu sau 2 tuần
Lê Quang Phong,"Khuyết tật thần kinh, tâm thần (ổn định)","Giao tiếp tốt, giọng nói rõ, xử lý tình huống","Quận 1, TP.HCM",0999343440,Có thể bắt đầu sau 2 tuần
Vũ Minh Vinh,Khuyết tật trí tuệ nhẹ,"Cẩn thận, làm theo quy trình, sức khỏe ổn định","Quận Tân Bình, TP.HCM",0914080116,Có thể bắt đầu sau 2 tuần
Đỗ Thu Vy,Khuyết tật vận động,"Tin học văn phòng, gõ phím nhanh, cẩn thận, tỉ mỉ",TP. Đà Nẵng,0959201955,Sẵn sàng đi làm ngay
Võ Hữu Hùng,Khiếm thị,"Tin học văn phòng, kỹ năng sư phạm, kiên nhẫn","Quận Hai Bà Trưng, Hà Nội",0957005064,Sẵn sàng đi làm ngay
Nguyễn Minh Kiên,Khiếm thị,"Nghe hiểu tốt, gõ phím nhanh, tập trung","Quận Cầu Giấy, Hà Nội",0995420311,Sẵn sàng đi làm ngay
Vũ Mỹ Thảo,Khuyết tật vận động,"Python, SQL, Git, tư duy logic","TP. Thủ Đức, TP.HCM",0974628408,Có thể bắt đầu sau 2 tuần
Huỳnh Ngọc Linh,Khiếm thị,"Nghe hiểu tốt, gõ phím nhanh, tập trung","Quận Đống Đa, Hà Nội",0995731725,Có thể bắt đầu sau 2 tuần
Đỗ Quang Bảo,Khuyết tật trí tuệ nhẹ,"May công nghiệp, tỉ mỉ, chịu được áp lực dây chuyền","TP. Thủ Đức, TP.HCM",0966133962,Có thể bắt đầu sau 2 tuần
Dương Thị Hoa,Khuyết tật ngôn ngữ,"Photoshop, Illustrator, Canva, tư duy thẩm mỹ","Quận Bình Thạnh, TP.HCM",0911599809,Sẵn sàng đi làm ngay
Ngô Minh Hải,Khiếm thính,"Cẩn thận, làm theo quy trình, sức khỏe ổn định","TP. Vinh, Nghệ An",0994293030,Sẵn sàng đi làm ngay
Lý Diệu Yến,"Khuyết tật thần kinh, tâm thần (ổn định)","May công nghiệp, tỉ mỉ, chịu được áp lực dây chuyền","TP. Nha Trang, Khánh Hòa",0956072417,Sẵn sàng đi làm ngay
Lý Quang Sơn,Khuyết tật trí tuệ nhẹ,"Giao tiếp tốt, giọng nói rõ, xử lý tình huống","TP. Thủ Dầu Một, Bình Dương",0913536043,Sẵn sàng đi làm ngay
Trần Ngọc Hoa,Khiếm thính,"MISA, Excel, nghiệp vụ kế toán","Quận Đống Đa, Hà Nội",0999290446,Có thể bắt đầu sau 2 tuần
Đặng Quang Tuấn,Khuyết tật vận động,"Tin học văn phòng, gõ phím nhanh, cẩn thận, tỉ mỉ",Làm việc từ xa (Remote toàn quốc),0970302971,Có thể bắt đầu sau 2 tuần
Đặng Quang Long,Khiếm thị,"Xoa bóp bấm huyệt, cảm nhận cơ thể tốt","TP. Thủ Đức, TP.HCM",0921493731,Có thể bắt đầu sau 2 tuần
Lý Ngọc Vy,Khuyết tật ngôn ngữ,"Python, SQL, Git, tư duy logic","Quận 3, TP.HCM",0970917200,Sẵn sàng đi làm ngay
Võ Văn Hùng,Khuyết tật vận động,"Tin học văn phòng, kỹ năng sư phạm, kiên nhẫn","Quận 1, TP.HCM",0991536672,Sẵn sàng đi làm ngay
Võ Mỹ Lan,Khiếm thị,"Nghe hiểu tốt, gõ phím nhanh, tập trung","Quận 1, TP.HCM",0931021461,Có thể bắt đầu sau 2 tuần
Huỳnh Anh Bảo,Khiếm thính,"MISA, Excel, nghiệp vụ kế toán",TP. Đà Nẵng,0965502621,Có thể bắt đầu sau 2 tuần
Trần Diệu Ngọc,Khiếm thị,"Nghe hiểu tốt, gõ phím nhanh, tập trung","Quận Đống Đa, Hà Nội",0993730015,Sẵn sàng đi làm ngay
Vũ Văn Hải,Khuyết tật trí tuệ nhẹ,"Khéo tay, kiên nhẫn, tỉ mỉ","Quận Tân Bình, TP.HCM",0932461327,Sẵn sàng đi làm ngay
Ngô Văn Bảo,Đa khuyết tật nhẹ,"Cẩn thận, làm theo quy trình, sức khỏe ổn định","Quận 3, TP.HCM",0947984879,Có thể bắt đầu sau 2 tuần
Lê Bích Trang,Khuyết tật trí tuệ nhẹ,"Khéo tay, kiên nhẫn, tỉ mỉ","Quận 1, TP.HCM",0926342891,Có thể bắt đầu sau 2 tuần
Võ Mỹ Thảo,Khiếm thính,"Tin học văn phòng, gõ phím nhanh, cẩn thận, tỉ mỉ","TP. Vinh, Nghệ An",0997191317,Sẵn sàng đi làm ngay
Huỳnh Anh Hùng,"Khuyết tật thần kinh, tâm thần (ổn định)","Tin học văn phòng, kỹ năng sư phạm, kiên nhẫn",Làm việc từ xa (Remote toàn quốc),0988879891,Sẵn sàng đi làm ngay
Huỳnh Xuân Nam,Đa khuyết tật nhẹ,"Photoshop, Illustrator, Canva, tư duy thẩm mỹ",TP. Cần Thơ,0943300444,Sẵn sàng đi làm ngay
Lê Thành Đức,Khuyết tật ngôn ngữ,"Python, SQL, Git, tư duy logic","TP. Nha Trang, Khánh Hòa",0924010182,Sẵn sàng đi làm ngay
Nguyễn Quang Kiên,Khiếm thính,"Viết lách, nghiên cứu thông tin, SEO cơ bản","TP. Thủ Đức, TP.HCM",0984281776,Sẵn sàng đi làm ngay
Bùi Thu Yến,"Khuyết tật thần kinh, tâm thần (ổn định)","Xoa bóp bấm huyệt, cảm nhận cơ thể tốt","Quận 3, TP.HCM",0929627540,Sẵn sàng đi làm ngay
Lý Quang Bảo,Khuyết tật trí tuệ nhẹ,"Khéo tay, kiên nhẫn, tỉ mỉ","Quận Đống Đa, Hà Nội",0948458120,Sẵn sàng đi làm ngay
Vũ Văn Tuấn,Đa khuyết tật nhẹ,"Cẩn thận, làm theo quy trình, sức khỏe ổn định","TP. Nha Trang, Khánh Hòa",0984613348,Có thể bắt đầu sau 2 tuần
Đặng Diệu Anh,Khuyết tật ngôn ngữ,"MISA, Excel, nghiệp vụ kế toán",TP. Huế,0958305245,Sẵn sàng đi làm ngay
Ngô Thành Kiên,Khuyết tật trí tuệ nhẹ,"Khéo tay, kiên nhẫn, tỉ mỉ","Quận Bình Thạnh, TP.HCM",0968620174,Sẵn sàng đi làm ngay
Trần Kim Linh,Khiếm thị,"Tin học văn phòng, kỹ năng sư phạm, kiên nhẫn",TP. Cần Thơ,0997660116,Sẵn sàng đi làm ngay
Phạm Văn Sơn,Khuyết tật ngôn ngữ,"Viết lách, nghiên cứu thông tin, SEO cơ bản","TP. Biên Hòa, Đồng Nai",0931489284,Sẵn sàng đi làm ngay
Đỗ Đình Long,Khiếm thị,"Xoa bóp bấm huyệt, cảm nhận cơ thể tốt",TP. Huế,0943131349,Có thể bắt đầu sau 2 tuần
Vũ Văn Tuấn,Khuyết tật trí tuệ nhẹ,"Giao tiếp tốt, giọng nói rõ, xử lý tình huống",TP. Đà Nẵng,0994324458,Sẵn sàng đi làm ngay
Ngô Mỹ Nga,Khuyết tật trí tuệ nhẹ,"Khéo tay, kiên nhẫn, tỉ mỉ","Quận Bình Thạnh, TP.HCM",0962870006,Có thể bắt đầu sau 2 tuần
Ngô Quang Kiên,Khiếm thị,"Tin học văn phòng, kỹ năng sư phạm, kiên nhẫn","TP. Thủ Đức, TP.HCM",0931345375,Sẵn sàng đi làm ngay
Trần Thành Tuấn,Khiếm thị,"Viết lách, nghiên cứu thông tin, SEO cơ bản",Làm việc từ xa (Remote toàn quốc),0934775420,Có thể bắt đầu sau 2 tuần
Nguyễn Thu Thảo,Khiếm thị,"Nghe hiểu tốt, gõ phím nhanh, tập trung","Quận 1, TP.HCM",0998547693,Sẵn sàng đi làm ngay
Huỳnh Minh Nam,Khuyết tật ngôn ngữ,"Python, SQL, Git, tư duy logic","Quận Tân Bình, TP.HCM",0955690294,Có thể bắt đầu sau 2 tuần
Đặng Bích Hoa,Khuyết tật trí tuệ nhẹ,"Giao tiếp tốt, giọng nói rõ, xử lý tình huống","Quận 1, TP.HCM",0954780993,Có thể bắt đầu sau 2 tuần
Phan Thị Anh,Đa khuyết tật nhẹ,"Cẩn thận, làm theo quy trình, sức khỏe ổn định","Quận Đống Đa, Hà Nội",0937587025,Sẵn sàng đi làm ngay
Dương Thu Vy,Khuyết tật vận động,"Photoshop, Illustrator, Canva, tư duy thẩm mỹ","Quận Hai Bà Trưng, Hà Nội",0935373612,Sẵn sàng đi làm ngay
Đỗ Thu Ngọc,Khuyết tật ngôn ngữ,"Python, SQL, Git, tư duy logic",TP. Huế,0990807597,Có thể bắt đầu sau 2 tuần
Đỗ Văn Phong,Khuyết tật trí tuệ nhẹ,"Cẩn thận, làm theo quy trình, sức khỏe ổn định","Quận 1, TP.HCM",0915902440,Sẵn sàng đi làm ngay
Dương Quang Hải,Khuyết tật vận động,"Viết lách, nghiên cứu thông tin, SEO cơ bản","Quận Tân Bình, TP.HCM",0969745642,Sẵn sàng đi làm ngay
Đỗ Mỹ Trang,Khiếm thính,"Viết lách, nghiên cứu thông tin, SEO cơ bản","Quận Bình Thạnh, TP.HCM",0948079144,Sẵn sàng đi làm ngay
Bùi Diệu Yến,Khuyết tật ngôn ngữ,"Viết tin nhắn rõ ràng, kiên nhẫn, hiểu sản phẩm","Quận Bình Thạnh, TP.HCM",0941992349,Sẵn sàng đi làm ngay
Lê Thu Thảo,"Khuyết tật thần kinh, tâm thần (ổn định)","Viết lách, nghiên cứu thông tin, SEO cơ bản",TP. Huế,0975738870,Có thể bắt đầu sau 2 tuần
Hoàng Diệu Mai,Đa khuyết tật nhẹ,"Photoshop, Illustrator, Canva, tư duy thẩm mỹ","TP. Biên Hòa, Đồng Nai",0968670156,Sẵn sàng đi làm ngay
Ngô Mỹ Trang,Khuyết tật ngôn ngữ,"Photoshop, Illustrator, Canva, tư duy thẩm mỹ",TP. Cần Thơ,0919001794,Sẵn sàng đi làm ngay
Bùi Hữu Vinh,Khuyết tật trí tuệ nhẹ,"Khéo tay, kiên nhẫn, tỉ mỉ","Quận Hai Bà Trưng, Hà Nội",0991116100,Sẵn sàng đi làm ngay
Phạm Bích Ngọc,Khuyết tật trí tuệ nhẹ,"May công nghiệp, tỉ mỉ, chịu được áp lực dây chuyền",TP. Huế,0933088830,Sẵn sàng đi làm ngay
Đỗ Đình Sơn,Khiếm thị,"Nghe hiểu tốt, gõ phím nhanh, tập trung","Quận Đống Đa, Hà Nội",0952150172,Sẵn sàng đi làm ngay
Đỗ Ngọc Hương,Khiếm thính,"Tin học văn phòng, gõ phím nhanh, cẩn thận, tỉ mỉ","TP. Vinh, Nghệ An",0998827591,Sẵn sàng đi làm ngay
Lý Mỹ Thảo,Khuyết tật vận động,"Giao tiếp tốt, giọng nói rõ, xử lý tình huống",TP. Đà Nẵng,0974824154,Sẵn sàng đi làm ngay
Trần Mỹ Vy,Đa khuyết tật nhẹ,"Cẩn thận, làm theo quy trình, sức khỏe ổn định",TP. Đà Nẵng,0960985357,Sẵn sàng đi làm ngay
Võ Ngọc Ngọc,Khuyết tật vận động,"Nghe hiểu tốt, gõ phím nhanh, tập trung",TP. Huế,0921343943,Có thể bắt đầu sau 2 tuần
Vũ Mỹ Vy,Khuyết tật trí tuệ nhẹ,"Khéo tay, kiên nhẫn, tỉ mỉ","TP. Thủ Dầu Một, Bình Dương",0970414021,Có thể bắt đầu sau 2 tuần
Đỗ Thành Long,Khuyết tật trí tuệ nhẹ,"Khéo tay, kiên nhẫn, tỉ mỉ",Làm việc từ xa (Remote toàn quốc),0974512815,Có thể bắt đầu sau 2 tuần
Lê Anh Kiên,Khiếm thính,"MISA, Excel, nghiệp vụ kế toán","TP. Thủ Dầu Một, Bình Dương",0928747306,Sẵn sàng đi làm ngay
Lý Xuân Đức,Khuyết tật vận động,"Nghe hiểu tốt, gõ phím nhanh, tập trung","TP. Biên Hòa, Đồng Nai",0918324593,Sẵn sàng đi làm ngay
Võ Xuân Nam,Khuyết tật ngôn ngữ,"Viết lách, nghiên cứu thông tin, SEO cơ bản",Làm việc từ xa (Remote toàn quốc),0972816536,Sẵn sàng đi làm ngay
Lê Hữu Kiên,"Khuyết tật thần kinh, tâm thần (ổn định)","Giao tiếp tốt, giọng nói rõ, xử lý tình huống","TP. Thủ Đức, TP.HCM",0984358037,Sẵn sàng đi làm ngay
Đặng Mỹ Vy,Khiếm thính,"Khéo tay, kiên nhẫn, tỉ mỉ","Quận Cầu Giấy, Hà Nội",0941159925,Sẵn sàng đi làm ngay
Nguyễn Xuân Nam,Khuyết tật trí tuệ nhẹ,"Khéo tay, kiên nhẫn, tỉ mỉ","Quận 3, TP.HCM",0950975321,Sẵn sàng đi làm ngay
Phạm Hữu Long,Khuyết tật trí tuệ nhẹ,"May công nghiệp, tỉ mỉ, chịu được áp lực dây chuyền","Quận 3, TP.HCM",0943174825,Sẵn sàng đi làm ngay
Đặng Ngọc Linh,Khiếm thính,"MISA, Excel, nghiệp vụ kế toán","Quận Đống Đa, Hà Nội",0912659953,Có thể bắt đầu sau 2 tuần
Bùi Anh Long,Khiếm thính,"Photoshop, Illustrator, Canva, tư duy thẩm mỹ",TP. Đà Nẵng,0977346090,Sẵn sàng đi làm ngay
Huỳnh Minh Đức,Khuyết tật vận động,"MISA, Excel, nghiệp vụ kế toán",Làm việc từ xa (Remote toàn quốc),0930599697,Sẵn sàng đi làm ngay
